ordinary	0x0p+0	finite	0x1.aa4850a1f07b4p+3	0x1p+0
ordinary	0x1.999999999999ap-5	finite	0x1.aa4850a1f07b7p+3	0x1p+0
ordinary	-0x1.999999999999ap-5	finite	0x1.aa4850a1f07b1p+3	0x1p+0
reverse	0x0p+0	finite	0x1.dbda9d04e3bc8p+2	0x1p+0
reverse	0x1.999999999999ap-5	finite	0x1.dbda9d04e3bcbp+2	0x1p+0
reverse	-0x1.999999999999ap-5	finite	0x1.dbda9d04e3bcbp+2	0x1p+0
equal-assets	0x0p+0	finite	0x1.67e19eece44p+3	0x1p+0
equal-assets	0x1.999999999999ap-5	finite	0x1.67e19eece43ffp+3	0x1p+0
equal-assets	-0x1.999999999999ap-5	finite	0x1.67e19eece43fep+3	0x1p+0
correlation-3	0x0p+0	finite	0x1.fb431ba24906p+3	0x1p+0
correlation-3	0x1.999999999999ap-5	finite	0x1.fb431ba24905dp+3	0x1p+0
correlation-3	-0x1.999999999999ap-5	finite	0x1.fb431ba24905ep+3	0x1p+0
correlation-4	0x0p+0	finite	0x1.fb431ba249064p+3	0x1p+0
correlation-4	0x1.999999999999ap-5	finite	0x1.fb431ba249061p+3	0x1p+0
correlation-4	-0x1.999999999999ap-5	finite	0x1.fb431ba249063p+3	0x1p+0
correlation-5	0x0p+0	finite	0x1.fb431ba24906p+3	0x1p+0
correlation-5	0x1.999999999999ap-5	finite	0x1.fb431ba24905dp+3	0x1p+0
correlation-5	-0x1.999999999999ap-5	finite	0x1.fb431ba24905ep+3	0x1p+0
correlation-6	0x0p+0	finite	0x1.fdcbdb70c331p+2	0x1p+0
correlation-6	0x1.999999999999ap-5	finite	0x1.fdcbdb70c330dp+2	0x1p+0
correlation-6	-0x1.999999999999ap-5	finite	0x1.fdcbdb70c3309p+2	0x1p+0
correlation-7	0x0p+0	finite	0x1.3bdc38d4f4be4p+4	0x1p+0
correlation-7	0x1.999999999999ap-5	finite	0x1.3bdc38d4f4be3p+4	0x1p+0
correlation-7	-0x1.999999999999ap-5	finite	0x1.3bdc38d4f4be2p+4	0x1p+0
correlation-8	0x0p+0	finite	0x1.fb431ba24906p+3	0x1p+0
correlation-8	0x1.999999999999ap-5	finite	0x1.fb431ba24905dp+3	0x1p+0
correlation-8	-0x1.999999999999ap-5	finite	0x1.fb431ba24905ep+3	0x1p+0
correlation-9	0x0p+0	finite	0x1.fb431ba24906p+3	0x1p+0
correlation-9	0x1.999999999999ap-5	finite	0x1.fb431ba24905dp+3	0x1p+0
correlation-9	-0x1.999999999999ap-5	finite	0x1.fb431ba24905ep+3	0x1p+0
correlation-10	0x0p+0	finite	0x1.fb431ba24906p+3	0x1p+0
correlation-10	0x1.999999999999ap-5	finite	0x1.fb431ba24905dp+3	0x1p+0
correlation-10	-0x1.999999999999ap-5	finite	0x1.fb431ba24905ep+3	0x1p+0
correlation-11	0x0p+0	finite	0x1.fdcbdb70c331p+2	0x1p+0
correlation-11	0x1.999999999999ap-5	finite	0x1.fdcbdb70c330dp+2	0x1p+0
correlation-11	-0x1.999999999999ap-5	finite	0x1.fdcbdb70c3309p+2	0x1p+0
correlation-12	0x0p+0	finite	0x1.3bdc38d4f4be4p+4	0x1p+0
correlation-12	0x1.999999999999ap-5	finite	0x1.3bdc38d4f4be3p+4	0x1p+0
correlation-12	-0x1.999999999999ap-5	finite	0x1.3bdc38d4f4be2p+4	0x1p+0
correlation-13	0x0p+0	finite	0x1.67e19eece44p+3	0x1p+0
correlation-13	0x1.999999999999ap-5	finite	0x1.67e19eece43ffp+3	0x1p+0
correlation-13	-0x1.999999999999ap-5	finite	0x1.67e19eece43fep+3	0x1p+0
correlation-14	0x0p+0	finite	0x1.67e19eece44p+3	0x1p+0
correlation-14	0x1.999999999999ap-5	finite	0x1.67e19eece43fbp+3	0x1p+0
correlation-14	-0x1.999999999999ap-5	finite	0x1.67e19eece43f9p+3	0x1p+0
correlation-15	0x0p+0	finite	0x1.67e19eece44p+3	0x1p+0
correlation-15	0x1.999999999999ap-5	finite	0x1.67e19eece43ffp+3	0x1p+0
correlation-15	-0x1.999999999999ap-5	finite	0x1.67e19eece43fep+3	0x1p+0
correlation-16	0x0p+0	finite	0x1.fdcbdb70c331p+2	0x1p+0
correlation-16	0x1.999999999999ap-5	finite	0x1.fdcbdb70c330dp+2	0x1p+0
correlation-16	-0x1.999999999999ap-5	finite	0x1.fdcbdb70c3309p+2	0x1p+0
correlation-17	0x0p+0	finite	0x1.c9cf1e9626438p+3	0x1p+0
correlation-17	0x1.999999999999ap-5	finite	0x1.c9cf1e9626438p+3	0x1p+0
correlation-17	-0x1.999999999999ap-5	finite	0x1.c9cf1e962643cp+3	0x1p+0
correlation-18	0x0p+0	finite	0x1.3f2762p-23	0x1p+0
correlation-18	0x1.999999999999ap-5	finite	0x1.3f276258b6cc3p-23	0x1p+0
correlation-18	-0x1.999999999999ap-5	finite	0x1.3f27629b043a4p-23	0x1p+0
correlation-19	0x0p+0	finite	0x1.3f2762p-23	0x1p+0
correlation-19	0x1.999999999999ap-5	finite	0x1.3f276258b6cc3p-23	0x1p+0
correlation-19	-0x1.999999999999ap-5	finite	0x1.3f27629b043a4p-23	0x1p+0
correlation-20	0x0p+0	nonfinite	nan	0x1p+0
correlation-20	0x1.999999999999ap-5	nonfinite	nan	0x1p+0
correlation-20	-0x1.999999999999ap-5	nonfinite	nan	0x1p+0
correlation-21	0x0p+0	finite	0x1.fdcbdb70c331p+2	0x1p+0
correlation-21	0x1.999999999999ap-5	finite	0x1.fdcbdb70c330dp+2	0x1p+0
correlation-21	-0x1.999999999999ap-5	finite	0x1.fdcbdb70c3309p+2	0x1p+0
correlation-22	0x0p+0	finite	0x1.fe6ef53bb5dap+1	0x1p+0
correlation-22	0x1.999999999999ap-5	finite	0x1.fe6ef53bb5dbap+1	0x1p+0
correlation-22	-0x1.999999999999ap-5	finite	0x1.fe6ef53bb5dbp+1	0x1p+0
correlation-23	0x0p+0	nonfinite	nan	0x1p+0
correlation-23	0x1.999999999999ap-5	nonfinite	nan	0x1p+0
correlation-23	-0x1.999999999999ap-5	nonfinite	nan	0x1p+0
correlation-24	0x0p+0	nonfinite	nan	0x1p+0
correlation-24	0x1.999999999999ap-5	nonfinite	nan	0x1p+0
correlation-24	-0x1.999999999999ap-5	nonfinite	nan	0x1p+0
correlation-25	0x0p+0	nonfinite	nan	0x1p+0
correlation-25	0x1.999999999999ap-5	nonfinite	nan	0x1p+0
correlation-25	-0x1.999999999999ap-5	nonfinite	nan	0x1p+0
correlation-26	0x0p+0	finite	0x1.fdcbdb70c331p+2	0x1p+0
correlation-26	0x1.999999999999ap-5	finite	0x1.fdcbdb70c330dp+2	0x1p+0
correlation-26	-0x1.999999999999ap-5	finite	0x1.fdcbdb70c3309p+2	0x1p+0
correlation-27	0x0p+0	finite	0x1.fe6ef53bb5dap+1	0x1p+0
correlation-27	0x1.999999999999ap-5	finite	0x1.fe6ef53bb5dbap+1	0x1p+0
correlation-27	-0x1.999999999999ap-5	finite	0x1.fe6ef53bb5dbp+1	0x1p+0
expiry-28	0x0p+0	finite	0x0p+0	0x0p+0
expiry-28	0x1.999999999999ap-5	finite	0x0p+0	0x0p+0
expiry-28	-0x1.999999999999ap-5	finite	0x0p+0	0x0p+0
expiry-29	0x0p+0	finite	0x0p+0	0x0p+0
expiry-29	0x1.999999999999ap-5	finite	0x0p+0	0x0p+0
expiry-29	-0x1.999999999999ap-5	finite	0x0p+0	0x0p+0
expiry-30	0x0p+0	finite	0x0p+0	0x0p+0
expiry-30	0x1.999999999999ap-5	finite	0x0p+0	0x0p+0
expiry-30	-0x1.999999999999ap-5	finite	0x0p+0	0x0p+0
expiry-31	0x0p+0	finite	0x0p+0	0x0p+0
expiry-31	0x1.999999999999ap-5	finite	0x0p+0	0x0p+0
expiry-31	-0x1.999999999999ap-5	finite	0x0p+0	0x0p+0
expiry-32	0x0p+0	finite	0x0p+0	0x0p+0
expiry-32	0x1.999999999999ap-5	finite	0x0p+0	0x0p+0
expiry-32	-0x1.999999999999ap-5	finite	0x0p+0	0x0p+0
expiry-33	0x0p+0	finite	0x0p+0	0x0p+0
expiry-33	0x1.999999999999ap-5	finite	0x0p+0	0x0p+0
expiry-33	-0x1.999999999999ap-5	finite	0x0p+0	0x0p+0
zero-receive	0x0p+0	finite	0x0p+0	0x1p+0
zero-receive	0x1.999999999999ap-5	finite	0x0p+0	0x1p+0
zero-receive	-0x1.999999999999ap-5	finite	0x0p+0	0x1p+0
zero-deliver	0x0p+0	finite	0x1.8c051a5ca12a6p+6	0x1p+0
zero-deliver	0x1.999999999999ap-5	finite	0x1.8c051a5ca12a6p+6	0x1p+0
zero-deliver	-0x1.999999999999ap-5	finite	0x1.8c051a5ca12a6p+6	0x1p+0
zero-variance	0x0p+0	finite	0x1.78b6043efd3ap+2	0x1p+0
zero-variance	0x1.999999999999ap-5	finite	0x1.78b6043efd3a2p+2	0x1p+0
zero-variance	-0x1.999999999999ap-5	finite	0x1.78b6043efd39fp+2	0x1p+0
zero-variance-atm	0x0p+0	nonfinite	nan	0x1p+0
zero-variance-atm	0x1.999999999999ap-5	nonfinite	nan	0x1p+0
zero-variance-atm	-0x1.999999999999ap-5	nonfinite	nan	0x1p+0
currency--1000	0x0p+0	finite	0x1.10d21f1ff6118p-1003	0x1p+0
currency--1000	0x1.999999999999ap-5	finite	0x1.10d21f1ff6118p-1003	0x1p+0
currency--1000	-0x1.999999999999ap-5	finite	0x1.10d21f1ff611ap-1003	0x1p+0
currency--500	0x0p+0	finite	0x1.10d21f1ff6118p-503	0x1p+0
currency--500	0x1.999999999999ap-5	finite	0x1.10d21f1ff6118p-503	0x1p+0
currency--500	-0x1.999999999999ap-5	finite	0x1.10d21f1ff611ap-503	0x1p+0
currency-500	0x0p+0	finite	0x1.10d21f1ff6118p+497	0x1p+0
currency-500	0x1.999999999999ap-5	finite	0x1.10d21f1ff6118p+497	0x1p+0
currency-500	-0x1.999999999999ap-5	finite	0x1.10d21f1ff611ap+497	0x1p+0
currency-1000	0x0p+0	finite	0x1.10d21f1ff6118p+997	0x1p+0
currency-1000	0x1.999999999999ap-5	finite	0x1.10d21f1ff6118p+997	0x1p+0
currency-1000	-0x1.999999999999ap-5	finite	0x1.10d21f1ff611ap+997	0x1p+0
time-42	0x0p+0	excluded	input-or-date-mapping
time-42	0x1.999999999999ap-5	excluded	input-or-date-mapping
time-42	-0x1.999999999999ap-5	excluded	input-or-date-mapping
time-43	0x0p+0	excluded	input-or-date-mapping
time-43	0x1.999999999999ap-5	excluded	input-or-date-mapping
time-43	-0x1.999999999999ap-5	excluded	input-or-date-mapping
time-44	0x0p+0	finite	0x1.dcf853712b91p+2	0x1p-1
time-44	0x1.999999999999ap-5	finite	0x1.dcf853712b90fp+2	0x1p-1
time-44	-0x1.999999999999ap-5	finite	0x1.dcf853712b909p+2	0x1p-1
time-45	0x0p+0	finite	0x1.dae4d5fcf2998p+3	0x1p+1
time-45	0x1.999999999999ap-5	finite	0x1.dae4d5fcf299dp+3	0x1p+1
time-45	-0x1.999999999999ap-5	finite	0x1.dae4d5fcf2997p+3	0x1p+1
volatility-46	0x0p+0	nonfinite	nan	0x1p+0
volatility-46	0x1.999999999999ap-5	nonfinite	nan	0x1p+0
volatility-46	-0x1.999999999999ap-5	nonfinite	nan	0x1p+0
volatility-47	0x0p+0	finite	0x0p+0	0x1p+0
volatility-47	0x1.999999999999ap-5	finite	0x0p+0	0x1p+0
volatility-47	-0x1.999999999999ap-5	finite	0x0p+0	0x1p+0
volatility-48	0x0p+0	finite	0x0p+0	0x1p+0
volatility-48	0x1.999999999999ap-5	finite	0x0p+0	0x1p+0
volatility-48	-0x1.999999999999ap-5	finite	0x0p+0	0x1p+0
volatility-49	0x0p+0	finite	0x1.8ffffffffffffp+6	0x1p+0
volatility-49	0x1.999999999999ap-5	finite	0x1.8ffffffffffffp+6	0x1p+0
volatility-49	-0x1.999999999999ap-5	finite	0x1.8ffffffffffffp+6	0x1p+0
negative-yield	0x0p+0	finite	0x1.2ba2666d7f31cp+3	0x1p+0
negative-yield	0x1.999999999999ap-5	finite	0x1.2ba2666d7f31cp+3	0x1p+0
negative-yield	-0x1.999999999999ap-5	finite	0x1.2ba2666d7f31dp+3	0x1p+0
discount-overflow	0x0p+0	nonfinite	nan	0x1p+0
discount-overflow	0x1.999999999999ap-5	nonfinite	nan	0x1p+0
discount-overflow	-0x1.999999999999ap-5	nonfinite	nan	0x1p+0
carry-cancellation	0x0p+0	nonfinite	nan	0x1p+0
carry-cancellation	0x1.999999999999ap-5	nonfinite	nan	0x1p+0
carry-cancellation	-0x1.999999999999ap-5	nonfinite	nan	0x1p+0
deep-otm	0x0p+0	finite	0x1.fc3e969f1a08p-499	0x1p+0
deep-otm	0x1.999999999999ap-5	finite	0x1.fc3e969f1a0b8p-499	0x1p+0
deep-otm	-0x1.999999999999ap-5	finite	0x1.fc3e969f1a07fp-499	0x1p+0
deep-itm	0x0p+0	finite	0x1.ee88e9cd5abd4p+9	0x1p+0
deep-itm	0x1.999999999999ap-5	finite	0x1.ee88e9cd5abd2p+9	0x1p+0
deep-itm	-0x1.999999999999ap-5	finite	0x1.ee88e9cd5abd4p+9	0x1p+0
exact-only	0x0p+0	finite	0x1.aa4850a1f07b4p+3	0x1p+0
exact-only	0x1.999999999999ap-5	finite	0x1.aa4850a1f07b7p+3	0x1p+0
exact-only	-0x1.999999999999ap-5	finite	0x1.aa4850a1f07b1p+3	0x1p+0
demanding-limit	0x0p+0	finite	0x1.aa4850a1f07b4p+3	0x1p+0
demanding-limit	0x1.999999999999ap-5	finite	0x1.aa4850a1f07b7p+3	0x1p+0
demanding-limit	-0x1.999999999999ap-5	finite	0x1.aa4850a1f07b1p+3	0x1p+0
invalid-57	0x0p+0	excluded	input-or-date-mapping
invalid-57	0x1.999999999999ap-5	excluded	input-or-date-mapping
invalid-57	-0x1.999999999999ap-5	excluded	input-or-date-mapping
invalid-58	0x0p+0	excluded	input-or-date-mapping
invalid-58	0x1.999999999999ap-5	excluded	input-or-date-mapping
invalid-58	-0x1.999999999999ap-5	excluded	input-or-date-mapping
invalid-59	0x0p+0	excluded	input-or-date-mapping
invalid-59	0x1.999999999999ap-5	excluded	input-or-date-mapping
invalid-59	-0x1.999999999999ap-5	excluded	input-or-date-mapping
invalid-60	0x0p+0	excluded	input-or-date-mapping
invalid-60	0x1.999999999999ap-5	excluded	input-or-date-mapping
invalid-60	-0x1.999999999999ap-5	excluded	input-or-date-mapping
invalid-61	0x0p+0	excluded	input-or-date-mapping
invalid-61	0x1.999999999999ap-5	excluded	input-or-date-mapping
invalid-61	-0x1.999999999999ap-5	excluded	input-or-date-mapping
invalid-62	0x0p+0	excluded	input-or-date-mapping
invalid-62	0x1.999999999999ap-5	excluded	input-or-date-mapping
invalid-62	-0x1.999999999999ap-5	excluded	input-or-date-mapping
invalid-63	0x0p+0	excluded	input-or-date-mapping
invalid-63	0x1.999999999999ap-5	excluded	input-or-date-mapping
invalid-63	-0x1.999999999999ap-5	excluded	input-or-date-mapping
invalid-64	0x0p+0	finite	0x1.aa4850a1f07b4p+3	0x1p+0
invalid-64	0x1.999999999999ap-5	finite	0x1.aa4850a1f07b7p+3	0x1p+0
invalid-64	-0x1.999999999999ap-5	finite	0x1.aa4850a1f07b1p+3	0x1p+0
invalid-65	0x0p+0	finite	0x1.aa4850a1f07b4p+3	0x1p+0
invalid-65	0x1.999999999999ap-5	finite	0x1.aa4850a1f07b7p+3	0x1p+0
invalid-65	-0x1.999999999999ap-5	finite	0x1.aa4850a1f07b1p+3	0x1p+0
grid-0066	0x0p+0	finite	0x1.df625766875p-350	0x1p-1
grid-0066	0x1.999999999999ap-5	finite	0x1.df62576687507p-350	0x1p-1
grid-0066	-0x1.999999999999ap-5	finite	0x1.df62576687523p-350	0x1p-1
grid-0066-reverse	0x0p+0	finite	0x1.8bfffffffffffp+6	0x1p-1
grid-0066-reverse	0x1.999999999999ap-5	finite	0x1.8bfffffffffffp+6	0x1p-1
grid-0066-reverse	-0x1.999999999999ap-5	finite	0x1.8bfffffffffffp+6	0x1p-1
grid-0068	0x0p+0	finite	0x1.c49224ad0516p-92	0x1p+1
grid-0068	0x1.999999999999ap-5	finite	0x1.c49224ad0515ap-92	0x1p+1
grid-0068	-0x1.999999999999ap-5	finite	0x1.c49224ad05175p-92	0x1p+1
grid-0068-reverse	0x0p+0	finite	0x1.8bfffffffffffp+6	0x1p+1
grid-0068-reverse	0x1.999999999999ap-5	finite	0x1.8bfffffffffffp+6	0x1p+1
grid-0068-reverse	-0x1.999999999999ap-5	finite	0x1.8bfffffffffffp+6	0x1p+1
grid-0070	0x0p+0	finite	0x1.d3333e3a8cc4p-200	0x1p-1
grid-0070	0x1.999999999999ap-5	finite	0x1.d3333e3a8cc58p-200	0x1p-1
grid-0070	-0x1.999999999999ap-5	finite	0x1.d3333e3a8cc5cp-200	0x1p-1
grid-0070-reverse	0x0p+0	finite	0x1.8bfffffffffffp+6	0x1p-1
grid-0070-reverse	0x1.999999999999ap-5	finite	0x1.8bfffffffffffp+6	0x1p-1
grid-0070-reverse	-0x1.999999999999ap-5	finite	0x1.8bfffffffffffp+6	0x1p-1
grid-0072	0x0p+0	finite	0x1.25e8115d5a8dp-53	0x1p+1
grid-0072	0x1.999999999999ap-5	finite	0x1.25e8115d5a8d7p-53	0x1p+1
grid-0072	-0x1.999999999999ap-5	finite	0x1.25e8115d5a8cfp-53	0x1p+1
grid-0072-reverse	0x0p+0	finite	0x1.8cp+6	0x1p+1
grid-0072-reverse	0x1.999999999999ap-5	finite	0x1.8cp+6	0x1p+1
grid-0072-reverse	-0x1.999999999999ap-5	finite	0x1.8cp+6	0x1p+1
grid-0074	0x0p+0	finite	0x1.93f2cb38ac2ep-130	0x1p-1
grid-0074	0x1.999999999999ap-5	finite	0x1.93f2cb38ac2e2p-130	0x1p-1
grid-0074	-0x1.999999999999ap-5	finite	0x1.93f2cb38ac2fap-130	0x1p-1
grid-0074-reverse	0x0p+0	finite	0x1.8bfffffffffffp+6	0x1p-1
grid-0074-reverse	0x1.999999999999ap-5	finite	0x1.8bfffffffffffp+6	0x1p-1
grid-0074-reverse	-0x1.999999999999ap-5	finite	0x1.8bfffffffffffp+6	0x1p-1
grid-0076	0x0p+0	finite	0x1.3de46f1daf3c8p-35	0x1p+1
grid-0076	0x1.999999999999ap-5	finite	0x1.3de46f1daf3c5p-35	0x1p+1
grid-0076	-0x1.999999999999ap-5	finite	0x1.3de46f1daf3c9p-35	0x1p+1
grid-0076-reverse	0x0p+0	finite	0x1.8c000000009efp+6	0x1p+1
grid-0076-reverse	0x1.999999999999ap-5	finite	0x1.8c000000009efp+6	0x1p+1
grid-0076-reverse	-0x1.999999999999ap-5	finite	0x1.8c000000009efp+6	0x1p+1
grid-0078	0x0p+0	finite	0x1.8d9719fcb678p-349	0x1p-1
grid-0078	0x1.999999999999ap-5	finite	0x1.8d9719fcb677ep-349	0x1p-1
grid-0078	-0x1.999999999999ap-5	finite	0x1.8d9719fcb6771p-349	0x1p-1
grid-0078-reverse	0x0p+0	finite	0x1.880a35cf7c3p+6	0x1p-1
grid-0078-reverse	0x1.999999999999ap-5	finite	0x1.880a35cf7c3p+6	0x1p-1
grid-0078-reverse	-0x1.999999999999ap-5	finite	0x1.880a35cf7c2ffp+6	0x1p-1
grid-0080	0x0p+0	finite	0x1.7106d86ea568p-91	0x1p+1
grid-0080	0x1.999999999999ap-5	finite	0x1.7106d86ea5697p-91	0x1p+1
grid-0080	-0x1.999999999999ap-5	finite	0x1.7106d86ea56a4p-91	0x1p+1
grid-0080-reverse	0x0p+0	finite	0x1.7c651d7902d2cp+6	0x1p+1
grid-0080-reverse	0x1.999999999999ap-5	finite	0x1.7c651d7902d2cp+6	0x1p+1
grid-0080-reverse	-0x1.999999999999ap-5	finite	0x1.7c651d7902d2cp+6	0x1p+1
grid-0082	0x0p+0	finite	0x1.35ccc070e954p-199	0x1p-1
grid-0082	0x1.999999999999ap-5	finite	0x1.35ccc070e9561p-199	0x1p-1
grid-0082	-0x1.999999999999ap-5	finite	0x1.35ccc070e9589p-199	0x1p-1
grid-0082-reverse	0x0p+0	finite	0x1.880a35cf7c3p+6	0x1p-1
grid-0082-reverse	0x1.999999999999ap-5	finite	0x1.880a35cf7c3p+6	0x1p-1
grid-0082-reverse	-0x1.999999999999ap-5	finite	0x1.880a35cf7c2ffp+6	0x1p-1
grid-0084	0x0p+0	finite	0x1.7f4c7111cb31p-53	0x1p+1
grid-0084	0x1.999999999999ap-5	finite	0x1.7f4c7111cb312p-53	0x1p+1
grid-0084	-0x1.999999999999ap-5	finite	0x1.7f4c7111cb2fep-53	0x1p+1
grid-0084-reverse	0x0p+0	finite	0x1.7c651d7902d2dp+6	0x1p+1
grid-0084-reverse	0x1.999999999999ap-5	finite	0x1.7c651d7902d2dp+6	0x1p+1
grid-0084-reverse	-0x1.999999999999ap-5	finite	0x1.7c651d7902d2dp+6	0x1p+1
grid-0086	0x0p+0	finite	0x1.e301a8241b04p-130	0x1p-1
grid-0086	0x1.999999999999ap-5	finite	0x1.e301a8241b00cp-130	0x1p-1
grid-0086	-0x1.999999999999ap-5	finite	0x1.e301a8241b043p-130	0x1p-1
grid-0086-reverse	0x0p+0	finite	0x1.880a35cf7c3p+6	0x1p-1
grid-0086-reverse	0x1.999999999999ap-5	finite	0x1.880a35cf7c3p+6	0x1p-1
grid-0086-reverse	-0x1.999999999999ap-5	finite	0x1.880a35cf7c2ffp+6	0x1p-1
grid-0088	0x0p+0	finite	0x1.75cbae050b5e8p-35	0x1p+1
grid-0088	0x1.999999999999ap-5	finite	0x1.75cbae050b5e6p-35	0x1p+1
grid-0088	-0x1.999999999999ap-5	finite	0x1.75cbae050b5e3p-35	0x1p+1
grid-0088-reverse	0x0p+0	finite	0x1.7c651d79038dcp+6	0x1p+1
grid-0088-reverse	0x1.999999999999ap-5	finite	0x1.7c651d79038dbp+6	0x1p+1
grid-0088-reverse	-0x1.999999999999ap-5	finite	0x1.7c651d79038dcp+6	0x1p+1
grid-0090	0x0p+0	finite	0x1.23c1890e3e3p-331	0x1p-1
grid-0090	0x1.999999999999ap-5	finite	0x1.23c1890e3e2ap-331	0x1p-1
grid-0090	-0x1.999999999999ap-5	finite	0x1.23c1890e3e2e4p-331	0x1p-1
grid-0090-reverse	0x0p+0	finite	0x1.7381daf55853cp+6	0x1p-1
grid-0090-reverse	0x1.999999999999ap-5	finite	0x1.7381daf55853dp+6	0x1p-1
grid-0090-reverse	-0x1.999999999999ap-5	finite	0x1.7381daf55853cp+6	0x1p-1
grid-0092	0x0p+0	finite	0x1.8384f208dcbap-74	0x1p+1
grid-0092	0x1.999999999999ap-5	finite	0x1.8384f208dcbbfp-74	0x1p+1
grid-0092	-0x1.999999999999ap-5	finite	0x1.8384f208dcb96p-74	0x1p+1
grid-0092-reverse	0x0p+0	finite	0x1.32625bb05cb92p+6	0x1p+1
grid-0092-reverse	0x1.999999999999ap-5	finite	0x1.32625bb05cb92p+6	0x1p+1
grid-0092-reverse	-0x1.999999999999ap-5	finite	0x1.32625bb05cb91p+6	0x1p+1
grid-0094	0x0p+0	finite	0x1.23561f2a20d2p-189	0x1p-1
grid-0094	0x1.999999999999ap-5	finite	0x1.23561f2a20d0bp-189	0x1p-1
grid-0094	-0x1.999999999999ap-5	finite	0x1.23561f2a20d1bp-189	0x1p-1
grid-0094-reverse	0x0p+0	finite	0x1.7381daf55853cp+6	0x1p-1
grid-0094-reverse	0x1.999999999999ap-5	finite	0x1.7381daf55853dp+6	0x1p-1
grid-0094-reverse	-0x1.999999999999ap-5	finite	0x1.7381daf55853cp+6	0x1p-1
grid-0096	0x0p+0	finite	0x1.429564a5cbb3p-43	0x1p+1
grid-0096	0x1.999999999999ap-5	finite	0x1.429564a5cbb37p-43	0x1p+1
grid-0096	-0x1.999999999999ap-5	finite	0x1.429564a5cbb3ap-43	0x1p+1
grid-0096-reverse	0x0p+0	finite	0x1.32625bb05cb9dp+6	0x1p+1
grid-0096-reverse	0x1.999999999999ap-5	finite	0x1.32625bb05cb9dp+6	0x1p+1
grid-0096-reverse	-0x1.999999999999ap-5	finite	0x1.32625bb05cb9cp+6	0x1p+1
grid-0098	0x0p+0	finite	0x1.38f0cd97026p-123	0x1p-1
grid-0098	0x1.999999999999ap-5	finite	0x1.38f0cd97025f5p-123	0x1p-1
grid-0098	-0x1.999999999999ap-5	finite	0x1.38f0cd97025edp-123	0x1p-1
grid-0098-reverse	0x0p+0	finite	0x1.7381daf55853cp+6	0x1p-1
grid-0098-reverse	0x1.999999999999ap-5	finite	0x1.7381daf55853dp+6	0x1p-1
grid-0098-reverse	-0x1.999999999999ap-5	finite	0x1.7381daf55853cp+6	0x1p-1
grid-0100	0x0p+0	finite	0x1.df8f1e75752dp-29	0x1p+1
grid-0100	0x1.999999999999ap-5	finite	0x1.df8f1e75752d6p-29	0x1p+1
grid-0100	-0x1.999999999999ap-5	finite	0x1.df8f1e75752dp-29	0x1p+1
grid-0100-reverse	0x0p+0	finite	0x1.32625bb098ab2p+6	0x1p+1
grid-0100-reverse	0x1.999999999999ap-5	finite	0x1.32625bb098ab2p+6	0x1p+1
grid-0100-reverse	-0x1.999999999999ap-5	finite	0x1.32625bb098ab1p+6	0x1p+1
grid-0102	0x0p+0	finite	0x1.0e4dd886fcd88p+3	0x1p-1
grid-0102	0x1.999999999999ap-5	finite	0x1.0e4dd886fcd83p+3	0x1p-1
grid-0102	-0x1.999999999999ap-5	finite	0x1.0e4dd886fcd82p+3	0x1p-1
grid-0102-reverse	0x0p+0	finite	0x1.0e4dd886fcd88p+3	0x1p-1
grid-0102-reverse	0x1.999999999999ap-5	finite	0x1.0e4dd886fcd83p+3	0x1p-1
grid-0102-reverse	-0x1.999999999999ap-5	finite	0x1.0e4dd886fcd82p+3	0x1p-1
grid-0104	0x0p+0	finite	0x1.0ccb265fa0718p+4	0x1p+1
grid-0104	0x1.999999999999ap-5	finite	0x1.0ccb265fa0717p+4	0x1p+1
grid-0104	-0x1.999999999999ap-5	finite	0x1.0ccb265fa0714p+4	0x1p+1
grid-0104-reverse	0x0p+0	finite	0x1.0ccb265fa0718p+4	0x1p+1
grid-0104-reverse	0x1.999999999999ap-5	finite	0x1.0ccb265fa0717p+4	0x1p+1
grid-0104-reverse	-0x1.999999999999ap-5	finite	0x1.0ccb265fa0714p+4	0x1p+1
grid-0106	0x0p+0	finite	0x1.67e19eece44p+3	0x1p-1
grid-0106	0x1.999999999999ap-5	finite	0x1.67e19eece44p+3	0x1p-1
grid-0106	-0x1.999999999999ap-5	finite	0x1.67e19eece4403p+3	0x1p-1
grid-0106-reverse	0x0p+0	finite	0x1.67e19eece44p+3	0x1p-1
grid-0106-reverse	0x1.999999999999ap-5	finite	0x1.67e19eece44p+3	0x1p-1
grid-0106-reverse	-0x1.999999999999ap-5	finite	0x1.67e19eece4403p+3	0x1p-1
grid-0108	0x0p+0	finite	0x1.6452fb04b5a5p+4	0x1p+1
grid-0108	0x1.999999999999ap-5	finite	0x1.6452fb04b5a5p+4	0x1p+1
grid-0108	-0x1.999999999999ap-5	finite	0x1.6452fb04b5a4fp+4	0x1p+1
grid-0108-reverse	0x0p+0	finite	0x1.6452fb04b5a5p+4	0x1p+1
grid-0108-reverse	0x1.999999999999ap-5	finite	0x1.6452fb04b5a5p+4	0x1p+1
grid-0108-reverse	-0x1.999999999999ap-5	finite	0x1.6452fb04b5a4fp+4	0x1p+1
grid-0110	0x0p+0	finite	0x1.c10308f401d08p+3	0x1p-1
grid-0110	0x1.999999999999ap-5	finite	0x1.c10308f401d06p+3	0x1p-1
grid-0110	-0x1.999999999999ap-5	finite	0x1.c10308f401d01p+3	0x1p-1
grid-0110-reverse	0x0p+0	finite	0x1.c10308f401d08p+3	0x1p-1
grid-0110-reverse	0x1.999999999999ap-5	finite	0x1.c10308f401d06p+3	0x1p-1
grid-0110-reverse	-0x1.999999999999ap-5	finite	0x1.c10308f401d01p+3	0x1p-1
grid-0112	0x0p+0	finite	0x1.ba1f4a16f6e6ep+4	0x1p+1
grid-0112	0x1.999999999999ap-5	finite	0x1.ba1f4a16f6e6ep+4	0x1p+1
grid-0112	-0x1.999999999999ap-5	finite	0x1.ba1f4a16f6e6ep+4	0x1p+1
grid-0112-reverse	0x0p+0	finite	0x1.ba1f4a16f6e6ep+4	0x1p+1
grid-0112-reverse	0x1.999999999999ap-5	finite	0x1.ba1f4a16f6e6ep+4	0x1p+1
grid-0112-reverse	-0x1.999999999999ap-5	finite	0x1.ba1f4a16f6e6ep+4	0x1p+1
grid-0114	0x0p+0	finite	0x1.144cb92362bf4p+3	0x1p-1
grid-0114	0x1.999999999999ap-5	finite	0x1.144cb92362bf6p+3	0x1p-1
grid-0114	-0x1.999999999999ap-5	finite	0x1.144cb92362bf8p+3	0x1p-1
grid-0114-reverse	0x0p+0	finite	0x1.046b52f4ddd3cp+3	0x1p-1
grid-0114-reverse	0x1.999999999999ap-5	finite	0x1.046b52f4ddd41p+3	0x1p-1
grid-0114-reverse	-0x1.999999999999ap-5	finite	0x1.046b52f4ddd3fp+3	0x1p-1
grid-0116	0x0p+0	finite	0x1.14ace6aee81f6p+4	0x1p+1
grid-0116	0x1.999999999999ap-5	finite	0x1.14ace6aee81f6p+4	0x1p+1
grid-0116	-0x1.999999999999ap-5	finite	0x1.14ace6aee81f4p+4	0x1p+1
grid-0116-reverse	0x0p+0	finite	0x1.eb3dc1f1a46dcp+3	0x1p+1
grid-0116-reverse	0x1.999999999999ap-5	finite	0x1.eb3dc1f1a46d8p+3	0x1p+1
grid-0116-reverse	-0x1.999999999999ap-5	finite	0x1.eb3dc1f1a46dap+3	0x1p+1
grid-0118	0x0p+0	finite	0x1.6d3069366c07cp+3	0x1p-1
grid-0118	0x1.999999999999ap-5	finite	0x1.6d3069366c07bp+3	0x1p-1
grid-0118	-0x1.999999999999ap-5	finite	0x1.6d3069366c07dp+3	0x1p-1
grid-0118-reverse	0x0p+0	finite	0x1.5d4f0307e71c4p+3	0x1p-1
grid-0118-reverse	0x1.999999999999ap-5	finite	0x1.5d4f0307e71cbp+3	0x1p-1
grid-0118-reverse	-0x1.999999999999ap-5	finite	0x1.5d4f0307e71c5p+3	0x1p-1
grid-0120	0x0p+0	finite	0x1.698c5a0404f34p+4	0x1p+1
grid-0120	0x1.999999999999ap-5	finite	0x1.698c5a0404f37p+4	0x1p+1
grid-0120	-0x1.999999999999ap-5	finite	0x1.698c5a0404f34p+4	0x1p+1
grid-0120-reverse	0x0p+0	finite	0x1.4a7e544def0acp+4	0x1p+1
grid-0120-reverse	0x1.999999999999ap-5	finite	0x1.4a7e544def0abp+4	0x1p+1
grid-0120-reverse	-0x1.999999999999ap-5	finite	0x1.4a7e544def0adp+4	0x1p+1
grid-0122	0x0p+0	finite	0x1.c5a480dfc7488p+3	0x1p-1
grid-0122	0x1.999999999999ap-5	finite	0x1.c5a480dfc748bp+3	0x1p-1
grid-0122	-0x1.999999999999ap-5	finite	0x1.c5a480dfc7489p+3	0x1p-1
grid-0122-reverse	0x0p+0	finite	0x1.b5c31ab1425ccp+3	0x1p-1
grid-0122-reverse	0x1.999999999999ap-5	finite	0x1.b5c31ab1425cfp+3	0x1p-1
grid-0122-reverse	-0x1.999999999999ap-5	finite	0x1.b5c31ab1425ccp+3	0x1p-1
grid-0124	0x0p+0	finite	0x1.bcc4da72d258cp+4	0x1p+1
grid-0124	0x1.999999999999ap-5	finite	0x1.bcc4da72d258cp+4	0x1p+1
grid-0124	-0x1.999999999999ap-5	finite	0x1.bcc4da72d258cp+4	0x1p+1
grid-0124-reverse	0x0p+0	finite	0x1.9db6d4bcbc706p+4	0x1p+1
grid-0124-reverse	0x1.999999999999ap-5	finite	0x1.9db6d4bcbc704p+4	0x1p+1
grid-0124-reverse	-0x1.999999999999ap-5	finite	0x1.9db6d4bcbc706p+4	0x1p+1
grid-0126	0x0p+0	finite	0x1.02360ed176674p+4	0x1p-1
grid-0126	0x1.999999999999ap-5	finite	0x1.02360ed176673p+4	0x1p-1
grid-0126	-0x1.999999999999ap-5	finite	0x1.02360ed176676p+4	0x1p-1
grid-0126-reverse	0x0p+0	finite	0x1.d0a5be8b61f9p+1	0x1p-1
grid-0126-reverse	0x1.999999999999ap-5	finite	0x1.d0a5be8b61f92p+1	0x1p-1
grid-0126-reverse	-0x1.999999999999ap-5	finite	0x1.d0a5be8b61f8cp+1	0x1p-1
grid-0128	0x0p+0	finite	0x1.a7c75b0bdfdd2p+5	0x1p+1
grid-0128	0x1.999999999999ap-5	finite	0x1.a7c75b0bdfdd2p+5	0x1p+1
grid-0128	-0x1.999999999999ap-5	finite	0x1.a7c75b0bdfdd1p+5	0x1p+1
grid-0128-reverse	0x0p+0	finite	0x1.39959c68343f8p+1	0x1p+1
grid-0128-reverse	0x1.999999999999ap-5	finite	0x1.39959c68343fp+1	0x1p+1
grid-0128-reverse	-0x1.999999999999ap-5	finite	0x1.39959c68343fap+1	0x1p+1
grid-0130	0x0p+0	finite	0x1.298a325c5df7p+4	0x1p-1
grid-0130	0x1.999999999999ap-5	finite	0x1.298a325c5df6fp+4	0x1p-1
grid-0130	-0x1.999999999999ap-5	finite	0x1.298a325c5df74p+4	0x1p-1
grid-0130-reverse	0x0p+0	finite	0x1.85a36d714f3b4p+2	0x1p-1
grid-0130-reverse	0x1.999999999999ap-5	finite	0x1.85a36d714f3b9p+2	0x1p-1
grid-0130-reverse	-0x1.999999999999ap-5	finite	0x1.85a36d714f3bbp+2	0x1p-1
grid-0132	0x0p+0	finite	0x1.c1dcc7137f932p+5	0x1p+1
grid-0132	0x1.999999999999ap-5	finite	0x1.c1dcc7137f931p+5	0x1p+1
grid-0132	-0x1.999999999999ap-5	finite	0x1.c1dcc7137f931p+5	0x1p+1
grid-0132-reverse	0x0p+0	finite	0x1.6d762e7117cf6p+2	0x1p+1
grid-0132-reverse	0x1.999999999999ap-5	finite	0x1.6d762e7117cf1p+2	0x1p+1
grid-0132-reverse	-0x1.999999999999ap-5	finite	0x1.6d762e7117cf2p+2	0x1p+1
grid-0134	0x0p+0	finite	0x1.52c1e3fb942c8p+4	0x1p-1
grid-0134	0x1.999999999999ap-5	finite	0x1.52c1e3fb942cap+4	0x1p-1
grid-0134	-0x1.999999999999ap-5	finite	0x1.52c1e3fb942c8p+4	0x1p-1
grid-0134-reverse	0x0p+0	finite	0x1.154119f71408ep+3	0x1p-1
grid-0134-reverse	0x1.999999999999ap-5	finite	0x1.154119f71409p+3	0x1p-1
grid-0134-reverse	-0x1.999999999999ap-5	finite	0x1.154119f714088p+3	0x1p-1
grid-0136	0x0p+0	finite	0x1.e143ece31ad86p+5	0x1p+1
grid-0136	0x1.999999999999ap-5	finite	0x1.e143ece31ad84p+5	0x1p+1
grid-0136	-0x1.999999999999ap-5	finite	0x1.e143ece31ad86p+5	0x1p+1
grid-0136-reverse	0x0p+0	finite	0x1.3457ae76f8fdp+3	0x1p+1
grid-0136-reverse	0x1.999999999999ap-5	finite	0x1.3457ae76f8fcep+3	0x1p+1
grid-0136-reverse	-0x1.999999999999ap-5	finite	0x1.3457ae76f8fcep+3	0x1p+1
grid-0138	0x0p+0	finite	0x1.355ffffffffffp+13	0x1p-1
grid-0138	0x1.999999999999ap-5	finite	0x1.355ffffffffffp+13	0x1p-1
grid-0138	-0x1.999999999999ap-5	finite	0x1.355ffffffffffp+13	0x1p-1
grid-0138-reverse	0x0p+0	finite	0x1.7684d44819b8p-343	0x1p-1
grid-0138-reverse	0x1.999999999999ap-5	finite	0x1.7684d44819bcfp-343	0x1p-1
grid-0138-reverse	-0x1.999999999999ap-5	finite	0x1.7684d44819b25p-343	0x1p-1
grid-0140	0x0p+0	finite	0x1.355ffffffffffp+13	0x1p+1
grid-0140	0x1.999999999999ap-5	finite	0x1.355ffffffffffp+13	0x1p+1
grid-0140	-0x1.999999999999ap-5	finite	0x1.355fffffffffep+13	0x1p+1
grid-0140-reverse	0x0p+0	finite	0x1.61922ca72bf8p-85	0x1p+1
grid-0140-reverse	0x1.999999999999ap-5	finite	0x1.61922ca72bf55p-85	0x1p+1
grid-0140-reverse	-0x1.999999999999ap-5	finite	0x1.61922ca72bf96p-85	0x1p+1
grid-0142	0x0p+0	finite	0x1.355ffffffffffp+13	0x1p-1
grid-0142	0x1.999999999999ap-5	finite	0x1.355ffffffffffp+13	0x1p-1
grid-0142	-0x1.999999999999ap-5	finite	0x1.355ffffffffffp+13	0x1p-1
grid-0142-reverse	0x0p+0	finite	0x1.6d00089dbdfcp-193	0x1p-1
grid-0142-reverse	0x1.999999999999ap-5	finite	0x1.6d00089dbdfa3p-193	0x1p-1
grid-0142-reverse	-0x1.999999999999ap-5	finite	0x1.6d00089dbdfc9p-193	0x1p-1
grid-0144	0x0p+0	finite	0x1.356p+13	0x1p+1
grid-0144	0x1.999999999999ap-5	finite	0x1.3560000000001p+13	0x1p+1
grid-0144	-0x1.999999999999ap-5	finite	0x1.3560000000001p+13	0x1p+1
grid-0144-reverse	0x0p+0	finite	0x1.cb3a9b21dd7cp-47	0x1p+1
grid-0144-reverse	0x1.999999999999ap-5	finite	0x1.cb3a9b21dda7dp-47	0x1p+1
grid-0144-reverse	-0x1.999999999999ap-5	finite	0x1.cb3a9b21dd7c3p-47	0x1p+1
grid-0146	0x0p+0	finite	0x1.355ffffffffffp+13	0x1p-1
grid-0146	0x1.999999999999ap-5	finite	0x1.355ffffffffffp+13	0x1p-1
grid-0146	-0x1.999999999999ap-5	finite	0x1.355ffffffffffp+13	0x1p-1
grid-0146-reverse	0x0p+0	finite	0x1.3b95aec44684p-123	0x1p-1
grid-0146-reverse	0x1.999999999999ap-5	finite	0x1.3b95aec446856p-123	0x1p-1
grid-0146-reverse	-0x1.999999999999ap-5	finite	0x1.3b95aec446836p-123	0x1p-1
grid-0148	0x0p+0	finite	0x1.35600000007c3p+13	0x1p+1
grid-0148	0x1.999999999999ap-5	finite	0x1.35600000007c4p+13	0x1p+1
grid-0148	-0x1.999999999999ap-5	finite	0x1.35600000007c3p+13	0x1p+1
grid-0148-reverse	0x0p+0	finite	0x1.f0b4ed9e61cep-29	0x1p+1
grid-0148-reverse	0x1.999999999999ap-5	finite	0x1.f0b4ed9e61c87p-29	0x1p+1
grid-0148-reverse	-0x1.999999999999ap-5	finite	0x1.f0b4ed9e61cf4p-29	0x1p+1
grid-0150	0x0p+0	finite	0x1.33d8f55e2fa1cp+13	0x1p-1
grid-0150	0x1.999999999999ap-5	finite	0x1.33d8f55e2fa1cp+13	0x1p-1
grid-0150	-0x1.999999999999ap-5	finite	0x1.33d8f55e2fa1cp+13	0x1p-1
grid-0150-reverse	0x0p+0	finite	0x1.bc98f228b488p-344	0x1p-1
grid-0150-reverse	0x1.999999999999ap-5	finite	0x1.bc98f228b4821p-344	0x1p-1
grid-0150-reverse	-0x1.999999999999ap-5	finite	0x1.bc98f228b481ep-344	0x1p-1
grid-0152	0x0p+0	finite	0x1.2f4f4326f587p+13	0x1p+1
grid-0152	0x1.999999999999ap-5	finite	0x1.2f4f4326f587p+13	0x1p+1
grid-0152	-0x1.999999999999ap-5	finite	0x1.2f4f4326f586fp+13	0x1p+1
grid-0152-reverse	0x0p+0	finite	0x1.9778dbcee09ap-86	0x1p+1
grid-0152-reverse	0x1.999999999999ap-5	finite	0x1.9778dbcee098ep-86	0x1p+1
grid-0152-reverse	-0x1.999999999999ap-5	finite	0x1.9778dbcee09a3p-86	0x1p+1
grid-0154	0x0p+0	finite	0x1.33d8f55e2fa1cp+13	0x1p-1
grid-0154	0x1.999999999999ap-5	finite	0x1.33d8f55e2fa1cp+13	0x1p-1
grid-0154	-0x1.999999999999ap-5	finite	0x1.33d8f55e2fa1cp+13	0x1p-1
grid-0154-reverse	0x0p+0	finite	0x1.0f0a9ced676ep-193	0x1p-1
grid-0154-reverse	0x1.999999999999ap-5	finite	0x1.0f0a9ced676e4p-193	0x1p-1
grid-0154-reverse	-0x1.999999999999ap-5	finite	0x1.0f0a9ced676d3p-193	0x1p-1
grid-0156	0x0p+0	finite	0x1.2f4f4326f5871p+13	0x1p+1
grid-0156	0x1.999999999999ap-5	finite	0x1.2f4f4326f587p+13	0x1p+1
grid-0156	-0x1.999999999999ap-5	finite	0x1.2f4f4326f587p+13	0x1p+1
grid-0156-reverse	0x0p+0	finite	0x1.4b380ebd08d4p-47	0x1p+1
grid-0156-reverse	0x1.999999999999ap-5	finite	0x1.4b380ebd08d53p-47	0x1p+1
grid-0156-reverse	-0x1.999999999999ap-5	finite	0x1.4b380ebd08d45p-47	0x1p+1
grid-0158	0x0p+0	finite	0x1.33d8f55e2fa1cp+13	0x1p-1
grid-0158	0x1.999999999999ap-5	finite	0x1.33d8f55e2fa1cp+13	0x1p-1
grid-0158	-0x1.999999999999ap-5	finite	0x1.33d8f55e2fa1cp+13	0x1p-1
grid-0158-reverse	0x0p+0	finite	0x1.03f302ed9f3p-123	0x1p-1
grid-0158-reverse	0x1.999999999999ap-5	finite	0x1.03f302ed9f2eap-123	0x1p-1
grid-0158-reverse	-0x1.999999999999ap-5	finite	0x1.03f302ed9f2e2p-123	0x1p-1
grid-0160	0x0p+0	finite	0x1.2f4f4326f5ea7p+13	0x1p+1
grid-0160	0x1.999999999999ap-5	finite	0x1.2f4f4326f5ea7p+13	0x1p+1
grid-0160	-0x1.999999999999ap-5	finite	0x1.2f4f4326f5ea7p+13	0x1p+1
grid-0160-reverse	0x0p+0	finite	0x1.8d84123e65878p-29	0x1p+1
grid-0160-reverse	0x1.999999999999ap-5	finite	0x1.8d84123e65875p-29	0x1p+1
grid-0160-reverse	-0x1.999999999999ap-5	finite	0x1.8d84123e65877p-29	0x1p+1
grid-0162	0x0p+0	finite	0x1.49b806b92f026p+13	0x1p-1
grid-0162	0x1.999999999999ap-5	finite	0x1.49b806b92f026p+13	0x1p-1
grid-0162	-0x1.999999999999ap-5	finite	0x1.49b806b92f026p+13	0x1p-1
grid-0162-reverse	0x0p+0	finite	0x1.b37b1f7e0608p-362	0x1p-1
grid-0162-reverse	0x1.999999999999ap-5	finite	0x1.b37b1f7e060dp-362	0x1p-1
grid-0162-reverse	-0x1.999999999999ap-5	finite	0x1.b37b1f7e060fp-362	0x1p-1
grid-0164	0x0p+0	finite	0x1.8ed2fe2225f9p+13	0x1p+1
grid-0164	0x1.999999999999ap-5	finite	0x1.8ed2fe2225f9p+13	0x1p+1
grid-0164	-0x1.999999999999ap-5	finite	0x1.8ed2fe2225f8fp+13	0x1p+1
grid-0164-reverse	0x0p+0	finite	0x1.a50b3b724364p-105	0x1p+1
grid-0164-reverse	0x1.999999999999ap-5	finite	0x1.a50b3b7243659p-105	0x1p+1
grid-0164-reverse	-0x1.999999999999ap-5	finite	0x1.a50b3b724363bp-105	0x1p+1
grid-0166	0x0p+0	finite	0x1.49b806b92f026p+13	0x1p-1
grid-0166	0x1.999999999999ap-5	finite	0x1.49b806b92f026p+13	0x1p-1
grid-0166	-0x1.999999999999ap-5	finite	0x1.49b806b92f026p+13	0x1p-1
grid-0166-reverse	0x0p+0	finite	0x1.e22ac723b06cp-204	0x1p-1
grid-0166-reverse	0x1.999999999999ap-5	finite	0x1.e22ac723b06b6p-204	0x1p-1
grid-0166-reverse	-0x1.999999999999ap-5	finite	0x1.e22ac723b0692p-204	0x1p-1
grid-0168	0x0p+0	finite	0x1.8ed2fe2225f9p+13	0x1p+1
grid-0168	0x1.999999999999ap-5	finite	0x1.8ed2fe2225f9p+13	0x1p+1
grid-0168	-0x1.999999999999ap-5	finite	0x1.8ed2fe2225f8fp+13	0x1p+1
grid-0168-reverse	0x0p+0	finite	0x1.873fe7ee8f92p-58	0x1p+1
grid-0168-reverse	0x1.999999999999ap-5	finite	0x1.873fe7ee8f92ep-58	0x1p+1
grid-0168-reverse	-0x1.999999999999ap-5	finite	0x1.873fe7ee8f922p-58	0x1p+1
grid-0170	0x0p+0	finite	0x1.49b806b92f026p+13	0x1p-1
grid-0170	0x1.999999999999ap-5	finite	0x1.49b806b92f026p+13	0x1p-1
grid-0170	-0x1.999999999999ap-5	finite	0x1.49b806b92f026p+13	0x1p-1
grid-0170-reverse	0x0p+0	finite	0x1.67ffd6aba04cp-130	0x1p-1
grid-0170-reverse	0x1.999999999999ap-5	finite	0x1.67ffd6aba049fp-130	0x1p-1
grid-0170-reverse	-0x1.999999999999ap-5	finite	0x1.67ffd6aba04aep-130	0x1p-1
grid-0172	0x0p+0	finite	0x1.8ed2fe2225f9dp+13	0x1p+1
grid-0172	0x1.999999999999ap-5	finite	0x1.8ed2fe2225f9dp+13	0x1p+1
grid-0172	-0x1.999999999999ap-5	finite	0x1.8ed2fe2225f9ep+13	0x1p+1
grid-0172-reverse	0x0p+0	finite	0x1.97695b99f5bfp-36	0x1p+1
grid-0172-reverse	0x1.999999999999ap-5	finite	0x1.97695b99f5bf3p-36	0x1p+1
grid-0172-reverse	-0x1.999999999999ap-5	finite	0x1.97695b99f5be8p-36	0x1p+1
grid-0174	0x0p+0	finite	0x1.df625766875p-350	0x1p-1
grid-0174	0x1.999999999999ap-5	finite	0x1.df62576687507p-350	0x1p-1
grid-0174	-0x1.999999999999ap-5	finite	0x1.df62576687523p-350	0x1p-1
grid-0174-reverse	0x0p+0	finite	0x1.8bfffffffffffp+6	0x1p-1
grid-0174-reverse	0x1.999999999999ap-5	finite	0x1.8bfffffffffffp+6	0x1p-1
grid-0174-reverse	-0x1.999999999999ap-5	finite	0x1.8bfffffffffffp+6	0x1p-1
grid-0176	0x0p+0	finite	0x1.c49224ad0516p-92	0x1p+1
grid-0176	0x1.999999999999ap-5	finite	0x1.c49224ad0515ap-92	0x1p+1
grid-0176	-0x1.999999999999ap-5	finite	0x1.c49224ad05175p-92	0x1p+1
grid-0176-reverse	0x0p+0	finite	0x1.8bfffffffffffp+6	0x1p+1
grid-0176-reverse	0x1.999999999999ap-5	finite	0x1.8bfffffffffffp+6	0x1p+1
grid-0176-reverse	-0x1.999999999999ap-5	finite	0x1.8bfffffffffffp+6	0x1p+1
grid-0178	0x0p+0	finite	0x1.1d86f92d2fep-392	0x1p-1
grid-0178	0x1.999999999999ap-5	finite	0x1.1d86f92d2fddap-392	0x1p-1
grid-0178	-0x1.999999999999ap-5	finite	0x1.1d86f92d2fd9ap-392	0x1p-1
grid-0178-reverse	0x0p+0	finite	0x1.8bfffffffffffp+6	0x1p-1
grid-0178-reverse	0x1.999999999999ap-5	finite	0x1.8bfffffffffffp+6	0x1p-1
grid-0178-reverse	-0x1.999999999999ap-5	finite	0x1.8bfffffffffffp+6	0x1p-1
grid-0180	0x0p+0	finite	0x1.eed8e917141ep-103	0x1p+1
grid-0180	0x1.999999999999ap-5	finite	0x1.eed8e917141dp-103	0x1p+1
grid-0180	-0x1.999999999999ap-5	finite	0x1.eed8e917141f2p-103	0x1p+1
grid-0180-reverse	0x0p+0	finite	0x1.8bfffffffffffp+6	0x1p+1
grid-0180-reverse	0x1.999999999999ap-5	finite	0x1.8bfffffffffffp+6	0x1p+1
grid-0180-reverse	-0x1.999999999999ap-5	finite	0x1.8bfffffffffffp+6	0x1p+1
grid-0182	0x0p+0	finite	0x1.3a22a6da5ebp-244	0x1p-1
grid-0182	0x1.999999999999ap-5	finite	0x1.3a22a6da5eb0ap-244	0x1p-1
grid-0182	-0x1.999999999999ap-5	finite	0x1.3a22a6da5eb42p-244	0x1p-1
grid-0182-reverse	0x0p+0	finite	0x1.8bfffffffffffp+6	0x1p-1
grid-0182-reverse	0x1.999999999999ap-5	finite	0x1.8bfffffffffffp+6	0x1p-1
grid-0182-reverse	-0x1.999999999999ap-5	finite	0x1.8bfffffffffffp+6	0x1p-1
grid-0184	0x0p+0	finite	0x1.ab4f599106dep-65	0x1p+1
grid-0184	0x1.999999999999ap-5	finite	0x1.ab4f599106df1p-65	0x1p+1
grid-0184	-0x1.999999999999ap-5	finite	0x1.ab4f599106ddcp-65	0x1p+1
grid-0184-reverse	0x0p+0	finite	0x1.8bfffffffffffp+6	0x1p+1
grid-0184-reverse	0x1.999999999999ap-5	finite	0x1.8bfffffffffffp+6	0x1p+1
grid-0184-reverse	-0x1.999999999999ap-5	finite	0x1.8bfffffffffffp+6	0x1p+1
grid-0186	0x0p+0	finite	0x1.8d9719fcb678p-349	0x1p-1
grid-0186	0x1.999999999999ap-5	finite	0x1.8d9719fcb677ep-349	0x1p-1
grid-0186	-0x1.999999999999ap-5	finite	0x1.8d9719fcb6771p-349	0x1p-1
grid-0186-reverse	0x0p+0	finite	0x1.880a35cf7c3p+6	0x1p-1
grid-0186-reverse	0x1.999999999999ap-5	finite	0x1.880a35cf7c3p+6	0x1p-1
grid-0186-reverse	-0x1.999999999999ap-5	finite	0x1.880a35cf7c2ffp+6	0x1p-1
grid-0188	0x0p+0	finite	0x1.7106d86ea568p-91	0x1p+1
grid-0188	0x1.999999999999ap-5	finite	0x1.7106d86ea5697p-91	0x1p+1
grid-0188	-0x1.999999999999ap-5	finite	0x1.7106d86ea56a4p-91	0x1p+1
grid-0188-reverse	0x0p+0	finite	0x1.7c651d7902d2cp+6	0x1p+1
grid-0188-reverse	0x1.999999999999ap-5	finite	0x1.7c651d7902d2cp+6	0x1p+1
grid-0188-reverse	-0x1.999999999999ap-5	finite	0x1.7c651d7902d2cp+6	0x1p+1
grid-0190	0x0p+0	finite	0x1.f8e2b2d6cfdp-392	0x1p-1
grid-0190	0x1.999999999999ap-5	finite	0x1.f8e2b2d6cfcdp-392	0x1p-1
grid-0190	-0x1.999999999999ap-5	finite	0x1.f8e2b2d6cfcd2p-392	0x1p-1
grid-0190-reverse	0x0p+0	finite	0x1.880a35cf7c3p+6	0x1p-1
grid-0190-reverse	0x1.999999999999ap-5	finite	0x1.880a35cf7c3p+6	0x1p-1
grid-0190-reverse	-0x1.999999999999ap-5	finite	0x1.880a35cf7c2ffp+6	0x1p-1
grid-0192	0x0p+0	finite	0x1.ae1990c978e8p-102	0x1p+1
grid-0192	0x1.999999999999ap-5	finite	0x1.ae1990c978e71p-102	0x1p+1
grid-0192	-0x1.999999999999ap-5	finite	0x1.ae1990c978e76p-102	0x1p+1
grid-0192-reverse	0x0p+0	finite	0x1.7c651d7902d2cp+6	0x1p+1
grid-0192-reverse	0x1.999999999999ap-5	finite	0x1.7c651d7902d2cp+6	0x1p+1
grid-0192-reverse	-0x1.999999999999ap-5	finite	0x1.7c651d7902d2cp+6	0x1p+1
grid-0194	0x0p+0	finite	0x1.bd33c75f4c6p-244	0x1p-1
grid-0194	0x1.999999999999ap-5	finite	0x1.bd33c75f4c5cfp-244	0x1p-1
grid-0194	-0x1.999999999999ap-5	finite	0x1.bd33c75f4c5e1p-244	0x1p-1
grid-0194-reverse	0x0p+0	finite	0x1.880a35cf7c3p+6	0x1p-1
grid-0194-reverse	0x1.999999999999ap-5	finite	0x1.880a35cf7c3p+6	0x1p-1
grid-0194-reverse	-0x1.999999999999ap-5	finite	0x1.880a35cf7c2ffp+6	0x1p-1
grid-0196	0x0p+0	finite	0x1.29bfc3226135p-64	0x1p+1
grid-0196	0x1.999999999999ap-5	finite	0x1.29bfc3226133fp-64	0x1p+1
grid-0196	-0x1.999999999999ap-5	finite	0x1.29bfc32261339p-64	0x1p+1
grid-0196-reverse	0x0p+0	finite	0x1.7c651d7902d2cp+6	0x1p+1
grid-0196-reverse	0x1.999999999999ap-5	finite	0x1.7c651d7902d2cp+6	0x1p+1
grid-0196-reverse	-0x1.999999999999ap-5	finite	0x1.7c651d7902d2cp+6	0x1p+1
grid-0198	0x0p+0	finite	0x1.23c1890e3e3p-331	0x1p-1
grid-0198	0x1.999999999999ap-5	finite	0x1.23c1890e3e2ap-331	0x1p-1
grid-0198	-0x1.999999999999ap-5	finite	0x1.23c1890e3e2e4p-331	0x1p-1
grid-0198-reverse	0x0p+0	finite	0x1.7381daf55853cp+6	0x1p-1
grid-0198-reverse	0x1.999999999999ap-5	finite	0x1.7381daf55853dp+6	0x1p-1
grid-0198-reverse	-0x1.999999999999ap-5	finite	0x1.7381daf55853cp+6	0x1p-1
grid-0200	0x0p+0	finite	0x1.8384f208dcbap-74	0x1p+1
grid-0200	0x1.999999999999ap-5	finite	0x1.8384f208dcbbfp-74	0x1p+1
grid-0200	-0x1.999999999999ap-5	finite	0x1.8384f208dcb96p-74	0x1p+1
grid-0200-reverse	0x0p+0	finite	0x1.32625bb05cb92p+6	0x1p+1
grid-0200-reverse	0x1.999999999999ap-5	finite	0x1.32625bb05cb92p+6	0x1p+1
grid-0200-reverse	-0x1.999999999999ap-5	finite	0x1.32625bb05cb91p+6	0x1p+1
grid-0202	0x0p+0	finite	0x1.a4b78ff45fbp-372	0x1p-1
grid-0202	0x1.999999999999ap-5	finite	0x1.a4b78ff45fab5p-372	0x1p-1
grid-0202	-0x1.999999999999ap-5	finite	0x1.a4b78ff45fb9p-372	0x1p-1
grid-0202-reverse	0x0p+0	finite	0x1.7381daf55853cp+6	0x1p-1
grid-0202-reverse	0x1.999999999999ap-5	finite	0x1.7381daf55853dp+6	0x1p-1
grid-0202-reverse	-0x1.999999999999ap-5	finite	0x1.7381daf55853cp+6	0x1p-1
grid-0204	0x0p+0	finite	0x1.e0e190161e62p-83	0x1p+1
grid-0204	0x1.999999999999ap-5	finite	0x1.e0e190161e60ep-83	0x1p+1
grid-0204	-0x1.999999999999ap-5	finite	0x1.e0e190161e614p-83	0x1p+1
grid-0204-reverse	0x0p+0	finite	0x1.32625bb05cb92p+6	0x1p+1
grid-0204-reverse	0x1.999999999999ap-5	finite	0x1.32625bb05cb92p+6	0x1p+1
grid-0204-reverse	-0x1.999999999999ap-5	finite	0x1.32625bb05cb91p+6	0x1p+1
grid-0206	0x0p+0	finite	0x1.f7f53a9b63e8p-232	0x1p-1
grid-0206	0x1.999999999999ap-5	finite	0x1.f7f53a9b63e8ap-232	0x1p-1
grid-0206	-0x1.999999999999ap-5	finite	0x1.f7f53a9b63e6ap-232	0x1p-1
grid-0206-reverse	0x0p+0	finite	0x1.7381daf55853cp+6	0x1p-1
grid-0206-reverse	0x1.999999999999ap-5	finite	0x1.7381daf55853dp+6	0x1p-1
grid-0206-reverse	-0x1.999999999999ap-5	finite	0x1.7381daf55853cp+6	0x1p-1
grid-0208	0x0p+0	finite	0x1.1a62685688ecp-52	0x1p+1
grid-0208	0x1.999999999999ap-5	finite	0x1.1a62685688eb9p-52	0x1p+1
grid-0208	-0x1.999999999999ap-5	finite	0x1.1a62685688ebep-52	0x1p+1
grid-0208-reverse	0x0p+0	finite	0x1.32625bb05cb93p+6	0x1p+1
grid-0208-reverse	0x1.999999999999ap-5	finite	0x1.32625bb05cb94p+6	0x1p+1
grid-0208-reverse	-0x1.999999999999ap-5	finite	0x1.32625bb05cb93p+6	0x1p+1
grid-0210	0x0p+0	finite	0x1.0e4dd886fcd88p+3	0x1p-1
grid-0210	0x1.999999999999ap-5	finite	0x1.0e4dd886fcd83p+3	0x1p-1
grid-0210	-0x1.999999999999ap-5	finite	0x1.0e4dd886fcd82p+3	0x1p-1
grid-0210-reverse	0x0p+0	finite	0x1.0e4dd886fcd88p+3	0x1p-1
grid-0210-reverse	0x1.999999999999ap-5	finite	0x1.0e4dd886fcd83p+3	0x1p-1
grid-0210-reverse	-0x1.999999999999ap-5	finite	0x1.0e4dd886fcd82p+3	0x1p-1
grid-0212	0x0p+0	finite	0x1.0ccb265fa0718p+4	0x1p+1
grid-0212	0x1.999999999999ap-5	finite	0x1.0ccb265fa0717p+4	0x1p+1
grid-0212	-0x1.999999999999ap-5	finite	0x1.0ccb265fa0714p+4	0x1p+1
grid-0212-reverse	0x0p+0	finite	0x1.0ccb265fa0718p+4	0x1p+1
grid-0212-reverse	0x1.999999999999ap-5	finite	0x1.0ccb265fa0717p+4	0x1p+1
grid-0212-reverse	-0x1.999999999999ap-5	finite	0x1.0ccb265fa0714p+4	0x1p+1
grid-0214	0x0p+0	finite	0x1.fdcbdb70c331p+2	0x1p-1
grid-0214	0x1.999999999999ap-5	finite	0x1.fdcbdb70c3305p+2	0x1p-1
grid-0214	-0x1.999999999999ap-5	finite	0x1.fdcbdb70c3308p+2	0x1p-1
grid-0214-reverse	0x0p+0	finite	0x1.fdcbdb70c331p+2	0x1p-1
grid-0214-reverse	0x1.999999999999ap-5	finite	0x1.fdcbdb70c3305p+2	0x1p-1
grid-0214-reverse	-0x1.999999999999ap-5	finite	0x1.fdcbdb70c3308p+2	0x1p-1
grid-0216	0x0p+0	finite	0x1.fb431ba24906p+3	0x1p+1
grid-0216	0x1.999999999999ap-5	finite	0x1.fb431ba24905cp+3	0x1p+1
grid-0216	-0x1.999999999999ap-5	finite	0x1.fb431ba24905ap+3	0x1p+1
grid-0216-reverse	0x0p+0	finite	0x1.fb431ba24906p+3	0x1p+1
grid-0216-reverse	0x1.999999999999ap-5	finite	0x1.fb431ba24905cp+3	0x1p+1
grid-0216-reverse	-0x1.999999999999ap-5	finite	0x1.fb431ba24905ap+3	0x1p+1
grid-0218	0x0p+0	finite	0x1.44984fc49353p+3	0x1p-1
grid-0218	0x1.999999999999ap-5	finite	0x1.44984fc49352cp+3	0x1p-1
grid-0218	-0x1.999999999999ap-5	finite	0x1.44984fc49352cp+3	0x1p-1
grid-0218-reverse	0x0p+0	finite	0x1.44984fc49353p+3	0x1p-1
grid-0218-reverse	0x1.999999999999ap-5	finite	0x1.44984fc49352cp+3	0x1p-1
grid-0218-reverse	-0x1.999999999999ap-5	finite	0x1.44984fc49352cp+3	0x1p-1
grid-0220	0x0p+0	finite	0x1.41fb8259975e8p+4	0x1p+1
grid-0220	0x1.999999999999ap-5	finite	0x1.41fb8259975e9p+4	0x1p+1
grid-0220	-0x1.999999999999ap-5	finite	0x1.41fb8259975ebp+4	0x1p+1
grid-0220-reverse	0x0p+0	finite	0x1.41fb8259975e8p+4	0x1p+1
grid-0220-reverse	0x1.999999999999ap-5	finite	0x1.41fb8259975e9p+4	0x1p+1
grid-0220-reverse	-0x1.999999999999ap-5	finite	0x1.41fb8259975ebp+4	0x1p+1
grid-0222	0x0p+0	finite	0x1.144cb92362bf4p+3	0x1p-1
grid-0222	0x1.999999999999ap-5	finite	0x1.144cb92362bf6p+3	0x1p-1
grid-0222	-0x1.999999999999ap-5	finite	0x1.144cb92362bf8p+3	0x1p-1
grid-0222-reverse	0x0p+0	finite	0x1.046b52f4ddd3cp+3	0x1p-1
grid-0222-reverse	0x1.999999999999ap-5	finite	0x1.046b52f4ddd41p+3	0x1p-1
grid-0222-reverse	-0x1.999999999999ap-5	finite	0x1.046b52f4ddd3fp+3	0x1p-1
grid-0224	0x0p+0	finite	0x1.14ace6aee81f6p+4	0x1p+1
grid-0224	0x1.999999999999ap-5	finite	0x1.14ace6aee81f6p+4	0x1p+1
grid-0224	-0x1.999999999999ap-5	finite	0x1.14ace6aee81f4p+4	0x1p+1
grid-0224-reverse	0x0p+0	finite	0x1.eb3dc1f1a46dcp+3	0x1p+1
grid-0224-reverse	0x1.999999999999ap-5	finite	0x1.eb3dc1f1a46d8p+3	0x1p+1
grid-0224-reverse	-0x1.999999999999ap-5	finite	0x1.eb3dc1f1a46dap+3	0x1p+1
grid-0226	0x0p+0	finite	0x1.05036d8805e04p+3	0x1p-1
grid-0226	0x1.999999999999ap-5	finite	0x1.05036d8805e01p+3	0x1p-1
grid-0226	-0x1.999999999999ap-5	finite	0x1.05036d8805e03p+3	0x1p-1
grid-0226-reverse	0x0p+0	finite	0x1.ea440eb301e98p+2	0x1p-1
grid-0226-reverse	0x1.999999999999ap-5	finite	0x1.ea440eb301e98p+2	0x1p-1
grid-0226-reverse	-0x1.999999999999ap-5	finite	0x1.ea440eb301e96p+2	0x1p-1
grid-0228	0x0p+0	finite	0x1.05fa75e1d6798p+4	0x1p+1
grid-0228	0x1.999999999999ap-5	finite	0x1.05fa75e1d6797p+4	0x1p+1
grid-0228	-0x1.999999999999ap-5	finite	0x1.05fa75e1d6799p+4	0x1p+1
grid-0228-reverse	0x0p+0	finite	0x1.cdd8e0578122p+3	0x1p+1
grid-0228-reverse	0x1.999999999999ap-5	finite	0x1.cdd8e0578121dp+3	0x1p+1
grid-0228-reverse	-0x1.999999999999ap-5	finite	0x1.cdd8e0578121fp+3	0x1p+1
grid-0230	0x0p+0	finite	0x1.4a2c26fa01cd4p+3	0x1p-1
grid-0230	0x1.999999999999ap-5	finite	0x1.4a2c26fa01cdp+3	0x1p-1
grid-0230	-0x1.999999999999ap-5	finite	0x1.4a2c26fa01cd7p+3	0x1p-1
grid-0230-reverse	0x0p+0	finite	0x1.3a4ac0cb7ce2p+3	0x1p-1
grid-0230-reverse	0x1.999999999999ap-5	finite	0x1.3a4ac0cb7ce1cp+3	0x1p-1
grid-0230-reverse	-0x1.999999999999ap-5	finite	0x1.3a4ac0cb7ce1ep+3	0x1p-1
grid-0232	0x0p+0	finite	0x1.483e9f31697c8p+4	0x1p+1
grid-0232	0x1.999999999999ap-5	finite	0x1.483e9f31697cap+4	0x1p+1
grid-0232	-0x1.999999999999ap-5	finite	0x1.483e9f31697c9p+4	0x1p+1
grid-0232-reverse	0x0p+0	finite	0x1.2930997b5394p+4	0x1p+1
grid-0232-reverse	0x1.999999999999ap-5	finite	0x1.2930997b5393ep+4	0x1p+1
grid-0232-reverse	-0x1.999999999999ap-5	finite	0x1.2930997b5394p+4	0x1p+1
grid-0234	0x0p+0	finite	0x1.02360ed176674p+4	0x1p-1
grid-0234	0x1.999999999999ap-5	finite	0x1.02360ed176673p+4	0x1p-1
grid-0234	-0x1.999999999999ap-5	finite	0x1.02360ed176676p+4	0x1p-1
grid-0234-reverse	0x0p+0	finite	0x1.d0a5be8b61f9p+1	0x1p-1
grid-0234-reverse	0x1.999999999999ap-5	finite	0x1.d0a5be8b61f92p+1	0x1p-1
grid-0234-reverse	-0x1.999999999999ap-5	finite	0x1.d0a5be8b61f8cp+1	0x1p-1
grid-0236	0x0p+0	finite	0x1.a7c75b0bdfdd2p+5	0x1p+1
grid-0236	0x1.999999999999ap-5	finite	0x1.a7c75b0bdfdd2p+5	0x1p+1
grid-0236	-0x1.999999999999ap-5	finite	0x1.a7c75b0bdfdd1p+5	0x1p+1
grid-0236-reverse	0x0p+0	finite	0x1.39959c68343f8p+1	0x1p+1
grid-0236-reverse	0x1.999999999999ap-5	finite	0x1.39959c68343fp+1	0x1p+1
grid-0236-reverse	-0x1.999999999999ap-5	finite	0x1.39959c68343fap+1	0x1p+1
grid-0238	0x0p+0	finite	0x1.f79b6fb6ef4a8p+3	0x1p-1
grid-0238	0x1.999999999999ap-5	finite	0x1.f79b6fb6ef4abp+3	0x1p-1
grid-0238	-0x1.999999999999ap-5	finite	0x1.f79b6fb6ef4b4p+3	0x1p-1
grid-0238-reverse	0x0p+0	finite	0x1.9d6306db6be98p+1	0x1p-1
grid-0238-reverse	0x1.999999999999ap-5	finite	0x1.9d6306db6be9bp+1	0x1p-1
grid-0238-reverse	-0x1.999999999999ap-5	finite	0x1.9d6306db6be8ap+1	0x1p-1
grid-0240	0x0p+0	finite	0x1.a425eada2e214p+5	0x1p+1
grid-0240	0x1.999999999999ap-5	finite	0x1.a425eada2e215p+5	0x1p+1
grid-0240	-0x1.999999999999ap-5	finite	0x1.a425eada2e215p+5	0x1p+1
grid-0240-reverse	0x0p+0	finite	0x1.fefd329a3105p+0	0x1p+1
grid-0240-reverse	0x1.999999999999ap-5	finite	0x1.fefd329a31042p+0	0x1p+1
grid-0240-reverse	-0x1.999999999999ap-5	finite	0x1.fefd329a31052p+0	0x1p+1
grid-0242	0x0p+0	finite	0x1.19b53ab773692p+4	0x1p-1
grid-0242	0x1.999999999999ap-5	finite	0x1.19b53ab773692p+4	0x1p-1
grid-0242	-0x1.999999999999ap-5	finite	0x1.19b53ab773696p+4	0x1p-1
grid-0242-reverse	0x0p+0	finite	0x1.464f8edda5034p+2	0x1p-1
grid-0242-reverse	0x1.999999999999ap-5	finite	0x1.464f8edda5035p+2	0x1p-1
grid-0242-reverse	-0x1.999999999999ap-5	finite	0x1.464f8edda5038p+2	0x1p-1
grid-0244	0x0p+0	finite	0x1.b6ba19b7abf89p+5	0x1p+1
grid-0244	0x1.999999999999ap-5	finite	0x1.b6ba19b7abf88p+5	0x1p+1
grid-0244	-0x1.999999999999ap-5	finite	0x1.b6ba19b7abf8cp+5	0x1p+1
grid-0244-reverse	0x0p+0	finite	0x1.1460c3927afc4p+2	0x1p+1
grid-0244-reverse	0x1.999999999999ap-5	finite	0x1.1460c3927afcbp+2	0x1p+1
grid-0244-reverse	-0x1.999999999999ap-5	finite	0x1.1460c3927afc5p+2	0x1p+1
grid-0246	0x0p+0	finite	0x1.355ffffffffffp+13	0x1p-1
grid-0246	0x1.999999999999ap-5	finite	0x1.355ffffffffffp+13	0x1p-1
grid-0246	-0x1.999999999999ap-5	finite	0x1.355ffffffffffp+13	0x1p-1
grid-0246-reverse	0x0p+0	finite	0x1.7684d44819b8p-343	0x1p-1
grid-0246-reverse	0x1.999999999999ap-5	finite	0x1.7684d44819bcfp-343	0x1p-1
grid-0246-reverse	-0x1.999999999999ap-5	finite	0x1.7684d44819b25p-343	0x1p-1
grid-0248	0x0p+0	finite	0x1.355ffffffffffp+13	0x1p+1
grid-0248	0x1.999999999999ap-5	finite	0x1.355ffffffffffp+13	0x1p+1
grid-0248	-0x1.999999999999ap-5	finite	0x1.355fffffffffep+13	0x1p+1
grid-0248-reverse	0x0p+0	finite	0x1.61922ca72bf8p-85	0x1p+1
grid-0248-reverse	0x1.999999999999ap-5	finite	0x1.61922ca72bf55p-85	0x1p+1
grid-0248-reverse	-0x1.999999999999ap-5	finite	0x1.61922ca72bf96p-85	0x1p+1
grid-0250	0x0p+0	finite	0x1.355ffffffffffp+13	0x1p-1
grid-0250	0x1.999999999999ap-5	finite	0x1.355ffffffffffp+13	0x1p-1
grid-0250	-0x1.999999999999ap-5	finite	0x1.355ffffffffffp+13	0x1p-1
grid-0250-reverse	0x0p+0	finite	0x1.be22e5569adp-386	0x1p-1
grid-0250-reverse	0x1.999999999999ap-5	finite	0x1.be22e5569ace4p-386	0x1p-1
grid-0250-reverse	-0x1.999999999999ap-5	finite	0x1.be22e5569ac86p-386	0x1p-1
grid-0252	0x0p+0	finite	0x1.355ffffffffffp+13	0x1p+1
grid-0252	0x1.999999999999ap-5	finite	0x1.355ffffffffffp+13	0x1p+1
grid-0252	-0x1.999999999999ap-5	finite	0x1.355fffffffffep+13	0x1p+1
grid-0252-reverse	0x0p+0	finite	0x1.8299761a07b6p-96	0x1p+1
grid-0252-reverse	0x1.999999999999ap-5	finite	0x1.8299761a07a46p-96	0x1p+1
grid-0252-reverse	-0x1.999999999999ap-5	finite	0x1.8299761a07b7p-96	0x1p+1
grid-0254	0x0p+0	finite	0x1.355ffffffffffp+13	0x1p-1
grid-0254	0x1.999999999999ap-5	finite	0x1.355ffffffffffp+13	0x1p-1
grid-0254	-0x1.999999999999ap-5	finite	0x1.355ffffffffffp+13	0x1p-1
grid-0254-reverse	0x0p+0	finite	0x1.ead624b533fp-238	0x1p-1
grid-0254-reverse	0x1.999999999999ap-5	finite	0x1.ead624b533f1cp-238	0x1p-1
grid-0254-reverse	-0x1.999999999999ap-5	finite	0x1.ead624b533f62p-238	0x1p-1
grid-0256	0x0p+0	finite	0x1.355ffffffffffp+13	0x1p+1
grid-0256	0x1.999999999999ap-5	finite	0x1.355ffffffffffp+13	0x1p+1
grid-0256	-0x1.999999999999ap-5	finite	0x1.355fffffffffep+13	0x1p+1
grid-0256-reverse	0x0p+0	finite	0x1.4dd5fdf94d5dp-58	0x1p+1
grid-0256-reverse	0x1.999999999999ap-5	finite	0x1.4dd5fdf94d569p-58	0x1p+1
grid-0256-reverse	-0x1.999999999999ap-5	finite	0x1.4dd5fdf94d5cep-58	0x1p+1
grid-0258	0x0p+0	finite	0x1.33d8f55e2fa1cp+13	0x1p-1
grid-0258	0x1.999999999999ap-5	finite	0x1.33d8f55e2fa1cp+13	0x1p-1
grid-0258	-0x1.999999999999ap-5	finite	0x1.33d8f55e2fa1cp+13	0x1p-1
grid-0258-reverse	0x0p+0	finite	0x1.bc98f228b488p-344	0x1p-1
grid-0258-reverse	0x1.999999999999ap-5	finite	0x1.bc98f228b4821p-344	0x1p-1
grid-0258-reverse	-0x1.999999999999ap-5	finite	0x1.bc98f228b481ep-344	0x1p-1
grid-0260	0x0p+0	finite	0x1.2f4f4326f587p+13	0x1p+1
grid-0260	0x1.999999999999ap-5	finite	0x1.2f4f4326f587p+13	0x1p+1
grid-0260	-0x1.999999999999ap-5	finite	0x1.2f4f4326f586fp+13	0x1p+1
grid-0260-reverse	0x0p+0	finite	0x1.9778dbcee09ap-86	0x1p+1
grid-0260-reverse	0x1.999999999999ap-5	finite	0x1.9778dbcee098ep-86	0x1p+1
grid-0260-reverse	-0x1.999999999999ap-5	finite	0x1.9778dbcee09a3p-86	0x1p+1
grid-0262	0x0p+0	finite	0x1.33d8f55e2fa1cp+13	0x1p-1
grid-0262	0x1.999999999999ap-5	finite	0x1.33d8f55e2fa1cp+13	0x1p-1
grid-0262	-0x1.999999999999ap-5	finite	0x1.33d8f55e2fa1cp+13	0x1p-1
grid-0262-reverse	0x0p+0	finite	0x1.f0c8a083be2p-387	0x1p-1
grid-0262-reverse	0x1.999999999999ap-5	finite	0x1.f0c8a083be144p-387	0x1p-1
grid-0262-reverse	-0x1.999999999999ap-5	finite	0x1.f0c8a083be1cp-387	0x1p-1
grid-0264	0x0p+0	finite	0x1.2f4f4326f587p+13	0x1p+1
grid-0264	0x1.999999999999ap-5	finite	0x1.2f4f4326f587p+13	0x1p+1
grid-0264	-0x1.999999999999ap-5	finite	0x1.2f4f4326f586fp+13	0x1p+1
grid-0264-reverse	0x0p+0	finite	0x1.a1dd38db29a6p-97	0x1p+1
grid-0264-reverse	0x1.999999999999ap-5	finite	0x1.a1dd38db29a4fp-97	0x1p+1
grid-0264-reverse	-0x1.999999999999ap-5	finite	0x1.a1dd38db29a5dp-97	0x1p+1
grid-0266	0x0p+0	finite	0x1.33d8f55e2fa1cp+13	0x1p-1
grid-0266	0x1.999999999999ap-5	finite	0x1.33d8f55e2fa1cp+13	0x1p-1
grid-0266	-0x1.999999999999ap-5	finite	0x1.33d8f55e2fa1cp+13	0x1p-1
grid-0266-reverse	0x0p+0	finite	0x1.550c5b88bb74p-238	0x1p-1
grid-0266-reverse	0x1.999999999999ap-5	finite	0x1.550c5b88bb723p-238	0x1p-1
grid-0266-reverse	-0x1.999999999999ap-5	finite	0x1.550c5b88bb712p-238	0x1p-1
grid-0268	0x0p+0	finite	0x1.2f4f4326f587p+13	0x1p+1
grid-0268	0x1.999999999999ap-5	finite	0x1.2f4f4326f587p+13	0x1p+1
grid-0268	-0x1.999999999999ap-5	finite	0x1.2f4f4326f586fp+13	0x1p+1
grid-0268-reverse	0x0p+0	finite	0x1.c28546765fe4p-59	0x1p+1
grid-0268-reverse	0x1.999999999999ap-5	finite	0x1.c28546765fe37p-59	0x1p+1
grid-0268-reverse	-0x1.999999999999ap-5	finite	0x1.c28546765fe4ap-59	0x1p+1
grid-0270	0x0p+0	finite	0x1.49b806b92f026p+13	0x1p-1
grid-0270	0x1.999999999999ap-5	finite	0x1.49b806b92f026p+13	0x1p-1
grid-0270	-0x1.999999999999ap-5	finite	0x1.49b806b92f026p+13	0x1p-1
grid-0270-reverse	0x0p+0	finite	0x1.b37b1f7e0608p-362	0x1p-1
grid-0270-reverse	0x1.999999999999ap-5	finite	0x1.b37b1f7e060dp-362	0x1p-1
grid-0270-reverse	-0x1.999999999999ap-5	finite	0x1.b37b1f7e060fp-362	0x1p-1
grid-0272	0x0p+0	finite	0x1.8ed2fe2225f9p+13	0x1p+1
grid-0272	0x1.999999999999ap-5	finite	0x1.8ed2fe2225f9p+13	0x1p+1
grid-0272	-0x1.999999999999ap-5	finite	0x1.8ed2fe2225f8fp+13	0x1p+1
grid-0272-reverse	0x0p+0	finite	0x1.a50b3b724364p-105	0x1p+1
grid-0272-reverse	0x1.999999999999ap-5	finite	0x1.a50b3b7243659p-105	0x1p+1
grid-0272-reverse	-0x1.999999999999ap-5	finite	0x1.a50b3b724363bp-105	0x1p+1
grid-0274	0x0p+0	finite	0x1.49b806b92f026p+13	0x1p-1
grid-0274	0x1.999999999999ap-5	finite	0x1.49b806b92f026p+13	0x1p-1
grid-0274	-0x1.999999999999ap-5	finite	0x1.49b806b92f026p+13	0x1p-1
grid-0274-reverse	0x0p+0	finite	0x1.9a55b28e7e8p-407	0x1p-1
grid-0274-reverse	0x1.999999999999ap-5	finite	0x1.9a55b28e7e7ffp-407	0x1p-1
grid-0274-reverse	-0x1.999999999999ap-5	finite	0x1.9a55b28e7e77dp-407	0x1p-1
grid-0276	0x0p+0	finite	0x1.8ed2fe2225f9p+13	0x1p+1
grid-0276	0x1.999999999999ap-5	finite	0x1.8ed2fe2225f9p+13	0x1p+1
grid-0276	-0x1.999999999999ap-5	finite	0x1.8ed2fe2225f8fp+13	0x1p+1
grid-0276-reverse	0x0p+0	finite	0x1.550e6bb38124p-118	0x1p+1
grid-0276-reverse	0x1.999999999999ap-5	finite	0x1.550e6bb38125p-118	0x1p+1
grid-0276-reverse	-0x1.999999999999ap-5	finite	0x1.550e6bb38122ap-118	0x1p+1
grid-0278	0x0p+0	finite	0x1.49b806b92f026p+13	0x1p-1
grid-0278	0x1.999999999999ap-5	finite	0x1.49b806b92f026p+13	0x1p-1
grid-0278	-0x1.999999999999ap-5	finite	0x1.49b806b92f026p+13	0x1p-1
grid-0278-reverse	0x0p+0	finite	0x1.e1da74dc74c8p-251	0x1p-1
grid-0278-reverse	0x1.999999999999ap-5	finite	0x1.e1da74dc74c86p-251	0x1p-1
grid-0278-reverse	-0x1.999999999999ap-5	finite	0x1.e1da74dc74c9p-251	0x1p-1
grid-0280	0x0p+0	finite	0x1.8ed2fe2225f9p+13	0x1p+1
grid-0280	0x1.999999999999ap-5	finite	0x1.8ed2fe2225f9p+13	0x1p+1
grid-0280	-0x1.999999999999ap-5	finite	0x1.8ed2fe2225f8fp+13	0x1p+1
grid-0280-reverse	0x0p+0	finite	0x1.8aa025aa256cp-72	0x1p+1
grid-0280-reverse	0x1.999999999999ap-5	finite	0x1.8aa025aa256d5p-72	0x1p+1
grid-0280-reverse	-0x1.999999999999ap-5	finite	0x1.8aa025aa256c8p-72	0x1p+1
grid-0282	0x0p+0	finite	0x1.df625766875p-350	0x1p-1
grid-0282	0x1.999999999999ap-5	finite	0x1.df62576687507p-350	0x1p-1
grid-0282	-0x1.999999999999ap-5	finite	0x1.df62576687523p-350	0x1p-1
grid-0282-reverse	0x0p+0	finite	0x1.8bfffffffffffp+6	0x1p-1
grid-0282-reverse	0x1.999999999999ap-5	finite	0x1.8bfffffffffffp+6	0x1p-1
grid-0282-reverse	-0x1.999999999999ap-5	finite	0x1.8bfffffffffffp+6	0x1p-1
grid-0284	0x0p+0	finite	0x1.c49224ad0516p-92	0x1p+1
grid-0284	0x1.999999999999ap-5	finite	0x1.c49224ad0515ap-92	0x1p+1
grid-0284	-0x1.999999999999ap-5	finite	0x1.c49224ad05175p-92	0x1p+1
grid-0284-reverse	0x0p+0	finite	0x1.8bfffffffffffp+6	0x1p+1
grid-0284-reverse	0x1.999999999999ap-5	finite	0x1.8bfffffffffffp+6	0x1p+1
grid-0284-reverse	-0x1.999999999999ap-5	finite	0x1.8bfffffffffffp+6	0x1p+1
grid-0286	0x0p+0	finite	0x1.28ef9374611p-776	0x1p-1
grid-0286	0x1.999999999999ap-5	finite	0x1.28ef93746111fp-776	0x1p-1
grid-0286	-0x1.999999999999ap-5	finite	0x1.28ef93746119p-776	0x1p-1
grid-0286-reverse	0x0p+0	finite	0x1.8bfffffffffffp+6	0x1p-1
grid-0286-reverse	0x1.999999999999ap-5	finite	0x1.8bfffffffffffp+6	0x1p-1
grid-0286-reverse	-0x1.999999999999ap-5	finite	0x1.8bfffffffffffp+6	0x1p-1
grid-0288	0x0p+0	finite	0x1.d3333e3a8cap-200	0x1p+1
grid-0288	0x1.999999999999ap-5	finite	0x1.d3333e3a8c9ffp-200	0x1p+1
grid-0288	-0x1.999999999999ap-5	finite	0x1.d3333e3a8c9e7p-200	0x1p+1
grid-0288-reverse	0x0p+0	finite	0x1.8bfffffffffffp+6	0x1p+1
grid-0288-reverse	0x1.999999999999ap-5	finite	0x1.8bfffffffffffp+6	0x1p+1
grid-0288-reverse	-0x1.999999999999ap-5	finite	0x1.8bfffffffffffp+6	0x1p+1
grid-0290	0x0p+0	finite	0x1.2d319b63b798p-447	0x1p-1
grid-0290	0x1.999999999999ap-5	finite	0x1.2d319b63b7916p-447	0x1p-1
grid-0290	-0x1.999999999999ap-5	finite	0x1.2d319b63b797p-447	0x1p-1
grid-0290-reverse	0x0p+0	finite	0x1.8bfffffffffffp+6	0x1p-1
grid-0290-reverse	0x1.999999999999ap-5	finite	0x1.8bfffffffffffp+6	0x1p-1
grid-0290-reverse	-0x1.999999999999ap-5	finite	0x1.8bfffffffffffp+6	0x1p-1
grid-0292	0x0p+0	finite	0x1.01d5ef38fae8p-116	0x1p+1
grid-0292	0x1.999999999999ap-5	finite	0x1.01d5ef38fae74p-116	0x1p+1
grid-0292	-0x1.999999999999ap-5	finite	0x1.01d5ef38fae8cp-116	0x1p+1
grid-0292-reverse	0x0p+0	finite	0x1.8bfffffffffffp+6	0x1p+1
grid-0292-reverse	0x1.999999999999ap-5	finite	0x1.8bfffffffffffp+6	0x1p+1
grid-0292-reverse	-0x1.999999999999ap-5	finite	0x1.8bfffffffffffp+6	0x1p+1
grid-0294	0x0p+0	finite	0x1.8d9719fcb678p-349	0x1p-1
grid-0294	0x1.999999999999ap-5	finite	0x1.8d9719fcb677ep-349	0x1p-1
grid-0294	-0x1.999999999999ap-5	finite	0x1.8d9719fcb6771p-349	0x1p-1
grid-0294-reverse	0x0p+0	finite	0x1.880a35cf7c3p+6	0x1p-1
grid-0294-reverse	0x1.999999999999ap-5	finite	0x1.880a35cf7c3p+6	0x1p-1
grid-0294-reverse	-0x1.999999999999ap-5	finite	0x1.880a35cf7c2ffp+6	0x1p-1
grid-0296	0x0p+0	finite	0x1.7106d86ea568p-91	0x1p+1
grid-0296	0x1.999999999999ap-5	finite	0x1.7106d86ea5697p-91	0x1p+1
grid-0296	-0x1.999999999999ap-5	finite	0x1.7106d86ea56a4p-91	0x1p+1
grid-0296-reverse	0x0p+0	finite	0x1.7c651d7902d2cp+6	0x1p+1
grid-0296-reverse	0x1.999999999999ap-5	finite	0x1.7c651d7902d2cp+6	0x1p+1
grid-0296-reverse	-0x1.999999999999ap-5	finite	0x1.7c651d7902d2cp+6	0x1p+1
grid-0298	0x0p+0	finite	0x1.d2b527adea4p-775	0x1p-1
grid-0298	0x1.999999999999ap-5	finite	0x1.d2b527adea3f8p-775	0x1p-1
grid-0298	-0x1.999999999999ap-5	finite	0x1.d2b527adea466p-775	0x1p-1
grid-0298-reverse	0x0p+0	finite	0x1.880a35cf7c3p+6	0x1p-1
grid-0298-reverse	0x1.999999999999ap-5	finite	0x1.880a35cf7c3p+6	0x1p-1
grid-0298-reverse	-0x1.999999999999ap-5	finite	0x1.880a35cf7c2ffp+6	0x1p-1
grid-0300	0x0p+0	finite	0x1.68a26f0ee1e4p-198	0x1p+1
grid-0300	0x1.999999999999ap-5	finite	0x1.68a26f0ee1e53p-198	0x1p+1
grid-0300	-0x1.999999999999ap-5	finite	0x1.68a26f0ee1e41p-198	0x1p+1
grid-0300-reverse	0x0p+0	finite	0x1.7c651d7902d2cp+6	0x1p+1
grid-0300-reverse	0x1.999999999999ap-5	finite	0x1.7c651d7902d2cp+6	0x1p+1
grid-0300-reverse	-0x1.999999999999ap-5	finite	0x1.7c651d7902d2cp+6	0x1p+1
grid-0302	0x0p+0	finite	0x1.211b1b448cp-446	0x1p-1
grid-0302	0x1.999999999999ap-5	finite	0x1.211b1b448c03fp-446	0x1p-1
grid-0302	-0x1.999999999999ap-5	finite	0x1.211b1b448c068p-446	0x1p-1
grid-0302-reverse	0x0p+0	finite	0x1.880a35cf7c3p+6	0x1p-1
grid-0302-reverse	0x1.999999999999ap-5	finite	0x1.880a35cf7c3p+6	0x1p-1
grid-0302-reverse	-0x1.999999999999ap-5	finite	0x1.880a35cf7c2ffp+6	0x1p-1
grid-0304	0x0p+0	finite	0x1.e689e7ceccaap-116	0x1p+1
grid-0304	0x1.999999999999ap-5	finite	0x1.e689e7cecca97p-116	0x1p+1
grid-0304	-0x1.999999999999ap-5	finite	0x1.e689e7cecca67p-116	0x1p+1
grid-0304-reverse	0x0p+0	finite	0x1.7c651d7902d2cp+6	0x1p+1
grid-0304-reverse	0x1.999999999999ap-5	finite	0x1.7c651d7902d2cp+6	0x1p+1
grid-0304-reverse	-0x1.999999999999ap-5	finite	0x1.7c651d7902d2cp+6	0x1p+1
grid-0306	0x0p+0	finite	0x1.23c1890e3e3p-331	0x1p-1
grid-0306	0x1.999999999999ap-5	finite	0x1.23c1890e3e2ap-331	0x1p-1
grid-0306	-0x1.999999999999ap-5	finite	0x1.23c1890e3e2e4p-331	0x1p-1
grid-0306-reverse	0x0p+0	finite	0x1.7381daf55853cp+6	0x1p-1
grid-0306-reverse	0x1.999999999999ap-5	finite	0x1.7381daf55853dp+6	0x1p-1
grid-0306-reverse	-0x1.999999999999ap-5	finite	0x1.7381daf55853cp+6	0x1p-1
grid-0308	0x0p+0	finite	0x1.8384f208dcbap-74	0x1p+1
grid-0308	0x1.999999999999ap-5	finite	0x1.8384f208dcbbfp-74	0x1p+1
grid-0308	-0x1.999999999999ap-5	finite	0x1.8384f208dcb96p-74	0x1p+1
grid-0308-reverse	0x0p+0	finite	0x1.32625bb05cb92p+6	0x1p+1
grid-0308-reverse	0x1.999999999999ap-5	finite	0x1.32625bb05cb92p+6	0x1p+1
grid-0308-reverse	-0x1.999999999999ap-5	finite	0x1.32625bb05cb91p+6	0x1p+1
grid-0310	0x0p+0	finite	0x1.3139919b717p-735	0x1p-1
grid-0310	0x1.999999999999ap-5	finite	0x1.3139919b7167p-735	0x1p-1
grid-0310	-0x1.999999999999ap-5	finite	0x1.3139919b716ccp-735	0x1p-1
grid-0310-reverse	0x0p+0	finite	0x1.7381daf55853cp+6	0x1p-1
grid-0310-reverse	0x1.999999999999ap-5	finite	0x1.7381daf55853dp+6	0x1p-1
grid-0310-reverse	-0x1.999999999999ap-5	finite	0x1.7381daf55853cp+6	0x1p-1
grid-0312	0x0p+0	finite	0x1.6171ce38db8cp-160	0x1p+1
grid-0312	0x1.999999999999ap-5	finite	0x1.6171ce38db8b1p-160	0x1p+1
grid-0312	-0x1.999999999999ap-5	finite	0x1.6171ce38db888p-160	0x1p+1
grid-0312-reverse	0x0p+0	finite	0x1.32625bb05cb92p+6	0x1p+1
grid-0312-reverse	0x1.999999999999ap-5	finite	0x1.32625bb05cb92p+6	0x1p+1
grid-0312-reverse	-0x1.999999999999ap-5	finite	0x1.32625bb05cb91p+6	0x1p+1
grid-0314	0x0p+0	finite	0x1.a58e41f42c5p-424	0x1p-1
grid-0314	0x1.999999999999ap-5	finite	0x1.a58e41f42c4ecp-424	0x1p-1
grid-0314	-0x1.999999999999ap-5	finite	0x1.a58e41f42c575p-424	0x1p-1
grid-0314-reverse	0x0p+0	finite	0x1.7381daf55853cp+6	0x1p-1
grid-0314-reverse	0x1.999999999999ap-5	finite	0x1.7381daf55853dp+6	0x1p-1
grid-0314-reverse	-0x1.999999999999ap-5	finite	0x1.7381daf55853cp+6	0x1p-1
grid-0316	0x0p+0	finite	0x1.b60aa0d72b9ep-94	0x1p+1
grid-0316	0x1.999999999999ap-5	finite	0x1.b60aa0d72b9f9p-94	0x1p+1
grid-0316	-0x1.999999999999ap-5	finite	0x1.b60aa0d72b9cap-94	0x1p+1
grid-0316-reverse	0x0p+0	finite	0x1.32625bb05cb92p+6	0x1p+1
grid-0316-reverse	0x1.999999999999ap-5	finite	0x1.32625bb05cb92p+6	0x1p+1
grid-0316-reverse	-0x1.999999999999ap-5	finite	0x1.32625bb05cb91p+6	0x1p+1
grid-0318	0x0p+0	finite	0x1.0e4dd886fcd88p+3	0x1p-1
grid-0318	0x1.999999999999ap-5	finite	0x1.0e4dd886fcd83p+3	0x1p-1
grid-0318	-0x1.999999999999ap-5	finite	0x1.0e4dd886fcd82p+3	0x1p-1
grid-0318-reverse	0x0p+0	finite	0x1.0e4dd886fcd88p+3	0x1p-1
grid-0318-reverse	0x1.999999999999ap-5	finite	0x1.0e4dd886fcd83p+3	0x1p-1
grid-0318-reverse	-0x1.999999999999ap-5	finite	0x1.0e4dd886fcd82p+3	0x1p-1
grid-0320	0x0p+0	finite	0x1.0ccb265fa0718p+4	0x1p+1
grid-0320	0x1.999999999999ap-5	finite	0x1.0ccb265fa0717p+4	0x1p+1
grid-0320	-0x1.999999999999ap-5	finite	0x1.0ccb265fa0714p+4	0x1p+1
grid-0320-reverse	0x0p+0	finite	0x1.0ccb265fa0718p+4	0x1p+1
grid-0320-reverse	0x1.999999999999ap-5	finite	0x1.0ccb265fa0717p+4	0x1p+1
grid-0320-reverse	-0x1.999999999999ap-5	finite	0x1.0ccb265fa0714p+4	0x1p+1
grid-0322	0x0p+0	finite	0x1.68c7d93239c2p+2	0x1p-1
grid-0322	0x1.999999999999ap-5	finite	0x1.68c7d93239c19p+2	0x1p-1
grid-0322	-0x1.999999999999ap-5	finite	0x1.68c7d93239c17p+2	0x1p-1
grid-0322-reverse	0x0p+0	finite	0x1.68c7d93239c2p+2	0x1p-1
grid-0322-reverse	0x1.999999999999ap-5	finite	0x1.68c7d93239c19p+2	0x1p-1
grid-0322-reverse	-0x1.999999999999ap-5	finite	0x1.68c7d93239c17p+2	0x1p-1
grid-0324	0x0p+0	finite	0x1.67e19eece44p+3	0x1p+1
grid-0324	0x1.999999999999ap-5	finite	0x1.67e19eece43fcp+3	0x1p+1
grid-0324	-0x1.999999999999ap-5	finite	0x1.67e19eece43fep+3	0x1p+1
grid-0324-reverse	0x0p+0	finite	0x1.67e19eece44p+3	0x1p+1
grid-0324-reverse	0x1.999999999999ap-5	finite	0x1.67e19eece43fcp+3	0x1p+1
grid-0324-reverse	-0x1.999999999999ap-5	finite	0x1.67e19eece43fep+3	0x1p+1
grid-0326	0x0p+0	finite	0x1.dcf853712b91p+2	0x1p-1
grid-0326	0x1.999999999999ap-5	finite	0x1.dcf853712b90fp+2	0x1p-1
grid-0326	-0x1.999999999999ap-5	finite	0x1.dcf853712b909p+2	0x1p-1
grid-0326-reverse	0x0p+0	finite	0x1.dcf853712b91p+2	0x1p-1
grid-0326-reverse	0x1.999999999999ap-5	finite	0x1.dcf853712b90fp+2	0x1p-1
grid-0326-reverse	-0x1.999999999999ap-5	finite	0x1.dcf853712b909p+2	0x1p-1
grid-0328	0x0p+0	finite	0x1.dae4d5fcf2998p+3	0x1p+1
grid-0328	0x1.999999999999ap-5	finite	0x1.dae4d5fcf299dp+3	0x1p+1
grid-0328	-0x1.999999999999ap-5	finite	0x1.dae4d5fcf2997p+3	0x1p+1
grid-0328-reverse	0x0p+0	finite	0x1.dae4d5fcf2998p+3	0x1p+1
grid-0328-reverse	0x1.999999999999ap-5	finite	0x1.dae4d5fcf299dp+3	0x1p+1
grid-0328-reverse	-0x1.999999999999ap-5	finite	0x1.dae4d5fcf2997p+3	0x1p+1
grid-0330	0x0p+0	finite	0x1.144cb92362bf4p+3	0x1p-1
grid-0330	0x1.999999999999ap-5	finite	0x1.144cb92362bf6p+3	0x1p-1
grid-0330	-0x1.999999999999ap-5	finite	0x1.144cb92362bf8p+3	0x1p-1
grid-0330-reverse	0x0p+0	finite	0x1.046b52f4ddd3cp+3	0x1p-1
grid-0330-reverse	0x1.999999999999ap-5	finite	0x1.046b52f4ddd41p+3	0x1p-1
grid-0330-reverse	-0x1.999999999999ap-5	finite	0x1.046b52f4ddd3fp+3	0x1p-1
grid-0332	0x0p+0	finite	0x1.14ace6aee81f6p+4	0x1p+1
grid-0332	0x1.999999999999ap-5	finite	0x1.14ace6aee81f6p+4	0x1p+1
grid-0332	-0x1.999999999999ap-5	finite	0x1.14ace6aee81f4p+4	0x1p+1
grid-0332-reverse	0x0p+0	finite	0x1.eb3dc1f1a46dcp+3	0x1p+1
grid-0332-reverse	0x1.999999999999ap-5	finite	0x1.eb3dc1f1a46d8p+3	0x1p+1
grid-0332-reverse	-0x1.999999999999ap-5	finite	0x1.eb3dc1f1a46dap+3	0x1p+1
grid-0334	0x0p+0	finite	0x1.76309e592fcc8p+2	0x1p-1
grid-0334	0x1.999999999999ap-5	finite	0x1.76309e592fcc1p+2	0x1p-1
grid-0334	-0x1.999999999999ap-5	finite	0x1.76309e592fcbfp+2	0x1p-1
grid-0334-reverse	0x0p+0	finite	0x1.566dd1fc25f5p+2	0x1p-1
grid-0334-reverse	0x1.999999999999ap-5	finite	0x1.566dd1fc25f5p+2	0x1p-1
grid-0334-reverse	-0x1.999999999999ap-5	finite	0x1.566dd1fc25f4ep+2	0x1p-1
grid-0336	0x0p+0	finite	0x1.7d2f363e54e7cp+3	0x1p+1
grid-0336	0x1.999999999999ap-5	finite	0x1.7d2f363e54e84p+3	0x1p+1
grid-0336	-0x1.999999999999ap-5	finite	0x1.7d2f363e54e7cp+3	0x1p+1
grid-0336-reverse	0x0p+0	finite	0x1.3f132ad22917p+3	0x1p+1
grid-0336-reverse	0x1.999999999999ap-5	finite	0x1.3f132ad229173p+3	0x1p+1
grid-0336-reverse	-0x1.999999999999ap-5	finite	0x1.3f132ad22916ep+3	0x1p+1
grid-0338	0x0p+0	finite	0x1.e974e6b4a18bp+2	0x1p-1
grid-0338	0x1.999999999999ap-5	finite	0x1.e974e6b4a18adp+2	0x1p-1
grid-0338	-0x1.999999999999ap-5	finite	0x1.e974e6b4a18bp+2	0x1p-1
grid-0338-reverse	0x0p+0	finite	0x1.c9b21a5797b48p+2	0x1p-1
grid-0338-reverse	0x1.999999999999ap-5	finite	0x1.c9b21a5797b4cp+2	0x1p-1
grid-0338-reverse	-0x1.999999999999ap-5	finite	0x1.c9b21a5797b48p+2	0x1p-1
grid-0340	0x0p+0	finite	0x1.ec9648badcf7p+3	0x1p+1
grid-0340	0x1.999999999999ap-5	finite	0x1.ec9648badcf77p+3	0x1p+1
grid-0340	-0x1.999999999999ap-5	finite	0x1.ec9648badcf71p+3	0x1p+1
grid-0340-reverse	0x0p+0	finite	0x1.ae7a3d4eb126p+3	0x1p+1
grid-0340-reverse	0x1.999999999999ap-5	finite	0x1.ae7a3d4eb125bp+3	0x1p+1
grid-0340-reverse	-0x1.999999999999ap-5	finite	0x1.ae7a3d4eb125fp+3	0x1p+1
grid-0342	0x0p+0	finite	0x1.02360ed176674p+4	0x1p-1
grid-0342	0x1.999999999999ap-5	finite	0x1.02360ed176673p+4	0x1p-1
grid-0342	-0x1.999999999999ap-5	finite	0x1.02360ed176676p+4	0x1p-1
grid-0342-reverse	0x0p+0	finite	0x1.d0a5be8b61f9p+1	0x1p-1
grid-0342-reverse	0x1.999999999999ap-5	finite	0x1.d0a5be8b61f92p+1	0x1p-1
grid-0342-reverse	-0x1.999999999999ap-5	finite	0x1.d0a5be8b61f8cp+1	0x1p-1
grid-0344	0x0p+0	finite	0x1.a7c75b0bdfdd2p+5	0x1p+1
grid-0344	0x1.999999999999ap-5	finite	0x1.a7c75b0bdfdd2p+5	0x1p+1
grid-0344	-0x1.999999999999ap-5	finite	0x1.a7c75b0bdfdd1p+5	0x1p+1
grid-0344-reverse	0x0p+0	finite	0x1.39959c68343f8p+1	0x1p+1
grid-0344-reverse	0x1.999999999999ap-5	finite	0x1.39959c68343fp+1	0x1p+1
grid-0344-reverse	-0x1.999999999999ap-5	finite	0x1.39959c68343fap+1	0x1p+1
grid-0346	0x0p+0	finite	0x1.beff4f74dbc08p+3	0x1p-1
grid-0346	0x1.999999999999ap-5	finite	0x1.beff4f74dbc01p+3	0x1p-1
grid-0346	-0x1.999999999999ap-5	finite	0x1.beff4f74dbc07p+3	0x1p-1
grid-0346-reverse	0x0p+0	finite	0x1.75e50ba63b7dp+0	0x1p-1
grid-0346-reverse	0x1.999999999999ap-5	finite	0x1.75e50ba63b7c6p+0	0x1p-1
grid-0346-reverse	-0x1.999999999999ap-5	finite	0x1.75e50ba63b7b2p+0	0x1p-1
grid-0348	0x0p+0	finite	0x1.97a7a9a08f706p+5	0x1p+1
grid-0348	0x1.999999999999ap-5	finite	0x1.97a7a9a08f705p+5	0x1p+1
grid-0348	-0x1.999999999999ap-5	finite	0x1.97a7a9a08f705p+5	0x1p+1
grid-0348-reverse	0x0p+0	finite	0x1.bcd42d996b99p-2	0x1p+1
grid-0348-reverse	0x1.999999999999ap-5	finite	0x1.bcd42d996b964p-2	0x1p+1
grid-0348-reverse	-0x1.999999999999ap-5	finite	0x1.bcd42d996b997p-2	0x1p+1
grid-0350	0x0p+0	finite	0x1.ea495956f5188p+3	0x1p-1
grid-0350	0x1.999999999999ap-5	finite	0x1.ea495956f5184p+3	0x1p-1
grid-0350	-0x1.999999999999ap-5	finite	0x1.ea495956f5187p+3	0x1p-1
grid-0350-reverse	0x0p+0	finite	0x1.681aad5b8321p+1	0x1p-1
grid-0350-reverse	0x1.999999999999ap-5	finite	0x1.681aad5b83216p+1	0x1p-1
grid-0350-reverse	-0x1.999999999999ap-5	finite	0x1.681aad5b8322p+1	0x1p-1
grid-0352	0x0p+0	finite	0x1.a0a2d81a91418p+5	0x1p+1
grid-0352	0x1.999999999999ap-5	finite	0x1.a0a2d81a91416p+5	0x1p+1
grid-0352	-0x1.999999999999ap-5	finite	0x1.a0a2d81a91419p+5	0x1p+1
grid-0352-reverse	0x0p+0	finite	0x1.8e9adaa6950a8p+0	0x1p+1
grid-0352-reverse	0x1.999999999999ap-5	finite	0x1.8e9adaa6950d1p+0	0x1p+1
grid-0352-reverse	-0x1.999999999999ap-5	finite	0x1.8e9adaa6950a1p+0	0x1p+1
grid-0354	0x0p+0	finite	0x1.355ffffffffffp+13	0x1p-1
grid-0354	0x1.999999999999ap-5	finite	0x1.355ffffffffffp+13	0x1p-1
grid-0354	-0x1.999999999999ap-5	finite	0x1.355ffffffffffp+13	0x1p-1
grid-0354-reverse	0x0p+0	finite	0x1.7684d44819b8p-343	0x1p-1
grid-0354-reverse	0x1.999999999999ap-5	finite	0x1.7684d44819bcfp-343	0x1p-1
grid-0354-reverse	-0x1.999999999999ap-5	finite	0x1.7684d44819b25p-343	0x1p-1
grid-0356	0x0p+0	finite	0x1.355ffffffffffp+13	0x1p+1
grid-0356	0x1.999999999999ap-5	finite	0x1.355ffffffffffp+13	0x1p+1
grid-0356	-0x1.999999999999ap-5	finite	0x1.355fffffffffep+13	0x1p+1
grid-0356-reverse	0x0p+0	finite	0x1.61922ca72bf8p-85	0x1p+1
grid-0356-reverse	0x1.999999999999ap-5	finite	0x1.61922ca72bf55p-85	0x1p+1
grid-0356-reverse	-0x1.999999999999ap-5	finite	0x1.61922ca72bf96p-85	0x1p+1
grid-0358	0x0p+0	finite	0x1.355ffffffffffp+13	0x1p-1
grid-0358	0x1.999999999999ap-5	finite	0x1.355ffffffffffp+13	0x1p-1
grid-0358	-0x1.999999999999ap-5	finite	0x1.355ffffffffffp+13	0x1p-1
grid-0358-reverse	0x0p+0	finite	0x1.cff65665d7bp-770	0x1p-1
grid-0358-reverse	0x1.999999999999ap-5	finite	0x1.cff65665d7b3dp-770	0x1p-1
grid-0358-reverse	-0x1.999999999999ap-5	finite	0x1.cff65665d7a9bp-770	0x1p-1
grid-0360	0x0p+0	finite	0x1.355ffffffffffp+13	0x1p+1
grid-0360	0x1.999999999999ap-5	finite	0x1.355ffffffffffp+13	0x1p+1
grid-0360	-0x1.999999999999ap-5	finite	0x1.355fffffffffep+13	0x1p+1
grid-0360-reverse	0x0p+0	finite	0x1.6d00089dbddcp-193	0x1p+1
grid-0360-reverse	0x1.999999999999ap-5	finite	0x1.6d00089dbdc67p-193	0x1p+1
grid-0360-reverse	-0x1.999999999999ap-5	finite	0x1.6d00089dbddc1p-193	0x1p+1
grid-0362	0x0p+0	finite	0x1.355ffffffffffp+13	0x1p-1
grid-0362	0x1.999999999999ap-5	finite	0x1.355ffffffffffp+13	0x1p-1
grid-0362	-0x1.999999999999ap-5	finite	0x1.355ffffffffffp+13	0x1p-1
grid-0362-reverse	0x0p+0	finite	0x1.d69d82cbced8p-441	0x1p-1
grid-0362-reverse	0x1.999999999999ap-5	finite	0x1.d69d82cbcedd6p-441	0x1p-1
grid-0362-reverse	-0x1.999999999999ap-5	finite	0x1.d69d82cbced4bp-441	0x1p-1
grid-0364	0x0p+0	finite	0x1.355ffffffffffp+13	0x1p+1
grid-0364	0x1.999999999999ap-5	finite	0x1.355ffffffffffp+13	0x1p+1
grid-0364	-0x1.999999999999ap-5	finite	0x1.355fffffffffep+13	0x1p+1
grid-0364-reverse	0x0p+0	finite	0x1.92de45c9080ap-110	0x1p+1
grid-0364-reverse	0x1.999999999999ap-5	finite	0x1.92de45c907f7bp-110	0x1p+1
grid-0364-reverse	-0x1.999999999999ap-5	finite	0x1.92de45c90809dp-110	0x1p+1
grid-0366	0x0p+0	finite	0x1.33d8f55e2fa1cp+13	0x1p-1
grid-0366	0x1.999999999999ap-5	finite	0x1.33d8f55e2fa1cp+13	0x1p-1
grid-0366	-0x1.999999999999ap-5	finite	0x1.33d8f55e2fa1cp+13	0x1p-1
grid-0366-reverse	0x0p+0	finite	0x1.bc98f228b488p-344	0x1p-1
grid-0366-reverse	0x1.999999999999ap-5	finite	0x1.bc98f228b4821p-344	0x1p-1
grid-0366-reverse	-0x1.999999999999ap-5	finite	0x1.bc98f228b481ep-344	0x1p-1
grid-0368	0x0p+0	finite	0x1.2f4f4326f587p+13	0x1p+1
grid-0368	0x1.999999999999ap-5	finite	0x1.2f4f4326f587p+13	0x1p+1
grid-0368	-0x1.999999999999ap-5	finite	0x1.2f4f4326f586fp+13	0x1p+1
grid-0368-reverse	0x0p+0	finite	0x1.9778dbcee09ap-86	0x1p+1
grid-0368-reverse	0x1.999999999999ap-5	finite	0x1.9778dbcee098ep-86	0x1p+1
grid-0368-reverse	-0x1.999999999999ap-5	finite	0x1.9778dbcee09a3p-86	0x1p+1
grid-0370	0x0p+0	finite	0x1.33d8f55e2fa1cp+13	0x1p-1
grid-0370	0x1.999999999999ap-5	finite	0x1.33d8f55e2fa1cp+13	0x1p-1
grid-0370	-0x1.999999999999ap-5	finite	0x1.33d8f55e2fa1cp+13	0x1p-1
grid-0370-reverse	0x0p+0	finite	0x1.226e8781658p-771	0x1p-1
grid-0370-reverse	0x1.999999999999ap-5	finite	0x1.226e8781658d7p-771	0x1p-1
grid-0370-reverse	-0x1.999999999999ap-5	finite	0x1.226e87816586bp-771	0x1p-1
grid-0372	0x0p+0	finite	0x1.2f4f4326f587p+13	0x1p+1
grid-0372	0x1.999999999999ap-5	finite	0x1.2f4f4326f587p+13	0x1p+1
grid-0372	-0x1.999999999999ap-5	finite	0x1.2f4f4326f586fp+13	0x1p+1
grid-0372-reverse	0x0p+0	finite	0x1.bb1d2d3d98ccp-195	0x1p+1
grid-0372-reverse	0x1.999999999999ap-5	finite	0x1.bb1d2d3d98ca7p-195	0x1p+1
grid-0372-reverse	-0x1.999999999999ap-5	finite	0x1.bb1d2d3d98cdbp-195	0x1p+1
grid-0374	0x0p+0	finite	0x1.33d8f55e2fa1cp+13	0x1p-1
grid-0374	0x1.999999999999ap-5	finite	0x1.33d8f55e2fa1cp+13	0x1p-1
grid-0374	-0x1.999999999999ap-5	finite	0x1.33d8f55e2fa1cp+13	0x1p-1
grid-0374-reverse	0x0p+0	finite	0x1.e2a628dd7d78p-442	0x1p-1
grid-0374-reverse	0x1.999999999999ap-5	finite	0x1.e2a628dd7d6bbp-442	0x1p-1
grid-0374-reverse	-0x1.999999999999ap-5	finite	0x1.e2a628dd7d6eap-442	0x1p-1
grid-0376	0x0p+0	finite	0x1.2f4f4326f587p+13	0x1p+1
grid-0376	0x1.999999999999ap-5	finite	0x1.2f4f4326f587p+13	0x1p+1
grid-0376	-0x1.999999999999ap-5	finite	0x1.2f4f4326f586fp+13	0x1p+1
grid-0376-reverse	0x0p+0	finite	0x1.90fdf04e0a8ap-111	0x1p+1
grid-0376-reverse	0x1.999999999999ap-5	finite	0x1.90fdf04e0a88bp-111	0x1p+1
grid-0376-reverse	-0x1.999999999999ap-5	finite	0x1.90fdf04e0a8a3p-111	0x1p+1
grid-0378	0x0p+0	finite	0x1.49b806b92f026p+13	0x1p-1
grid-0378	0x1.999999999999ap-5	finite	0x1.49b806b92f026p+13	0x1p-1
grid-0378	-0x1.999999999999ap-5	finite	0x1.49b806b92f026p+13	0x1p-1
grid-0378-reverse	0x0p+0	finite	0x1.b37b1f7e0608p-362	0x1p-1
grid-0378-reverse	0x1.999999999999ap-5	finite	0x1.b37b1f7e060dp-362	0x1p-1
grid-0378-reverse	-0x1.999999999999ap-5	finite	0x1.b37b1f7e060fp-362	0x1p-1
grid-0380	0x0p+0	finite	0x1.8ed2fe2225f9p+13	0x1p+1
grid-0380	0x1.999999999999ap-5	finite	0x1.8ed2fe2225f9p+13	0x1p+1
grid-0380	-0x1.999999999999ap-5	finite	0x1.8ed2fe2225f8fp+13	0x1p+1
grid-0380-reverse	0x0p+0	finite	0x1.a50b3b724364p-105	0x1p+1
grid-0380-reverse	0x1.999999999999ap-5	finite	0x1.a50b3b7243659p-105	0x1p+1
grid-0380-reverse	-0x1.999999999999ap-5	finite	0x1.a50b3b724363bp-105	0x1p+1
grid-0382	0x0p+0	finite	0x1.49b806b92f026p+13	0x1p-1
grid-0382	0x1.999999999999ap-5	finite	0x1.49b806b92f026p+13	0x1p-1
grid-0382	-0x1.999999999999ap-5	finite	0x1.49b806b92f026p+13	0x1p-1
grid-0382-reverse	0x0p+0	finite	0x1.9de6ed9277fp-812	0x1p-1
grid-0382-reverse	0x1.999999999999ap-5	finite	0x1.9de6ed9277f11p-812	0x1p-1
grid-0382-reverse	-0x1.999999999999ap-5	finite	0x1.9de6ed9277ed7p-812	0x1p-1
grid-0384	0x0p+0	finite	0x1.8ed2fe2225f9p+13	0x1p+1
grid-0384	0x1.999999999999ap-5	finite	0x1.8ed2fe2225f9p+13	0x1p+1
grid-0384	-0x1.999999999999ap-5	finite	0x1.8ed2fe2225f8fp+13	0x1p+1
grid-0384-reverse	0x0p+0	finite	0x1.5b0bcc1b799cp-237	0x1p+1
grid-0384-reverse	0x1.999999999999ap-5	finite	0x1.5b0bcc1b799a7p-237	0x1p+1
grid-0384-reverse	-0x1.999999999999ap-5	finite	0x1.5b0bcc1b799b6p-237	0x1p+1
grid-0386	0x0p+0	finite	0x1.49b806b92f026p+13	0x1p-1
grid-0386	0x1.999999999999ap-5	finite	0x1.49b806b92f026p+13	0x1p-1
grid-0386	-0x1.999999999999ap-5	finite	0x1.49b806b92f026p+13	0x1p-1
grid-0386-reverse	0x0p+0	finite	0x1.aef5a1b8b308p-465	0x1p-1
grid-0386-reverse	0x1.999999999999ap-5	finite	0x1.aef5a1b8b305ep-465	0x1p-1
grid-0386-reverse	-0x1.999999999999ap-5	finite	0x1.aef5a1b8b30afp-465	0x1p-1
grid-0388	0x0p+0	finite	0x1.8ed2fe2225f9p+13	0x1p+1
grid-0388	0x1.999999999999ap-5	finite	0x1.8ed2fe2225f9p+13	0x1p+1
grid-0388	-0x1.999999999999ap-5	finite	0x1.8ed2fe2225f8fp+13	0x1p+1
grid-0388-reverse	0x0p+0	finite	0x1.454d0ac43906p-135	0x1p+1
grid-0388-reverse	0x1.999999999999ap-5	finite	0x1.454d0ac439065p-135	0x1p+1
grid-0388-reverse	-0x1.999999999999ap-5	finite	0x1.454d0ac43905dp-135	0x1p+1
grid-0390	0x0p+0	finite	0x1.df625766875p-350	0x1p-1
grid-0390	0x1.999999999999ap-5	finite	0x1.df62576687507p-350	0x1p-1
grid-0390	-0x1.999999999999ap-5	finite	0x1.df62576687523p-350	0x1p-1
grid-0390-reverse	0x0p+0	finite	0x1.8bfffffffffffp+6	0x1p-1
grid-0390-reverse	0x1.999999999999ap-5	finite	0x1.8bfffffffffffp+6	0x1p-1
grid-0390-reverse	-0x1.999999999999ap-5	finite	0x1.8bfffffffffffp+6	0x1p-1
grid-0392	0x0p+0	finite	0x1.c49224ad0516p-92	0x1p+1
grid-0392	0x1.999999999999ap-5	finite	0x1.c49224ad0515ap-92	0x1p+1
grid-0392	-0x1.999999999999ap-5	finite	0x1.c49224ad05175p-92	0x1p+1
grid-0392-reverse	0x0p+0	finite	0x1.8bfffffffffffp+6	0x1p+1
grid-0392-reverse	0x1.999999999999ap-5	finite	0x1.8bfffffffffffp+6	0x1p+1
grid-0392-reverse	-0x1.999999999999ap-5	finite	0x1.8bfffffffffffp+6	0x1p+1
grid-0394	0x0p+0	finite	0x0p+0	0x1p-1
grid-0394	0x1.999999999999ap-5	finite	0x0p+0	0x1p-1
grid-0394	-0x1.999999999999ap-5	finite	0x0p+0	0x1p-1
grid-0394-reverse	0x0p+0	finite	0x1.8cp+6	0x1p-1
grid-0394-reverse	0x1.999999999999ap-5	finite	0x1.8cp+6	0x1p-1
grid-0394-reverse	-0x1.999999999999ap-5	finite	0x1.8cp+6	0x1p-1
grid-0396	0x0p+0	finite	0x0p+0	0x1p+1
grid-0396	0x1.999999999999ap-5	finite	0x0p+0	0x1p+1
grid-0396	-0x1.999999999999ap-5	finite	0x0p+0	0x1p+1
grid-0396-reverse	0x0p+0	finite	0x1.8cp+6	0x1p+1
grid-0396-reverse	0x1.999999999999ap-5	finite	0x1.8cp+6	0x1p+1
grid-0396-reverse	-0x1.999999999999ap-5	finite	0x1.8cp+6	0x1p+1
grid-0398	0x0p+0	finite	0x0p+0	0x1p-1
grid-0398	0x1.999999999999ap-5	finite	0x0p+0	0x1p-1
grid-0398	-0x1.999999999999ap-5	finite	0x0p+0	0x1p-1
grid-0398-reverse	0x0p+0	finite	0x1.8bfffffffffffp+6	0x1p-1
grid-0398-reverse	0x1.999999999999ap-5	finite	0x1.8bfffffffffffp+6	0x1p-1
grid-0398-reverse	-0x1.999999999999ap-5	finite	0x1.8bfffffffffffp+6	0x1p-1
grid-0400	0x0p+0	finite	0x1.28ef937461cp-776	0x1p+1
grid-0400	0x1.999999999999ap-5	finite	0x1.28ef937461c0cp-776	0x1p+1
grid-0400	-0x1.999999999999ap-5	finite	0x1.28ef937461bd3p-776	0x1p+1
grid-0400-reverse	0x0p+0	finite	0x1.8bfffffffffffp+6	0x1p+1
grid-0400-reverse	0x1.999999999999ap-5	finite	0x1.8bfffffffffffp+6	0x1p+1
grid-0400-reverse	-0x1.999999999999ap-5	finite	0x1.8bfffffffffffp+6	0x1p+1
grid-0402	0x0p+0	finite	0x1.8d9719fcb678p-349	0x1p-1
grid-0402	0x1.999999999999ap-5	finite	0x1.8d9719fcb677ep-349	0x1p-1
grid-0402	-0x1.999999999999ap-5	finite	0x1.8d9719fcb6771p-349	0x1p-1
grid-0402-reverse	0x0p+0	finite	0x1.880a35cf7c3p+6	0x1p-1
grid-0402-reverse	0x1.999999999999ap-5	finite	0x1.880a35cf7c3p+6	0x1p-1
grid-0402-reverse	-0x1.999999999999ap-5	finite	0x1.880a35cf7c2ffp+6	0x1p-1
grid-0404	0x0p+0	finite	0x1.7106d86ea568p-91	0x1p+1
grid-0404	0x1.999999999999ap-5	finite	0x1.7106d86ea5697p-91	0x1p+1
grid-0404	-0x1.999999999999ap-5	finite	0x1.7106d86ea56a4p-91	0x1p+1
grid-0404-reverse	0x0p+0	finite	0x1.7c651d7902d2cp+6	0x1p+1
grid-0404-reverse	0x1.999999999999ap-5	finite	0x1.7c651d7902d2cp+6	0x1p+1
grid-0404-reverse	-0x1.999999999999ap-5	finite	0x1.7c651d7902d2cp+6	0x1p+1
grid-0406	0x0p+0	finite	0x0p+0	0x1p-1
grid-0406	0x1.999999999999ap-5	finite	0x0p+0	0x1p-1
grid-0406	-0x1.999999999999ap-5	finite	0x0p+0	0x1p-1
grid-0406-reverse	0x0p+0	finite	0x1.880a35cf7c301p+6	0x1p-1
grid-0406-reverse	0x1.999999999999ap-5	finite	0x1.880a35cf7c301p+6	0x1p-1
grid-0406-reverse	-0x1.999999999999ap-5	finite	0x1.880a35cf7c3p+6	0x1p-1
grid-0408	0x0p+0	finite	0x0p+0	0x1p+1
grid-0408	0x1.999999999999ap-5	finite	0x0p+0	0x1p+1
grid-0408	-0x1.999999999999ap-5	finite	0x0p+0	0x1p+1
grid-0408-reverse	0x0p+0	finite	0x1.7c651d7902d2dp+6	0x1p+1
grid-0408-reverse	0x1.999999999999ap-5	finite	0x1.7c651d7902d2dp+6	0x1p+1
grid-0408-reverse	-0x1.999999999999ap-5	finite	0x1.7c651d7902d2dp+6	0x1p+1
grid-0410	0x0p+0	finite	0x0p+0	0x1p-1
grid-0410	0x1.999999999999ap-5	finite	0x0p+0	0x1p-1
grid-0410	-0x1.999999999999ap-5	finite	0x0p+0	0x1p-1
grid-0410-reverse	0x0p+0	finite	0x1.880a35cf7c3p+6	0x1p-1
grid-0410-reverse	0x1.999999999999ap-5	finite	0x1.880a35cf7c3p+6	0x1p-1
grid-0410-reverse	-0x1.999999999999ap-5	finite	0x1.880a35cf7c2ffp+6	0x1p-1
grid-0412	0x0p+0	finite	0x1.c1a8023a534p-770	0x1p+1
grid-0412	0x1.999999999999ap-5	finite	0x1.c1a8023a533c6p-770	0x1p+1
grid-0412	-0x1.999999999999ap-5	finite	0x1.c1a8023a53352p-770	0x1p+1
grid-0412-reverse	0x0p+0	finite	0x1.7c651d7902d2cp+6	0x1p+1
grid-0412-reverse	0x1.999999999999ap-5	finite	0x1.7c651d7902d2cp+6	0x1p+1
grid-0412-reverse	-0x1.999999999999ap-5	finite	0x1.7c651d7902d2cp+6	0x1p+1
grid-0414	0x0p+0	finite	0x1.23c1890e3e3p-331	0x1p-1
grid-0414	0x1.999999999999ap-5	finite	0x1.23c1890e3e2ap-331	0x1p-1
grid-0414	-0x1.999999999999ap-5	finite	0x1.23c1890e3e2e4p-331	0x1p-1
grid-0414-reverse	0x0p+0	finite	0x1.7381daf55853cp+6	0x1p-1
grid-0414-reverse	0x1.999999999999ap-5	finite	0x1.7381daf55853dp+6	0x1p-1
grid-0414-reverse	-0x1.999999999999ap-5	finite	0x1.7381daf55853cp+6	0x1p-1
grid-0416	0x0p+0	finite	0x1.8384f208dcbap-74	0x1p+1
grid-0416	0x1.999999999999ap-5	finite	0x1.8384f208dcbbfp-74	0x1p+1
grid-0416	-0x1.999999999999ap-5	finite	0x1.8384f208dcb96p-74	0x1p+1
grid-0416-reverse	0x0p+0	finite	0x1.32625bb05cb92p+6	0x1p+1
grid-0416-reverse	0x1.999999999999ap-5	finite	0x1.32625bb05cb92p+6	0x1p+1
grid-0416-reverse	-0x1.999999999999ap-5	finite	0x1.32625bb05cb91p+6	0x1p+1
grid-0418	0x0p+0	finite	0x0p+0	0x1p-1
grid-0418	0x1.999999999999ap-5	finite	0x0p+0	0x1p-1
grid-0418	-0x1.999999999999ap-5	finite	0x0p+0	0x1p-1
grid-0418-reverse	0x0p+0	finite	0x1.7381daf55853dp+6	0x1p-1
grid-0418-reverse	0x1.999999999999ap-5	finite	0x1.7381daf55853ep+6	0x1p-1
grid-0418-reverse	-0x1.999999999999ap-5	finite	0x1.7381daf55853dp+6	0x1p-1
grid-0420	0x0p+0	finite	0x0p+0	0x1p+1
grid-0420	0x1.999999999999ap-5	finite	0x0p+0	0x1p+1
grid-0420	-0x1.999999999999ap-5	finite	0x0p+0	0x1p+1
grid-0420-reverse	0x0p+0	finite	0x1.32625bb05cb93p+6	0x1p+1
grid-0420-reverse	0x1.999999999999ap-5	finite	0x1.32625bb05cb93p+6	0x1p+1
grid-0420-reverse	-0x1.999999999999ap-5	finite	0x1.32625bb05cb92p+6	0x1p+1
grid-0422	0x0p+0	finite	0x0p+0	0x1p-1
grid-0422	0x1.999999999999ap-5	finite	0x0p+0	0x1p-1
grid-0422	-0x1.999999999999ap-5	finite	0x0p+0	0x1p-1
grid-0422-reverse	0x0p+0	finite	0x1.7381daf55853cp+6	0x1p-1
grid-0422-reverse	0x1.999999999999ap-5	finite	0x1.7381daf55853dp+6	0x1p-1
grid-0422-reverse	-0x1.999999999999ap-5	finite	0x1.7381daf55853cp+6	0x1p-1
grid-0424	0x0p+0	finite	0x1.8a92a42848fp-619	0x1p+1
grid-0424	0x1.999999999999ap-5	finite	0x1.8a92a42848f82p-619	0x1p+1
grid-0424	-0x1.999999999999ap-5	finite	0x1.8a92a42848f2fp-619	0x1p+1
grid-0424-reverse	0x0p+0	finite	0x1.32625bb05cb92p+6	0x1p+1
grid-0424-reverse	0x1.999999999999ap-5	finite	0x1.32625bb05cb92p+6	0x1p+1
grid-0424-reverse	-0x1.999999999999ap-5	finite	0x1.32625bb05cb91p+6	0x1p+1
grid-0426	0x0p+0	finite	0x1.0e4dd886fcd88p+3	0x1p-1
grid-0426	0x1.999999999999ap-5	finite	0x1.0e4dd886fcd83p+3	0x1p-1
grid-0426	-0x1.999999999999ap-5	finite	0x1.0e4dd886fcd82p+3	0x1p-1
grid-0426-reverse	0x0p+0	finite	0x1.0e4dd886fcd88p+3	0x1p-1
grid-0426-reverse	0x1.999999999999ap-5	finite	0x1.0e4dd886fcd83p+3	0x1p-1
grid-0426-reverse	-0x1.999999999999ap-5	finite	0x1.0e4dd886fcd82p+3	0x1p-1
grid-0428	0x0p+0	finite	0x1.0ccb265fa0718p+4	0x1p+1
grid-0428	0x1.999999999999ap-5	finite	0x1.0ccb265fa0717p+4	0x1p+1
grid-0428	-0x1.999999999999ap-5	finite	0x1.0ccb265fa0714p+4	0x1p+1
grid-0428-reverse	0x0p+0	finite	0x1.0ccb265fa0718p+4	0x1p+1
grid-0428-reverse	0x1.999999999999ap-5	finite	0x1.0ccb265fa0717p+4	0x1p+1
grid-0428-reverse	-0x1.999999999999ap-5	finite	0x1.0ccb265fa0714p+4	0x1p+1
grid-0430	0x0p+0	nonfinite	nan	0x1p-1
grid-0430	0x1.999999999999ap-5	nonfinite	nan	0x1p-1
grid-0430	-0x1.999999999999ap-5	nonfinite	nan	0x1p-1
grid-0430-reverse	0x0p+0	nonfinite	nan	0x1p-1
grid-0430-reverse	0x1.999999999999ap-5	nonfinite	nan	0x1p-1
grid-0430-reverse	-0x1.999999999999ap-5	nonfinite	nan	0x1p-1
grid-0432	0x0p+0	nonfinite	nan	0x1p+1
grid-0432	0x1.999999999999ap-5	nonfinite	nan	0x1p+1
grid-0432	-0x1.999999999999ap-5	nonfinite	nan	0x1p+1
grid-0432-reverse	0x0p+0	nonfinite	nan	0x1p+1
grid-0432-reverse	0x1.999999999999ap-5	nonfinite	nan	0x1p+1
grid-0432-reverse	-0x1.999999999999ap-5	nonfinite	nan	0x1p+1
grid-0434	0x0p+0	finite	0x1.6901913b1284p+1	0x1p-1
grid-0434	0x1.999999999999ap-5	finite	0x1.6901913b1283cp+1	0x1p-1
grid-0434	-0x1.999999999999ap-5	finite	0x1.6901913b12845p+1	0x1p-1
grid-0434-reverse	0x0p+0	finite	0x1.6901913b1284p+1	0x1p-1
grid-0434-reverse	0x1.999999999999ap-5	finite	0x1.6901913b1283cp+1	0x1p-1
grid-0434-reverse	-0x1.999999999999ap-5	finite	0x1.6901913b12845p+1	0x1p-1
grid-0436	0x0p+0	finite	0x1.68c7d93239c2p+2	0x1p+1
grid-0436	0x1.999999999999ap-5	finite	0x1.68c7d93239c17p+2	0x1p+1
grid-0436	-0x1.999999999999ap-5	finite	0x1.68c7d93239c1bp+2	0x1p+1
grid-0436-reverse	0x0p+0	finite	0x1.68c7d93239c2p+2	0x1p+1
grid-0436-reverse	0x1.999999999999ap-5	finite	0x1.68c7d93239c17p+2	0x1p+1
grid-0436-reverse	-0x1.999999999999ap-5	finite	0x1.68c7d93239c1bp+2	0x1p+1
grid-0438	0x0p+0	finite	0x1.144cb92362bf4p+3	0x1p-1
grid-0438	0x1.999999999999ap-5	finite	0x1.144cb92362bf6p+3	0x1p-1
grid-0438	-0x1.999999999999ap-5	finite	0x1.144cb92362bf8p+3	0x1p-1
grid-0438-reverse	0x0p+0	finite	0x1.046b52f4ddd3cp+3	0x1p-1
grid-0438-reverse	0x1.999999999999ap-5	finite	0x1.046b52f4ddd41p+3	0x1p-1
grid-0438-reverse	-0x1.999999999999ap-5	finite	0x1.046b52f4ddd3fp+3	0x1p-1
grid-0440	0x0p+0	finite	0x1.14ace6aee81f6p+4	0x1p+1
grid-0440	0x1.999999999999ap-5	finite	0x1.14ace6aee81f6p+4	0x1p+1
grid-0440	-0x1.999999999999ap-5	finite	0x1.14ace6aee81f4p+4	0x1p+1
grid-0440-reverse	0x0p+0	finite	0x1.eb3dc1f1a46dcp+3	0x1p+1
grid-0440-reverse	0x1.999999999999ap-5	finite	0x1.eb3dc1f1a46d8p+3	0x1p+1
grid-0440-reverse	-0x1.999999999999ap-5	finite	0x1.eb3dc1f1a46dap+3	0x1p+1
grid-0442	0x0p+0	finite	0x1.fc2cc5d09d7p-2	0x1p-1
grid-0442	0x1.999999999999ap-5	finite	0x1.fc2cc5d09d697p-2	0x1p-1
grid-0442	-0x1.999999999999ap-5	finite	0x1.fc2cc5d09d70cp-2	0x1p-1
grid-0442-reverse	0x0p+0	finite	0x0p+0	0x1p-1
grid-0442-reverse	0x1.999999999999ap-5	finite	0x0p+0	0x1p-1
grid-0442-reverse	-0x1.999999999999ap-5	finite	0x0p+0	0x1p-1
grid-0444	0x0p+0	finite	0x1.f0e05b615e88p+0	0x1p+1
grid-0444	0x1.999999999999ap-5	finite	0x1.f0e05b615e8a3p+0	0x1p+1
grid-0444	-0x1.999999999999ap-5	finite	0x1.f0e05b615e86fp+0	0x1p+1
grid-0444-reverse	0x0p+0	finite	0x0p+0	0x1p+1
grid-0444-reverse	0x1.999999999999ap-5	finite	0x0p+0	0x1p+1
grid-0444-reverse	-0x1.999999999999ap-5	finite	0x0p+0	0x1p+1
grid-0446	0x0p+0	finite	0x1.86f73d6d4145p+1	0x1p-1
grid-0446	0x1.999999999999ap-5	finite	0x1.86f73d6d41456p+1	0x1p-1
grid-0446	-0x1.999999999999ap-5	finite	0x1.86f73d6d41459p+1	0x1p-1
grid-0446-reverse	0x0p+0	finite	0x1.4771a4b32d97p+1	0x1p-1
grid-0446-reverse	0x1.999999999999ap-5	finite	0x1.4771a4b32d983p+1	0x1p-1
grid-0446-reverse	-0x1.999999999999ap-5	finite	0x1.4771a4b32d967p+1	0x1p-1
grid-0448	0x0p+0	finite	0x1.9fbc0e8b2b0b8p+2	0x1p+1
grid-0448	0x1.999999999999ap-5	finite	0x1.9fbc0e8b2b0bbp+2	0x1p+1
grid-0448	-0x1.999999999999ap-5	finite	0x1.9fbc0e8b2b0b5p+2	0x1p+1
grid-0448-reverse	0x0p+0	finite	0x1.2383f7b2d369p+2	0x1p+1
grid-0448-reverse	0x1.999999999999ap-5	finite	0x1.2383f7b2d368bp+2	0x1p+1
grid-0448-reverse	-0x1.999999999999ap-5	finite	0x1.2383f7b2d369p+2	0x1p+1
grid-0450	0x0p+0	finite	0x1.02360ed176674p+4	0x1p-1
grid-0450	0x1.999999999999ap-5	finite	0x1.02360ed176673p+4	0x1p-1
grid-0450	-0x1.999999999999ap-5	finite	0x1.02360ed176676p+4	0x1p-1
grid-0450-reverse	0x0p+0	finite	0x1.d0a5be8b61f9p+1	0x1p-1
grid-0450-reverse	0x1.999999999999ap-5	finite	0x1.d0a5be8b61f92p+1	0x1p-1
grid-0450-reverse	-0x1.999999999999ap-5	finite	0x1.d0a5be8b61f8cp+1	0x1p-1
grid-0452	0x0p+0	finite	0x1.a7c75b0bdfdd2p+5	0x1p+1
grid-0452	0x1.999999999999ap-5	finite	0x1.a7c75b0bdfdd2p+5	0x1p+1
grid-0452	-0x1.999999999999ap-5	finite	0x1.a7c75b0bdfdd1p+5	0x1p+1
grid-0452-reverse	0x0p+0	finite	0x1.39959c68343f8p+1	0x1p+1
grid-0452-reverse	0x1.999999999999ap-5	finite	0x1.39959c68343fp+1	0x1p+1
grid-0452-reverse	-0x1.999999999999ap-5	finite	0x1.39959c68343fap+1	0x1p+1
grid-0454	0x0p+0	finite	0x1.9042ae0014508p+3	0x1p-1
grid-0454	0x1.999999999999ap-5	finite	0x1.9042ae0014504p+3	0x1p-1
grid-0454	-0x1.999999999999ap-5	finite	0x1.9042ae001450bp+3	0x1p-1
grid-0454-reverse	0x0p+0	finite	0x0p+0	0x1p-1
grid-0454-reverse	0x1.999999999999ap-5	finite	0x0p+0	0x1p-1
grid-0454-reverse	-0x1.999999999999ap-5	finite	0x0p+0	0x1p-1
grid-0456	0x0p+0	finite	0x1.942e01455c992p+5	0x1p+1
grid-0456	0x1.999999999999ap-5	finite	0x1.942e01455c991p+5	0x1p+1
grid-0456	-0x1.999999999999ap-5	finite	0x1.942e01455c993p+5	0x1p+1
grid-0456-reverse	0x0p+0	finite	0x0p+0	0x1p+1
grid-0456-reverse	0x1.999999999999ap-5	finite	0x0p+0	0x1p+1
grid-0456-reverse	-0x1.999999999999ap-5	finite	0x0p+0	0x1p+1
grid-0458	0x0p+0	finite	0x1.93c2b1836ddd8p+3	0x1p-1
grid-0458	0x1.999999999999ap-5	finite	0x1.93c2b1836ddcdp+3	0x1p-1
grid-0458	-0x1.999999999999ap-5	finite	0x1.93c2b1836ddd9p+3	0x1p-1
grid-0458-reverse	0x0p+0	finite	0x1.c001c1acc6aep-4	0x1p-1
grid-0458-reverse	0x1.999999999999ap-5	finite	0x1.c001c1acc6ae9p-4	0x1p-1
grid-0458-reverse	-0x1.999999999999ap-5	finite	0x1.c001c1acc69a4p-4	0x1p-1
grid-0460	0x0p+0	finite	0x1.942f78ac25b7ep+5	0x1p+1
grid-0460	0x1.999999999999ap-5	finite	0x1.942f78ac25b7ep+5	0x1p+1
grid-0460	-0x1.999999999999ap-5	finite	0x1.942f78ac25b7fp+5	0x1p+1
grid-0460-reverse	0x0p+0	finite	0x1.7766c91ea96ap-11	0x1p+1
grid-0460-reverse	0x1.999999999999ap-5	finite	0x1.7766c91ea96ap-11	0x1p+1
grid-0460-reverse	-0x1.999999999999ap-5	finite	0x1.7766c91ea96a3p-11	0x1p+1
grid-0462	0x0p+0	finite	0x1.355ffffffffffp+13	0x1p-1
grid-0462	0x1.999999999999ap-5	finite	0x1.355ffffffffffp+13	0x1p-1
grid-0462	-0x1.999999999999ap-5	finite	0x1.355ffffffffffp+13	0x1p-1
grid-0462-reverse	0x0p+0	finite	0x1.7684d44819b8p-343	0x1p-1
grid-0462-reverse	0x1.999999999999ap-5	finite	0x1.7684d44819bcfp-343	0x1p-1
grid-0462-reverse	-0x1.999999999999ap-5	finite	0x1.7684d44819b25p-343	0x1p-1
grid-0464	0x0p+0	finite	0x1.355ffffffffffp+13	0x1p+1
grid-0464	0x1.999999999999ap-5	finite	0x1.355ffffffffffp+13	0x1p+1
grid-0464	-0x1.999999999999ap-5	finite	0x1.355fffffffffep+13	0x1p+1
grid-0464-reverse	0x0p+0	finite	0x1.61922ca72bf8p-85	0x1p+1
grid-0464-reverse	0x1.999999999999ap-5	finite	0x1.61922ca72bf55p-85	0x1p+1
grid-0464-reverse	-0x1.999999999999ap-5	finite	0x1.61922ca72bf96p-85	0x1p+1
grid-0466	0x0p+0	finite	0x1.356p+13	0x1p-1
grid-0466	0x1.999999999999ap-5	finite	0x1.356p+13	0x1p-1
grid-0466	-0x1.999999999999ap-5	finite	0x1.356p+13	0x1p-1
grid-0466-reverse	0x0p+0	finite	0x0p+0	0x1p-1
grid-0466-reverse	0x1.999999999999ap-5	finite	0x0p+0	0x1p-1
grid-0466-reverse	-0x1.999999999999ap-5	finite	0x0p+0	0x1p-1
grid-0468	0x0p+0	finite	0x1.356p+13	0x1p+1
grid-0468	0x1.999999999999ap-5	finite	0x1.356p+13	0x1p+1
grid-0468	-0x1.999999999999ap-5	finite	0x1.355ffffffffffp+13	0x1p+1
grid-0468-reverse	0x0p+0	finite	0x0p+0	0x1p+1
grid-0468-reverse	0x1.999999999999ap-5	finite	0x0p+0	0x1p+1
grid-0468-reverse	-0x1.999999999999ap-5	finite	0x0p+0	0x1p+1
grid-0470	0x0p+0	finite	0x1.355ffffffffffp+13	0x1p-1
grid-0470	0x1.999999999999ap-5	finite	0x1.355ffffffffffp+13	0x1p-1
grid-0470	-0x1.999999999999ap-5	finite	0x1.355ffffffffffp+13	0x1p-1
grid-0470-reverse	0x0p+0	finite	0x0p+0	0x1p-1
grid-0470-reverse	0x1.999999999999ap-5	finite	0x0p+0	0x1p-1
grid-0470-reverse	-0x1.999999999999ap-5	finite	0x0p+0	0x1p-1
grid-0472	0x0p+0	finite	0x1.355ffffffffffp+13	0x1p+1
grid-0472	0x1.999999999999ap-5	finite	0x1.355ffffffffffp+13	0x1p+1
grid-0472	-0x1.999999999999ap-5	finite	0x1.355fffffffffep+13	0x1p+1
grid-0472-reverse	0x0p+0	finite	0x1.cff65665d74p-770	0x1p+1
grid-0472-reverse	0x1.999999999999ap-5	finite	0x1.cff65665d6c8dp-770	0x1p+1
grid-0472-reverse	-0x1.999999999999ap-5	finite	0x1.cff65665d7332p-770	0x1p+1
grid-0474	0x0p+0	finite	0x1.33d8f55e2fa1cp+13	0x1p-1
grid-0474	0x1.999999999999ap-5	finite	0x1.33d8f55e2fa1cp+13	0x1p-1
grid-0474	-0x1.999999999999ap-5	finite	0x1.33d8f55e2fa1cp+13	0x1p-1
grid-0474-reverse	0x0p+0	finite	0x1.bc98f228b488p-344	0x1p-1
grid-0474-reverse	0x1.999999999999ap-5	finite	0x1.bc98f228b4821p-344	0x1p-1
grid-0474-reverse	-0x1.999999999999ap-5	finite	0x1.bc98f228b481ep-344	0x1p-1
grid-0476	0x0p+0	finite	0x1.2f4f4326f587p+13	0x1p+1
grid-0476	0x1.999999999999ap-5	finite	0x1.2f4f4326f587p+13	0x1p+1
grid-0476	-0x1.999999999999ap-5	finite	0x1.2f4f4326f586fp+13	0x1p+1
grid-0476-reverse	0x0p+0	finite	0x1.9778dbcee09ap-86	0x1p+1
grid-0476-reverse	0x1.999999999999ap-5	finite	0x1.9778dbcee098ep-86	0x1p+1
grid-0476-reverse	-0x1.999999999999ap-5	finite	0x1.9778dbcee09a3p-86	0x1p+1
grid-0478	0x0p+0	finite	0x1.33d8f55e2fa1dp+13	0x1p-1
grid-0478	0x1.999999999999ap-5	finite	0x1.33d8f55e2fa1dp+13	0x1p-1
grid-0478	-0x1.999999999999ap-5	finite	0x1.33d8f55e2fa1dp+13	0x1p-1
grid-0478-reverse	0x0p+0	finite	0x0p+0	0x1p-1
grid-0478-reverse	0x1.999999999999ap-5	finite	0x0p+0	0x1p-1
grid-0478-reverse	-0x1.999999999999ap-5	finite	0x0p+0	0x1p-1
grid-0480	0x0p+0	finite	0x1.2f4f4326f5871p+13	0x1p+1
grid-0480	0x1.999999999999ap-5	finite	0x1.2f4f4326f587p+13	0x1p+1
grid-0480	-0x1.999999999999ap-5	finite	0x1.2f4f4326f587p+13	0x1p+1
grid-0480-reverse	0x0p+0	finite	0x0p+0	0x1p+1
grid-0480-reverse	0x1.999999999999ap-5	finite	0x0p+0	0x1p+1
grid-0480-reverse	-0x1.999999999999ap-5	finite	0x0p+0	0x1p+1
grid-0482	0x0p+0	finite	0x1.33d8f55e2fa1cp+13	0x1p-1
grid-0482	0x1.999999999999ap-5	finite	0x1.33d8f55e2fa1cp+13	0x1p-1
grid-0482	-0x1.999999999999ap-5	finite	0x1.33d8f55e2fa1cp+13	0x1p-1
grid-0482-reverse	0x0p+0	finite	0x0p+0	0x1p-1
grid-0482-reverse	0x1.999999999999ap-5	finite	0x0p+0	0x1p-1
grid-0482-reverse	-0x1.999999999999ap-5	finite	0x0p+0	0x1p-1
grid-0484	0x0p+0	finite	0x1.2f4f4326f587p+13	0x1p+1
grid-0484	0x1.999999999999ap-5	finite	0x1.2f4f4326f587p+13	0x1p+1
grid-0484	-0x1.999999999999ap-5	finite	0x1.2f4f4326f586fp+13	0x1p+1
grid-0484-reverse	0x0p+0	finite	0x1.1ad6737c8b7p-776	0x1p+1
grid-0484-reverse	0x1.999999999999ap-5	finite	0x1.1ad6737c8b6edp-776	0x1p+1
grid-0484-reverse	-0x1.999999999999ap-5	finite	0x1.1ad6737c8b756p-776	0x1p+1
grid-0486	0x0p+0	finite	0x1.49b806b92f026p+13	0x1p-1
grid-0486	0x1.999999999999ap-5	finite	0x1.49b806b92f026p+13	0x1p-1
grid-0486	-0x1.999999999999ap-5	finite	0x1.49b806b92f026p+13	0x1p-1
grid-0486-reverse	0x0p+0	finite	0x1.b37b1f7e0608p-362	0x1p-1
grid-0486-reverse	0x1.999999999999ap-5	finite	0x1.b37b1f7e060dp-362	0x1p-1
grid-0486-reverse	-0x1.999999999999ap-5	finite	0x1.b37b1f7e060fp-362	0x1p-1
grid-0488	0x0p+0	finite	0x1.8ed2fe2225f9p+13	0x1p+1
grid-0488	0x1.999999999999ap-5	finite	0x1.8ed2fe2225f9p+13	0x1p+1
grid-0488	-0x1.999999999999ap-5	finite	0x1.8ed2fe2225f8fp+13	0x1p+1
grid-0488-reverse	0x0p+0	finite	0x1.a50b3b724364p-105	0x1p+1
grid-0488-reverse	0x1.999999999999ap-5	finite	0x1.a50b3b7243659p-105	0x1p+1
grid-0488-reverse	-0x1.999999999999ap-5	finite	0x1.a50b3b724363bp-105	0x1p+1
grid-0490	0x0p+0	finite	0x1.49b806b92f027p+13	0x1p-1
grid-0490	0x1.999999999999ap-5	finite	0x1.49b806b92f027p+13	0x1p-1
grid-0490	-0x1.999999999999ap-5	finite	0x1.49b806b92f027p+13	0x1p-1
grid-0490-reverse	0x0p+0	finite	0x0p+0	0x1p-1
grid-0490-reverse	0x1.999999999999ap-5	finite	0x0p+0	0x1p-1
grid-0490-reverse	-0x1.999999999999ap-5	finite	0x0p+0	0x1p-1
grid-0492	0x0p+0	finite	0x1.8ed2fe2225f91p+13	0x1p+1
grid-0492	0x1.999999999999ap-5	finite	0x1.8ed2fe2225f91p+13	0x1p+1
grid-0492	-0x1.999999999999ap-5	finite	0x1.8ed2fe2225f91p+13	0x1p+1
grid-0492-reverse	0x0p+0	finite	0x0p+0	0x1p+1
grid-0492-reverse	0x1.999999999999ap-5	finite	0x0p+0	0x1p+1
grid-0492-reverse	-0x1.999999999999ap-5	finite	0x0p+0	0x1p+1
grid-0494	0x0p+0	finite	0x1.49b806b92f026p+13	0x1p-1
grid-0494	0x1.999999999999ap-5	finite	0x1.49b806b92f026p+13	0x1p-1
grid-0494	-0x1.999999999999ap-5	finite	0x1.49b806b92f026p+13	0x1p-1
grid-0494-reverse	0x0p+0	finite	0x0p+0	0x1p-1
grid-0494-reverse	0x1.999999999999ap-5	finite	0x0p+0	0x1p-1
grid-0494-reverse	-0x1.999999999999ap-5	finite	0x0p+0	0x1p-1
grid-0496	0x0p+0	finite	0x1.8ed2fe2225f9p+13	0x1p+1
grid-0496	0x1.999999999999ap-5	finite	0x1.8ed2fe2225f9p+13	0x1p+1
grid-0496	-0x1.999999999999ap-5	finite	0x1.8ed2fe2225f8fp+13	0x1p+1
grid-0496-reverse	0x0p+0	finite	0x1.5d365544dcdp-945	0x1p+1
grid-0496-reverse	0x1.999999999999ap-5	finite	0x1.5d365544dcccp-945	0x1p+1
grid-0496-reverse	-0x1.999999999999ap-5	finite	0x1.5d365544dcc14p-945	0x1p+1
grid-0498	0x0p+0	finite	0x1.df625766875p-350	0x1p-1
grid-0498	0x1.999999999999ap-5	finite	0x1.df62576687507p-350	0x1p-1
grid-0498	-0x1.999999999999ap-5	finite	0x1.df62576687523p-350	0x1p-1
grid-0498-reverse	0x0p+0	finite	0x1.8bfffffffffffp+6	0x1p-1
grid-0498-reverse	0x1.999999999999ap-5	finite	0x1.8bfffffffffffp+6	0x1p-1
grid-0498-reverse	-0x1.999999999999ap-5	finite	0x1.8bfffffffffffp+6	0x1p-1
grid-0500	0x0p+0	finite	0x1.c49224ad0516p-92	0x1p+1
grid-0500	0x1.999999999999ap-5	finite	0x1.c49224ad0515ap-92	0x1p+1
grid-0500	-0x1.999999999999ap-5	finite	0x1.c49224ad05175p-92	0x1p+1
grid-0500-reverse	0x0p+0	finite	0x1.8bfffffffffffp+6	0x1p+1
grid-0500-reverse	0x1.999999999999ap-5	finite	0x1.8bfffffffffffp+6	0x1p+1
grid-0500-reverse	-0x1.999999999999ap-5	finite	0x1.8bfffffffffffp+6	0x1p+1
grid-0502	0x0p+0	nonfinite	nan	0x1p-1
grid-0502	0x1.999999999999ap-5	nonfinite	nan	0x1p-1
grid-0502	-0x1.999999999999ap-5	nonfinite	nan	0x1p-1
grid-0502-reverse	0x0p+0	nonfinite	nan	0x1p-1
grid-0502-reverse	0x1.999999999999ap-5	nonfinite	nan	0x1p-1
grid-0502-reverse	-0x1.999999999999ap-5	nonfinite	nan	0x1p-1
grid-0504	0x0p+0	nonfinite	nan	0x1p+1
grid-0504	0x1.999999999999ap-5	nonfinite	nan	0x1p+1
grid-0504	-0x1.999999999999ap-5	nonfinite	nan	0x1p+1
grid-0504-reverse	0x0p+0	nonfinite	nan	0x1p+1
grid-0504-reverse	0x1.999999999999ap-5	nonfinite	nan	0x1p+1
grid-0504-reverse	-0x1.999999999999ap-5	nonfinite	nan	0x1p+1
grid-0506	0x0p+0	finite	0x0p+0	0x1p-1
grid-0506	0x1.999999999999ap-5	finite	0x0p+0	0x1p-1
grid-0506	-0x1.999999999999ap-5	finite	0x0p+0	0x1p-1
grid-0506-reverse	0x0p+0	finite	0x1.8bfffffffffffp+6	0x1p-1
grid-0506-reverse	0x1.999999999999ap-5	finite	0x1.8bfffffffffffp+6	0x1p-1
grid-0506-reverse	-0x1.999999999999ap-5	finite	0x1.8bfffffffffffp+6	0x1p-1
grid-0508	0x0p+0	finite	0x1.28ef9374815p-776	0x1p+1
grid-0508	0x1.999999999999ap-5	finite	0x1.28ef9374815dap-776	0x1p+1
grid-0508	-0x1.999999999999ap-5	finite	0x1.28ef93748157p-776	0x1p+1
grid-0508-reverse	0x0p+0	finite	0x1.8bfffffffffffp+6	0x1p+1
grid-0508-reverse	0x1.999999999999ap-5	finite	0x1.8bfffffffffffp+6	0x1p+1
grid-0508-reverse	-0x1.999999999999ap-5	finite	0x1.8bfffffffffffp+6	0x1p+1
grid-0510	0x0p+0	finite	0x1.8d9719fcb678p-349	0x1p-1
grid-0510	0x1.999999999999ap-5	finite	0x1.8d9719fcb677ep-349	0x1p-1
grid-0510	-0x1.999999999999ap-5	finite	0x1.8d9719fcb6771p-349	0x1p-1
grid-0510-reverse	0x0p+0	finite	0x1.880a35cf7c3p+6	0x1p-1
grid-0510-reverse	0x1.999999999999ap-5	finite	0x1.880a35cf7c3p+6	0x1p-1
grid-0510-reverse	-0x1.999999999999ap-5	finite	0x1.880a35cf7c2ffp+6	0x1p-1
grid-0512	0x0p+0	finite	0x1.7106d86ea568p-91	0x1p+1
grid-0512	0x1.999999999999ap-5	finite	0x1.7106d86ea5697p-91	0x1p+1
grid-0512	-0x1.999999999999ap-5	finite	0x1.7106d86ea56a4p-91	0x1p+1
grid-0512-reverse	0x0p+0	finite	0x1.7c651d7902d2cp+6	0x1p+1
grid-0512-reverse	0x1.999999999999ap-5	finite	0x1.7c651d7902d2cp+6	0x1p+1
grid-0512-reverse	-0x1.999999999999ap-5	finite	0x1.7c651d7902d2cp+6	0x1p+1
grid-0514	0x0p+0	nonfinite	nan	0x1p-1
grid-0514	0x1.999999999999ap-5	nonfinite	nan	0x1p-1
grid-0514	-0x1.999999999999ap-5	nonfinite	nan	0x1p-1
grid-0514-reverse	0x0p+0	nonfinite	nan	0x1p-1
grid-0514-reverse	0x1.999999999999ap-5	nonfinite	nan	0x1p-1
grid-0514-reverse	-0x1.999999999999ap-5	nonfinite	nan	0x1p-1
grid-0516	0x0p+0	nonfinite	nan	0x1p+1
grid-0516	0x1.999999999999ap-5	nonfinite	nan	0x1p+1
grid-0516	-0x1.999999999999ap-5	nonfinite	nan	0x1p+1
grid-0516-reverse	0x0p+0	nonfinite	nan	0x1p+1
grid-0516-reverse	0x1.999999999999ap-5	nonfinite	nan	0x1p+1
grid-0516-reverse	-0x1.999999999999ap-5	nonfinite	nan	0x1p+1
grid-0518	0x0p+0	finite	0x0p+0	0x1p-1
grid-0518	0x1.999999999999ap-5	finite	0x0p+0	0x1p-1
grid-0518	-0x1.999999999999ap-5	finite	0x0p+0	0x1p-1
grid-0518-reverse	0x0p+0	finite	0x1.880a35cf7c3p+6	0x1p-1
grid-0518-reverse	0x1.999999999999ap-5	finite	0x1.880a35cf7c3p+6	0x1p-1
grid-0518-reverse	-0x1.999999999999ap-5	finite	0x1.880a35cf7c2ffp+6	0x1p-1
grid-0520	0x0p+0	finite	0x1.c1a8023a505p-770	0x1p+1
grid-0520	0x1.999999999999ap-5	finite	0x1.c1a8023a504b9p-770	0x1p+1
grid-0520	-0x1.999999999999ap-5	finite	0x1.c1a8023a503cdp-770	0x1p+1
grid-0520-reverse	0x0p+0	finite	0x1.7c651d7902d2cp+6	0x1p+1
grid-0520-reverse	0x1.999999999999ap-5	finite	0x1.7c651d7902d2cp+6	0x1p+1
grid-0520-reverse	-0x1.999999999999ap-5	finite	0x1.7c651d7902d2cp+6	0x1p+1
grid-0522	0x0p+0	finite	0x1.23c1890e3e3p-331	0x1p-1
grid-0522	0x1.999999999999ap-5	finite	0x1.23c1890e3e2ap-331	0x1p-1
grid-0522	-0x1.999999999999ap-5	finite	0x1.23c1890e3e2e4p-331	0x1p-1
grid-0522-reverse	0x0p+0	finite	0x1.7381daf55853cp+6	0x1p-1
grid-0522-reverse	0x1.999999999999ap-5	finite	0x1.7381daf55853dp+6	0x1p-1
grid-0522-reverse	-0x1.999999999999ap-5	finite	0x1.7381daf55853cp+6	0x1p-1
grid-0524	0x0p+0	finite	0x1.8384f208dcbap-74	0x1p+1
grid-0524	0x1.999999999999ap-5	finite	0x1.8384f208dcbbfp-74	0x1p+1
grid-0524	-0x1.999999999999ap-5	finite	0x1.8384f208dcb96p-74	0x1p+1
grid-0524-reverse	0x0p+0	finite	0x1.32625bb05cb92p+6	0x1p+1
grid-0524-reverse	0x1.999999999999ap-5	finite	0x1.32625bb05cb92p+6	0x1p+1
grid-0524-reverse	-0x1.999999999999ap-5	finite	0x1.32625bb05cb91p+6	0x1p+1
grid-0526	0x0p+0	nonfinite	nan	0x1p-1
grid-0526	0x1.999999999999ap-5	nonfinite	nan	0x1p-1
grid-0526	-0x1.999999999999ap-5	nonfinite	nan	0x1p-1
grid-0526-reverse	0x0p+0	nonfinite	nan	0x1p-1
grid-0526-reverse	0x1.999999999999ap-5	nonfinite	nan	0x1p-1
grid-0526-reverse	-0x1.999999999999ap-5	nonfinite	nan	0x1p-1
grid-0528	0x0p+0	nonfinite	nan	0x1p+1
grid-0528	0x1.999999999999ap-5	nonfinite	nan	0x1p+1
grid-0528	-0x1.999999999999ap-5	nonfinite	nan	0x1p+1
grid-0528-reverse	0x0p+0	nonfinite	nan	0x1p+1
grid-0528-reverse	0x1.999999999999ap-5	nonfinite	nan	0x1p+1
grid-0528-reverse	-0x1.999999999999ap-5	nonfinite	nan	0x1p+1
grid-0530	0x0p+0	finite	0x0p+0	0x1p-1
grid-0530	0x1.999999999999ap-5	finite	0x0p+0	0x1p-1
grid-0530	-0x1.999999999999ap-5	finite	0x0p+0	0x1p-1
grid-0530-reverse	0x0p+0	finite	0x1.7381daf55853cp+6	0x1p-1
grid-0530-reverse	0x1.999999999999ap-5	finite	0x1.7381daf55853dp+6	0x1p-1
grid-0530-reverse	-0x1.999999999999ap-5	finite	0x1.7381daf55853cp+6	0x1p-1
grid-0532	0x0p+0	finite	0x1.8a92a42846fp-619	0x1p+1
grid-0532	0x1.999999999999ap-5	finite	0x1.8a92a42846eefp-619	0x1p+1
grid-0532	-0x1.999999999999ap-5	finite	0x1.8a92a42846f23p-619	0x1p+1
grid-0532-reverse	0x0p+0	finite	0x1.32625bb05cb92p+6	0x1p+1
grid-0532-reverse	0x1.999999999999ap-5	finite	0x1.32625bb05cb92p+6	0x1p+1
grid-0532-reverse	-0x1.999999999999ap-5	finite	0x1.32625bb05cb91p+6	0x1p+1
grid-0534	0x0p+0	finite	0x1.0e4dd886fcd88p+3	0x1p-1
grid-0534	0x1.999999999999ap-5	finite	0x1.0e4dd886fcd83p+3	0x1p-1
grid-0534	-0x1.999999999999ap-5	finite	0x1.0e4dd886fcd82p+3	0x1p-1
grid-0534-reverse	0x0p+0	finite	0x1.0e4dd886fcd88p+3	0x1p-1
grid-0534-reverse	0x1.999999999999ap-5	finite	0x1.0e4dd886fcd83p+3	0x1p-1
grid-0534-reverse	-0x1.999999999999ap-5	finite	0x1.0e4dd886fcd82p+3	0x1p-1
grid-0536	0x0p+0	finite	0x1.0ccb265fa0718p+4	0x1p+1
grid-0536	0x1.999999999999ap-5	finite	0x1.0ccb265fa0717p+4	0x1p+1
grid-0536	-0x1.999999999999ap-5	finite	0x1.0ccb265fa0714p+4	0x1p+1
grid-0536-reverse	0x0p+0	finite	0x1.0ccb265fa0718p+4	0x1p+1
grid-0536-reverse	0x1.999999999999ap-5	finite	0x1.0ccb265fa0717p+4	0x1p+1
grid-0536-reverse	-0x1.999999999999ap-5	finite	0x1.0ccb265fa0714p+4	0x1p+1
grid-0538	0x0p+0	nonfinite	nan	0x1p-1
grid-0538	0x1.999999999999ap-5	nonfinite	nan	0x1p-1
grid-0538	-0x1.999999999999ap-5	nonfinite	nan	0x1p-1
grid-0538-reverse	0x0p+0	nonfinite	nan	0x1p-1
grid-0538-reverse	0x1.999999999999ap-5	nonfinite	nan	0x1p-1
grid-0538-reverse	-0x1.999999999999ap-5	nonfinite	nan	0x1p-1
grid-0540	0x0p+0	nonfinite	nan	0x1p+1
grid-0540	0x1.999999999999ap-5	nonfinite	nan	0x1p+1
grid-0540	-0x1.999999999999ap-5	nonfinite	nan	0x1p+1
grid-0540-reverse	0x0p+0	nonfinite	nan	0x1p+1
grid-0540-reverse	0x1.999999999999ap-5	nonfinite	nan	0x1p+1
grid-0540-reverse	-0x1.999999999999ap-5	nonfinite	nan	0x1p+1
grid-0542	0x0p+0	finite	0x1.6901913b1284p+1	0x1p-1
grid-0542	0x1.999999999999ap-5	finite	0x1.6901913b1283cp+1	0x1p-1
grid-0542	-0x1.999999999999ap-5	finite	0x1.6901913b12845p+1	0x1p-1
grid-0542-reverse	0x0p+0	finite	0x1.6901913b1284p+1	0x1p-1
grid-0542-reverse	0x1.999999999999ap-5	finite	0x1.6901913b1283cp+1	0x1p-1
grid-0542-reverse	-0x1.999999999999ap-5	finite	0x1.6901913b12845p+1	0x1p-1
grid-0544	0x0p+0	finite	0x1.68c7d93239c18p+2	0x1p+1
grid-0544	0x1.999999999999ap-5	finite	0x1.68c7d93239c17p+2	0x1p+1
grid-0544	-0x1.999999999999ap-5	finite	0x1.68c7d93239c12p+2	0x1p+1
grid-0544-reverse	0x0p+0	finite	0x1.68c7d93239c18p+2	0x1p+1
grid-0544-reverse	0x1.999999999999ap-5	finite	0x1.68c7d93239c17p+2	0x1p+1
grid-0544-reverse	-0x1.999999999999ap-5	finite	0x1.68c7d93239c12p+2	0x1p+1
grid-0546	0x0p+0	finite	0x1.144cb92362bf4p+3	0x1p-1
grid-0546	0x1.999999999999ap-5	finite	0x1.144cb92362bf6p+3	0x1p-1
grid-0546	-0x1.999999999999ap-5	finite	0x1.144cb92362bf8p+3	0x1p-1
grid-0546-reverse	0x0p+0	finite	0x1.046b52f4ddd3cp+3	0x1p-1
grid-0546-reverse	0x1.999999999999ap-5	finite	0x1.046b52f4ddd41p+3	0x1p-1
grid-0546-reverse	-0x1.999999999999ap-5	finite	0x1.046b52f4ddd3fp+3	0x1p-1
grid-0548	0x0p+0	finite	0x1.14ace6aee81f6p+4	0x1p+1
grid-0548	0x1.999999999999ap-5	finite	0x1.14ace6aee81f6p+4	0x1p+1
grid-0548	-0x1.999999999999ap-5	finite	0x1.14ace6aee81f4p+4	0x1p+1
grid-0548-reverse	0x0p+0	finite	0x1.eb3dc1f1a46dcp+3	0x1p+1
grid-0548-reverse	0x1.999999999999ap-5	finite	0x1.eb3dc1f1a46d8p+3	0x1p+1
grid-0548-reverse	-0x1.999999999999ap-5	finite	0x1.eb3dc1f1a46dap+3	0x1p+1
grid-0550	0x0p+0	nonfinite	nan	0x1p-1
grid-0550	0x1.999999999999ap-5	nonfinite	nan	0x1p-1
grid-0550	-0x1.999999999999ap-5	nonfinite	nan	0x1p-1
grid-0550-reverse	0x0p+0	nonfinite	nan	0x1p-1
grid-0550-reverse	0x1.999999999999ap-5	nonfinite	nan	0x1p-1
grid-0550-reverse	-0x1.999999999999ap-5	nonfinite	nan	0x1p-1
grid-0552	0x0p+0	nonfinite	nan	0x1p+1
grid-0552	0x1.999999999999ap-5	nonfinite	nan	0x1p+1
grid-0552	-0x1.999999999999ap-5	nonfinite	nan	0x1p+1
grid-0552-reverse	0x0p+0	nonfinite	nan	0x1p+1
grid-0552-reverse	0x1.999999999999ap-5	nonfinite	nan	0x1p+1
grid-0552-reverse	-0x1.999999999999ap-5	nonfinite	nan	0x1p+1
grid-0554	0x0p+0	finite	0x1.86f73d6d4145p+1	0x1p-1
grid-0554	0x1.999999999999ap-5	finite	0x1.86f73d6d41456p+1	0x1p-1
grid-0554	-0x1.999999999999ap-5	finite	0x1.86f73d6d41459p+1	0x1p-1
grid-0554-reverse	0x0p+0	finite	0x1.4771a4b32d97p+1	0x1p-1
grid-0554-reverse	0x1.999999999999ap-5	finite	0x1.4771a4b32d974p+1	0x1p-1
grid-0554-reverse	-0x1.999999999999ap-5	finite	0x1.4771a4b32d967p+1	0x1p-1
grid-0556	0x0p+0	finite	0x1.9fbc0e8b2b0bp+2	0x1p+1
grid-0556	0x1.999999999999ap-5	finite	0x1.9fbc0e8b2b0bbp+2	0x1p+1
grid-0556	-0x1.999999999999ap-5	finite	0x1.9fbc0e8b2b0acp+2	0x1p+1
grid-0556-reverse	0x0p+0	finite	0x1.2383f7b2d3688p+2	0x1p+1
grid-0556-reverse	0x1.999999999999ap-5	finite	0x1.2383f7b2d3684p+2	0x1p+1
grid-0556-reverse	-0x1.999999999999ap-5	finite	0x1.2383f7b2d3687p+2	0x1p+1
grid-0558	0x0p+0	finite	0x1.02360ed176674p+4	0x1p-1
grid-0558	0x1.999999999999ap-5	finite	0x1.02360ed176673p+4	0x1p-1
grid-0558	-0x1.999999999999ap-5	finite	0x1.02360ed176676p+4	0x1p-1
grid-0558-reverse	0x0p+0	finite	0x1.d0a5be8b61f9p+1	0x1p-1
grid-0558-reverse	0x1.999999999999ap-5	finite	0x1.d0a5be8b61f92p+1	0x1p-1
grid-0558-reverse	-0x1.999999999999ap-5	finite	0x1.d0a5be8b61f8cp+1	0x1p-1
grid-0560	0x0p+0	finite	0x1.a7c75b0bdfdd2p+5	0x1p+1
grid-0560	0x1.999999999999ap-5	finite	0x1.a7c75b0bdfdd2p+5	0x1p+1
grid-0560	-0x1.999999999999ap-5	finite	0x1.a7c75b0bdfdd1p+5	0x1p+1
grid-0560-reverse	0x0p+0	finite	0x1.39959c68343f8p+1	0x1p+1
grid-0560-reverse	0x1.999999999999ap-5	finite	0x1.39959c68343fp+1	0x1p+1
grid-0560-reverse	-0x1.999999999999ap-5	finite	0x1.39959c68343fap+1	0x1p+1
grid-0562	0x0p+0	nonfinite	nan	0x1p-1
grid-0562	0x1.999999999999ap-5	nonfinite	nan	0x1p-1
grid-0562	-0x1.999999999999ap-5	nonfinite	nan	0x1p-1
grid-0562-reverse	0x0p+0	nonfinite	nan	0x1p-1
grid-0562-reverse	0x1.999999999999ap-5	nonfinite	nan	0x1p-1
grid-0562-reverse	-0x1.999999999999ap-5	nonfinite	nan	0x1p-1
grid-0564	0x0p+0	nonfinite	nan	0x1p+1
grid-0564	0x1.999999999999ap-5	nonfinite	nan	0x1p+1
grid-0564	-0x1.999999999999ap-5	nonfinite	nan	0x1p+1
grid-0564-reverse	0x0p+0	nonfinite	nan	0x1p+1
grid-0564-reverse	0x1.999999999999ap-5	nonfinite	nan	0x1p+1
grid-0564-reverse	-0x1.999999999999ap-5	nonfinite	nan	0x1p+1
grid-0566	0x0p+0	finite	0x1.93c2b1836ddep+3	0x1p-1
grid-0566	0x1.999999999999ap-5	finite	0x1.93c2b1836ddddp+3	0x1p-1
grid-0566	-0x1.999999999999ap-5	finite	0x1.93c2b1836ddd9p+3	0x1p-1
grid-0566-reverse	0x0p+0	finite	0x1.c001c1acc68p-4	0x1p-1
grid-0566-reverse	0x1.999999999999ap-5	finite	0x1.c001c1acc683bp-4	0x1p-1
grid-0566-reverse	-0x1.999999999999ap-5	finite	0x1.c001c1acc689ep-4	0x1p-1
grid-0568	0x0p+0	finite	0x1.942f78ac25b7ep+5	0x1p+1
grid-0568	0x1.999999999999ap-5	finite	0x1.942f78ac25b7ep+5	0x1p+1
grid-0568	-0x1.999999999999ap-5	finite	0x1.942f78ac25b7fp+5	0x1p+1
grid-0568-reverse	0x0p+0	finite	0x1.7766c91ea96ap-11	0x1p+1
grid-0568-reverse	0x1.999999999999ap-5	finite	0x1.7766c91ea96ap-11	0x1p+1
grid-0568-reverse	-0x1.999999999999ap-5	finite	0x1.7766c91ea96a3p-11	0x1p+1
grid-0570	0x0p+0	finite	0x1.355ffffffffffp+13	0x1p-1
grid-0570	0x1.999999999999ap-5	finite	0x1.355ffffffffffp+13	0x1p-1
grid-0570	-0x1.999999999999ap-5	finite	0x1.355ffffffffffp+13	0x1p-1
grid-0570-reverse	0x0p+0	finite	0x1.7684d44819b8p-343	0x1p-1
grid-0570-reverse	0x1.999999999999ap-5	finite	0x1.7684d44819bcfp-343	0x1p-1
grid-0570-reverse	-0x1.999999999999ap-5	finite	0x1.7684d44819b25p-343	0x1p-1
grid-0572	0x0p+0	finite	0x1.355ffffffffffp+13	0x1p+1
grid-0572	0x1.999999999999ap-5	finite	0x1.355ffffffffffp+13	0x1p+1
grid-0572	-0x1.999999999999ap-5	finite	0x1.355fffffffffep+13	0x1p+1
grid-0572-reverse	0x0p+0	finite	0x1.61922ca72bf8p-85	0x1p+1
grid-0572-reverse	0x1.999999999999ap-5	finite	0x1.61922ca72bf55p-85	0x1p+1
grid-0572-reverse	-0x1.999999999999ap-5	finite	0x1.61922ca72bf96p-85	0x1p+1
grid-0574	0x0p+0	nonfinite	nan	0x1p-1
grid-0574	0x1.999999999999ap-5	nonfinite	nan	0x1p-1
grid-0574	-0x1.999999999999ap-5	nonfinite	nan	0x1p-1
grid-0574-reverse	0x0p+0	nonfinite	nan	0x1p-1
grid-0574-reverse	0x1.999999999999ap-5	nonfinite	nan	0x1p-1
grid-0574-reverse	-0x1.999999999999ap-5	nonfinite	nan	0x1p-1
grid-0576	0x0p+0	nonfinite	nan	0x1p+1
grid-0576	0x1.999999999999ap-5	nonfinite	nan	0x1p+1
grid-0576	-0x1.999999999999ap-5	nonfinite	nan	0x1p+1
grid-0576-reverse	0x0p+0	nonfinite	nan	0x1p+1
grid-0576-reverse	0x1.999999999999ap-5	nonfinite	nan	0x1p+1
grid-0576-reverse	-0x1.999999999999ap-5	nonfinite	nan	0x1p+1
grid-0578	0x0p+0	finite	0x1.355ffffffffffp+13	0x1p-1
grid-0578	0x1.999999999999ap-5	finite	0x1.355ffffffffffp+13	0x1p-1
grid-0578	-0x1.999999999999ap-5	finite	0x1.355ffffffffffp+13	0x1p-1
grid-0578-reverse	0x0p+0	finite	0x0p+0	0x1p-1
grid-0578-reverse	0x1.999999999999ap-5	finite	0x0p+0	0x1p-1
grid-0578-reverse	-0x1.999999999999ap-5	finite	0x0p+0	0x1p-1
grid-0580	0x0p+0	finite	0x1.355ffffffffffp+13	0x1p+1
grid-0580	0x1.999999999999ap-5	finite	0x1.355ffffffffffp+13	0x1p+1
grid-0580	-0x1.999999999999ap-5	finite	0x1.355fffffffffep+13	0x1p+1
grid-0580-reverse	0x0p+0	finite	0x1.cff656660a1p-770	0x1p+1
grid-0580-reverse	0x1.999999999999ap-5	finite	0x1.cff6566609831p-770	0x1p+1
grid-0580-reverse	-0x1.999999999999ap-5	finite	0x1.cff656660a1b4p-770	0x1p+1
grid-0582	0x0p+0	finite	0x1.33d8f55e2fa1cp+13	0x1p-1
grid-0582	0x1.999999999999ap-5	finite	0x1.33d8f55e2fa1cp+13	0x1p-1
grid-0582	-0x1.999999999999ap-5	finite	0x1.33d8f55e2fa1cp+13	0x1p-1
grid-0582-reverse	0x0p+0	finite	0x1.bc98f228b488p-344	0x1p-1
grid-0582-reverse	0x1.999999999999ap-5	finite	0x1.bc98f228b4821p-344	0x1p-1
grid-0582-reverse	-0x1.999999999999ap-5	finite	0x1.bc98f228b481ep-344	0x1p-1
grid-0584	0x0p+0	finite	0x1.2f4f4326f587p+13	0x1p+1
grid-0584	0x1.999999999999ap-5	finite	0x1.2f4f4326f587p+13	0x1p+1
grid-0584	-0x1.999999999999ap-5	finite	0x1.2f4f4326f586fp+13	0x1p+1
grid-0584-reverse	0x0p+0	finite	0x1.9778dbcee09ap-86	0x1p+1
grid-0584-reverse	0x1.999999999999ap-5	finite	0x1.9778dbcee098ep-86	0x1p+1
grid-0584-reverse	-0x1.999999999999ap-5	finite	0x1.9778dbcee09a3p-86	0x1p+1
grid-0586	0x0p+0	nonfinite	nan	0x1p-1
grid-0586	0x1.999999999999ap-5	nonfinite	nan	0x1p-1
grid-0586	-0x1.999999999999ap-5	nonfinite	nan	0x1p-1
grid-0586-reverse	0x0p+0	nonfinite	nan	0x1p-1
grid-0586-reverse	0x1.999999999999ap-5	nonfinite	nan	0x1p-1
grid-0586-reverse	-0x1.999999999999ap-5	nonfinite	nan	0x1p-1
grid-0588	0x0p+0	nonfinite	nan	0x1p+1
grid-0588	0x1.999999999999ap-5	nonfinite	nan	0x1p+1
grid-0588	-0x1.999999999999ap-5	nonfinite	nan	0x1p+1
grid-0588-reverse	0x0p+0	nonfinite	nan	0x1p+1
grid-0588-reverse	0x1.999999999999ap-5	nonfinite	nan	0x1p+1
grid-0588-reverse	-0x1.999999999999ap-5	nonfinite	nan	0x1p+1
grid-0590	0x0p+0	finite	0x1.33d8f55e2fa1cp+13	0x1p-1
grid-0590	0x1.999999999999ap-5	finite	0x1.33d8f55e2fa1cp+13	0x1p-1
grid-0590	-0x1.999999999999ap-5	finite	0x1.33d8f55e2fa1cp+13	0x1p-1
grid-0590-reverse	0x0p+0	finite	0x0p+0	0x1p-1
grid-0590-reverse	0x1.999999999999ap-5	finite	0x0p+0	0x1p-1
grid-0590-reverse	-0x1.999999999999ap-5	finite	0x0p+0	0x1p-1
grid-0592	0x0p+0	finite	0x1.2f4f4326f587p+13	0x1p+1
grid-0592	0x1.999999999999ap-5	finite	0x1.2f4f4326f587p+13	0x1p+1
grid-0592	-0x1.999999999999ap-5	finite	0x1.2f4f4326f586fp+13	0x1p+1
grid-0592-reverse	0x0p+0	finite	0x1.1ad6737c6a3p-776	0x1p+1
grid-0592-reverse	0x1.999999999999ap-5	finite	0x1.1ad6737c6a2e1p-776	0x1p+1
grid-0592-reverse	-0x1.999999999999ap-5	finite	0x1.1ad6737c6a333p-776	0x1p+1
grid-0594	0x0p+0	finite	0x1.49b806b92f026p+13	0x1p-1
grid-0594	0x1.999999999999ap-5	finite	0x1.49b806b92f026p+13	0x1p-1
grid-0594	-0x1.999999999999ap-5	finite	0x1.49b806b92f026p+13	0x1p-1
grid-0594-reverse	0x0p+0	finite	0x1.b37b1f7e0608p-362	0x1p-1
grid-0594-reverse	0x1.999999999999ap-5	finite	0x1.b37b1f7e060dp-362	0x1p-1
grid-0594-reverse	-0x1.999999999999ap-5	finite	0x1.b37b1f7e060fp-362	0x1p-1
grid-0596	0x0p+0	finite	0x1.8ed2fe2225f9p+13	0x1p+1
grid-0596	0x1.999999999999ap-5	finite	0x1.8ed2fe2225f9p+13	0x1p+1
grid-0596	-0x1.999999999999ap-5	finite	0x1.8ed2fe2225f8fp+13	0x1p+1
grid-0596-reverse	0x0p+0	finite	0x1.a50b3b724364p-105	0x1p+1
grid-0596-reverse	0x1.999999999999ap-5	finite	0x1.a50b3b7243659p-105	0x1p+1
grid-0596-reverse	-0x1.999999999999ap-5	finite	0x1.a50b3b724363bp-105	0x1p+1
grid-0598	0x0p+0	nonfinite	nan	0x1p-1
grid-0598	0x1.999999999999ap-5	nonfinite	nan	0x1p-1
grid-0598	-0x1.999999999999ap-5	nonfinite	nan	0x1p-1
grid-0598-reverse	0x0p+0	nonfinite	nan	0x1p-1
grid-0598-reverse	0x1.999999999999ap-5	nonfinite	nan	0x1p-1
grid-0598-reverse	-0x1.999999999999ap-5	nonfinite	nan	0x1p-1
grid-0600	0x0p+0	nonfinite	nan	0x1p+1
grid-0600	0x1.999999999999ap-5	nonfinite	nan	0x1p+1
grid-0600	-0x1.999999999999ap-5	nonfinite	nan	0x1p+1
grid-0600-reverse	0x0p+0	nonfinite	nan	0x1p+1
grid-0600-reverse	0x1.999999999999ap-5	nonfinite	nan	0x1p+1
grid-0600-reverse	-0x1.999999999999ap-5	nonfinite	nan	0x1p+1
grid-0602	0x0p+0	finite	0x1.49b806b92f026p+13	0x1p-1
grid-0602	0x1.999999999999ap-5	finite	0x1.49b806b92f026p+13	0x1p-1
grid-0602	-0x1.999999999999ap-5	finite	0x1.49b806b92f026p+13	0x1p-1
grid-0602-reverse	0x0p+0	finite	0x0p+0	0x1p-1
grid-0602-reverse	0x1.999999999999ap-5	finite	0x0p+0	0x1p-1
grid-0602-reverse	-0x1.999999999999ap-5	finite	0x0p+0	0x1p-1
grid-0604	0x0p+0	finite	0x1.8ed2fe2225f9p+13	0x1p+1
grid-0604	0x1.999999999999ap-5	finite	0x1.8ed2fe2225f9p+13	0x1p+1
grid-0604	-0x1.999999999999ap-5	finite	0x1.8ed2fe2225f8fp+13	0x1p+1
grid-0604-reverse	0x0p+0	finite	0x1.5d365544db4p-945	0x1p+1
grid-0604-reverse	0x1.999999999999ap-5	finite	0x1.5d365544db539p-945	0x1p+1
grid-0604-reverse	-0x1.999999999999ap-5	finite	0x1.5d365544db3c4p-945	0x1p+1
scale--1000--0x1.0000000000000p+0	0x0p+0	finite	0x1.c381a3baaa0a4p-1003	0x1p+0
scale--1000--0x1.0000000000000p+0	0x1.999999999999ap-5	finite	0x1.c381a3baaa0a6p-1003	0x1p+0
scale--1000--0x1.0000000000000p+0	-0x1.999999999999ap-5	finite	0x1.c381a3baaa0a3p-1003	0x1p+0
scale--1000-0x0.0p+0	0x0p+0	finite	0x1.59beb4969f46cp-1003	0x1p+0
scale--1000-0x0.0p+0	0x1.999999999999ap-5	finite	0x1.59beb4969f46fp-1003	0x1p+0
scale--1000-0x0.0p+0	-0x1.999999999999ap-5	finite	0x1.59beb4969f46ep-1003	0x1p+0
scale--1000-0x1.fffffffffffffp-1	0x0p+0	finite	0x1.3200e46f9e9ap-1004	0x1p+0
scale--1000-0x1.fffffffffffffp-1	0x1.999999999999ap-5	finite	0x1.3200e46f9e99bp-1004	0x1p+0
scale--1000-0x1.fffffffffffffp-1	-0x1.999999999999ap-5	finite	0x1.3200e46f9e995p-1004	0x1p+0
scale--1000-0x1.0000000000000p+0	0x0p+0	finite	0x1.3200e46f9e9ap-1004	0x1p+0
scale--1000-0x1.0000000000000p+0	0x1.999999999999ap-5	finite	0x1.3200e46f9e99bp-1004	0x1p+0
scale--1000-0x1.0000000000000p+0	-0x1.999999999999ap-5	finite	0x1.3200e46f9e99dp-1004	0x1p+0
scale--500--0x1.0000000000000p+0	0x0p+0	finite	0x1.c381a3baaa0a4p-503	0x1p+0
scale--500--0x1.0000000000000p+0	0x1.999999999999ap-5	finite	0x1.c381a3baaa0a6p-503	0x1p+0
scale--500--0x1.0000000000000p+0	-0x1.999999999999ap-5	finite	0x1.c381a3baaa0a3p-503	0x1p+0
scale--500-0x0.0p+0	0x0p+0	finite	0x1.59beb4969f46cp-503	0x1p+0
scale--500-0x0.0p+0	0x1.999999999999ap-5	finite	0x1.59beb4969f46fp-503	0x1p+0
scale--500-0x0.0p+0	-0x1.999999999999ap-5	finite	0x1.59beb4969f46ep-503	0x1p+0
scale--500-0x1.fffffffffffffp-1	0x0p+0	finite	0x1.3200e46f9e9ap-504	0x1p+0
scale--500-0x1.fffffffffffffp-1	0x1.999999999999ap-5	finite	0x1.3200e46f9e99bp-504	0x1p+0
scale--500-0x1.fffffffffffffp-1	-0x1.999999999999ap-5	finite	0x1.3200e46f9e995p-504	0x1p+0
scale--500-0x1.0000000000000p+0	0x0p+0	finite	0x1.3200e46f9e9ap-504	0x1p+0
scale--500-0x1.0000000000000p+0	0x1.999999999999ap-5	finite	0x1.3200e46f9e99bp-504	0x1p+0
scale--500-0x1.0000000000000p+0	-0x1.999999999999ap-5	finite	0x1.3200e46f9e99dp-504	0x1p+0
scale-0--0x1.0000000000000p+0	0x0p+0	finite	0x1.c381a3baaa0a4p-3	0x1p+0
scale-0--0x1.0000000000000p+0	0x1.999999999999ap-5	finite	0x1.c381a3baaa0a6p-3	0x1p+0
scale-0--0x1.0000000000000p+0	-0x1.999999999999ap-5	finite	0x1.c381a3baaa0a3p-3	0x1p+0
scale-0-0x0.0p+0	0x0p+0	finite	0x1.59beb4969f46cp-3	0x1p+0
scale-0-0x0.0p+0	0x1.999999999999ap-5	finite	0x1.59beb4969f46fp-3	0x1p+0
scale-0-0x0.0p+0	-0x1.999999999999ap-5	finite	0x1.59beb4969f46ep-3	0x1p+0
scale-0-0x1.fffffffffffffp-1	0x0p+0	finite	0x1.3200e46f9e9ap-4	0x1p+0
scale-0-0x1.fffffffffffffp-1	0x1.999999999999ap-5	finite	0x1.3200e46f9e99bp-4	0x1p+0
scale-0-0x1.fffffffffffffp-1	-0x1.999999999999ap-5	finite	0x1.3200e46f9e995p-4	0x1p+0
scale-0-0x1.0000000000000p+0	0x0p+0	finite	0x1.3200e46f9e9ap-4	0x1p+0
scale-0-0x1.0000000000000p+0	0x1.999999999999ap-5	finite	0x1.3200e46f9e99bp-4	0x1p+0
scale-0-0x1.0000000000000p+0	-0x1.999999999999ap-5	finite	0x1.3200e46f9e99dp-4	0x1p+0
scale-500--0x1.0000000000000p+0	0x0p+0	finite	0x1.c381a3baaa0a4p+497	0x1p+0
scale-500--0x1.0000000000000p+0	0x1.999999999999ap-5	finite	0x1.c381a3baaa0a6p+497	0x1p+0
scale-500--0x1.0000000000000p+0	-0x1.999999999999ap-5	finite	0x1.c381a3baaa0a3p+497	0x1p+0
scale-500-0x0.0p+0	0x0p+0	finite	0x1.59beb4969f46cp+497	0x1p+0
scale-500-0x0.0p+0	0x1.999999999999ap-5	finite	0x1.59beb4969f46fp+497	0x1p+0
scale-500-0x0.0p+0	-0x1.999999999999ap-5	finite	0x1.59beb4969f46ep+497	0x1p+0
scale-500-0x1.fffffffffffffp-1	0x0p+0	finite	0x1.3200e46f9e9ap+496	0x1p+0
scale-500-0x1.fffffffffffffp-1	0x1.999999999999ap-5	finite	0x1.3200e46f9e99bp+496	0x1p+0
scale-500-0x1.fffffffffffffp-1	-0x1.999999999999ap-5	finite	0x1.3200e46f9e995p+496	0x1p+0
scale-500-0x1.0000000000000p+0	0x0p+0	finite	0x1.3200e46f9e9ap+496	0x1p+0
scale-500-0x1.0000000000000p+0	0x1.999999999999ap-5	finite	0x1.3200e46f9e99bp+496	0x1p+0
scale-500-0x1.0000000000000p+0	-0x1.999999999999ap-5	finite	0x1.3200e46f9e99dp+496	0x1p+0
scale-1000--0x1.0000000000000p+0	0x0p+0	finite	0x1.c381a3baaa0a4p+997	0x1p+0
scale-1000--0x1.0000000000000p+0	0x1.999999999999ap-5	finite	0x1.c381a3baaa0a6p+997	0x1p+0
scale-1000--0x1.0000000000000p+0	-0x1.999999999999ap-5	finite	0x1.c381a3baaa0a3p+997	0x1p+0
scale-1000-0x0.0p+0	0x0p+0	finite	0x1.59beb4969f46cp+997	0x1p+0
scale-1000-0x0.0p+0	0x1.999999999999ap-5	finite	0x1.59beb4969f46fp+997	0x1p+0
scale-1000-0x0.0p+0	-0x1.999999999999ap-5	finite	0x1.59beb4969f46ep+997	0x1p+0
scale-1000-0x1.fffffffffffffp-1	0x0p+0	finite	0x1.3200e46f9e9ap+996	0x1p+0
scale-1000-0x1.fffffffffffffp-1	0x1.999999999999ap-5	finite	0x1.3200e46f9e99bp+996	0x1p+0
scale-1000-0x1.fffffffffffffp-1	-0x1.999999999999ap-5	finite	0x1.3200e46f9e995p+996	0x1p+0
scale-1000-0x1.0000000000000p+0	0x0p+0	finite	0x1.3200e46f9e9ap+996	0x1p+0
scale-1000-0x1.0000000000000p+0	0x1.999999999999ap-5	finite	0x1.3200e46f9e99bp+996	0x1p+0
scale-1000-0x1.0000000000000p+0	-0x1.999999999999ap-5	finite	0x1.3200e46f9e99dp+996	0x1p+0
extreme-0626	0x0p+0	finite	0x1.4p+2	0x1p+0
extreme-0626	0x1.999999999999ap-5	finite	0x1.4p+2	0x1p+0
extreme-0626	-0x1.999999999999ap-5	finite	0x1.3fffffffffff8p+2	0x1p+0
extreme-0627	0x0p+0	finite	0x1.4p+2	0x1p+0
extreme-0627	0x1.999999999999ap-5	finite	0x1.4p+2	0x1p+0
extreme-0627	-0x1.999999999999ap-5	finite	0x1.3fffffffffff8p+2	0x1p+0
extreme-0628	0x0p+0	finite	0x1.4p+2	0x1p+0
extreme-0628	0x1.999999999999ap-5	finite	0x1.4p+2	0x1p+0
extreme-0628	-0x1.999999999999ap-5	finite	0x1.3fffffffffff8p+2	0x1p+0
extreme-0629	0x0p+0	finite	0x1.4p+2	0x1p+0
extreme-0629	0x1.999999999999ap-5	finite	0x1.4p+2	0x1p+0
extreme-0629	-0x1.999999999999ap-5	finite	0x1.3fffffffffff8p+2	0x1p+0
extreme-0630	0x0p+0	finite	0x1.4p+2	0x1p+0
extreme-0630	0x1.999999999999ap-5	finite	0x1.4p+2	0x1p+0
extreme-0630	-0x1.999999999999ap-5	finite	0x1.3fffffffffff8p+2	0x1p+0
extreme-0631	0x0p+0	finite	0x1.4p+2	0x1p+0
extreme-0631	0x1.999999999999ap-5	finite	0x1.4p+2	0x1p+0
extreme-0631	-0x1.999999999999ap-5	finite	0x1.3fffffffffff8p+2	0x1p+0
extreme-0632	0x0p+0	finite	0x1.144f9a9569986p+6	0x1p+0
extreme-0632	0x1.999999999999ap-5	finite	0x1.144f9a9569986p+6	0x1p+0
extreme-0632	-0x1.999999999999ap-5	finite	0x1.144f9a9569986p+6	0x1p+0
extreme-0633	0x0p+0	finite	0x1.aa371a5b14b26p+5	0x1p+0
extreme-0633	0x1.999999999999ap-5	finite	0x1.aa371a5b14b26p+5	0x1p+0
extreme-0633	-0x1.999999999999ap-5	finite	0x1.aa371a5b14b26p+5	0x1p+0
extreme-0634	0x0p+0	finite	0x1.4p+2	0x1p+0
extreme-0634	0x1.999999999999ap-5	finite	0x1.4p+2	0x1p+0
extreme-0634	-0x1.999999999999ap-5	finite	0x1.3fffffffffff8p+2	0x1p+0
extreme-0635	0x0p+0	finite	0x1.8ffffffffffffp+6	0x1p+0
extreme-0635	0x1.999999999999ap-5	finite	0x1.8ffffffffffffp+6	0x1p+0
extreme-0635	-0x1.999999999999ap-5	finite	0x1.8ffffffffffffp+6	0x1p+0
extreme-0636	0x0p+0	finite	0x1.8ffffffffffffp+6	0x1p+0
extreme-0636	0x1.999999999999ap-5	finite	0x1.8ffffffffffffp+6	0x1p+0
extreme-0636	-0x1.999999999999ap-5	finite	0x1.8ffffffffffffp+6	0x1p+0
extreme-0637	0x0p+0	finite	0x1.4p+2	0x1p+0
extreme-0637	0x1.999999999999ap-5	finite	0x1.4p+2	0x1p+0
extreme-0637	-0x1.999999999999ap-5	finite	0x1.3fffffffffff8p+2	0x1p+0
extreme-0638	0x0p+0	finite	0x1.8ffffffffffffp+6	0x1p+0
extreme-0638	0x1.999999999999ap-5	finite	0x1.8ffffffffffffp+6	0x1p+0
extreme-0638	-0x1.999999999999ap-5	finite	0x1.8ffffffffffffp+6	0x1p+0
extreme-0639	0x0p+0	finite	0x1.8ffffffffffffp+6	0x1p+0
extreme-0639	0x1.999999999999ap-5	finite	0x1.8ffffffffffffp+6	0x1p+0
extreme-0639	-0x1.999999999999ap-5	finite	0x1.8ffffffffffffp+6	0x1p+0
extreme-0640	0x0p+0	finite	0x1.4p+2	0x1p+0
extreme-0640	0x1.999999999999ap-5	finite	0x1.4p+2	0x1p+0
extreme-0640	-0x1.999999999999ap-5	finite	0x1.3fffffffffff8p+2	0x1p+0
extreme-0641	0x0p+0	finite	0x1.8ffffffffffffp+6	0x1p+0
extreme-0641	0x1.999999999999ap-5	finite	0x1.8ffffffffffffp+6	0x1p+0
extreme-0641	-0x1.999999999999ap-5	finite	0x1.8ffffffffffffp+6	0x1p+0
extreme-0642	0x0p+0	finite	0x1.8ffffffffffffp+6	0x1p+0
extreme-0642	0x1.999999999999ap-5	finite	0x1.8ffffffffffffp+6	0x1p+0
extreme-0642	-0x1.999999999999ap-5	finite	0x1.8ffffffffffffp+6	0x1p+0
extreme-0643	0x0p+0	finite	0x1.4p+2	0x1p+0
extreme-0643	0x1.999999999999ap-5	finite	0x1.4p+2	0x1p+0
extreme-0643	-0x1.999999999999ap-5	finite	0x1.3fffffffffff8p+2	0x1p+0
discount-0644	0x0p+0	finite	0x1.49be7b0e0e148p-366	0x1p+0
discount-0644	0x1.999999999999ap-5	finite	0x1.49be7b0e0e144p-366	0x1p+0
discount-0644	-0x1.999999999999ap-5	finite	0x1.49be7b0e0e147p-366	0x1p+0
discount-0645	0x0p+0	finite	0x1.49be7b0e0e0ap-366	0x1p+0
discount-0645	0x1.999999999999ap-5	finite	0x1.49be7b0e0e0ap-366	0x1p+0
discount-0645	-0x1.999999999999ap-5	finite	0x1.49be7b0e0e0a7p-366	0x1p+0
discount-0646	0x0p+0	finite	0x1.49be7b0e0df54p-366	0x1p+0
discount-0646	0x1.999999999999ap-5	finite	0x1.49be7b0e0df59p-366	0x1p+0
discount-0646	-0x1.999999999999ap-5	finite	0x1.49be7b0e0df57p-366	0x1p+0
discount-0647	0x0p+0	finite	0x1.047c7fb5f05a8p+373	0x1p+0
discount-0647	0x1.999999999999ap-5	finite	0x1.047c7fb5f05aap+373	0x1p+0
discount-0647	-0x1.999999999999ap-5	finite	0x1.047c7fb5f05a7p+373	0x1p+0
discount-0648	0x0p+0	finite	0x1.047c7fb5f06a8p+373	0x1p+0
discount-0648	0x1.999999999999ap-5	finite	0x1.047c7fb5f06a9p+373	0x1p+0
discount-0648	-0x1.999999999999ap-5	finite	0x1.047c7fb5f06abp+373	0x1p+0
