..........
----------------------------------------------------------------------
Ran 10 tests in 0.325s

OK
American inverse controls passed
ROOT call-80-0-american 0x1.8p-3 0x1.c666666666666p-3 6
ROW call-80-0-american interval 8495a6be000000f3000000000000007d0000006890d0b00c000000000000c83f08000033000c504704523aa2ee3f40324575726f7065616e2d726564756374696f6e0c000000000000f03f40400c00000000000000000cd0699d1f73f8893c0cd0699d1f73f8893c080000270040404040400c000000000000000040404040400cd0699d1f73f8993cb00c666666666666cc3f08000033000c0e7ec3c8c510fa3f40324575726f7065616e2d726564756374696f6e0c000000000000f03f40400c00000000000000000cb18b0ffdf51c813c0cb18b0ffdf51c813c080000270040404040400c000000000000000040404040400cb18b0ffdf51c913c0c9a9999999999a93f4640
ROOT call-80-0-bermudan 0x1.8p-3 0x1.c666666666666p-3 6
ROW call-80-0-bermudan interval 8495a6be000000f3000000000000007d0000006890d0b00c000000000000c83f08000033000c504704523aa2ee3f40324575726f7065616e2d726564756374696f6e0c000000000000f03f40400c00000000000000000cd0699d1f73f8893c0cd0699d1f73f8893c080000270040404540400c000000000000000040404040400cd0699d1f73f8993cb00c666666666666cc3f08000033000c0e7ec3c8c510fa3f40324575726f7065616e2d726564756374696f6e0c000000000000f03f40400c00000000000000000cb18b0ffdf51c813c0cb18b0ffdf51c813c080000270040404540400c000000000000000040404040400cb18b0ffdf51c913c0c9a9999999999a93f4640
ROOT call-80-0.05-american 0x1.8p-3 0x1.c666666666666p-3 6
ROW call-80-0.05-american interval 8495a6be000000f3000000000000007d0000006890d0b00c000000000000c83f08000033000c5ef6f1bae81af93f40324575726f7065616e2d726564756374696f6e0c000000000000f03f40400c00000000000000000c88d04fd920039b3c0c88d04fd920039b3c080000270040404040400c000000000000000040404040400c88d04fd92003ab3cb00c666666666666cc3f08000033000c55496bc25132034040324575726f7065616e2d726564756374696f6e0c000000000000f03f40400c00000000000000000c6230dc33aeec753c0c6230dc33aeec753c080000270040404040400c000000000000000040404040400c6230dc33aeec853c0c9a9999999999a93f4640
ROOT call-80-0.05-bermudan 0x1.8p-3 0x1.c666666666666p-3 6
ROW call-80-0.05-bermudan interval 8495a6be000000f3000000000000007d0000006890d0b00c000000000000c83f08000033000c5ef6f1bae81af93f40324575726f7065616e2d726564756374696f6e0c000000000000f03f40400c00000000000000000c88d04fd920039b3c0c88d04fd920039b3c080000270040404540400c000000000000000040404040400c88d04fd92003ab3cb00c666666666666cc3f08000033000c55496bc25132034040324575726f7065616e2d726564756374696f6e0c000000000000f03f40400c00000000000000000c6230dc33aeec753c0c6230dc33aeec753c080000270040404540400c000000000000000040404040400c6230dc33aeec853c0c9a9999999999a93f4640
ROOT call-100-0-american 0x1.8p-3 0x1.c666666666666p-3 6
ROW call-100-0-american interval 8495a6be000000f3000000000000007d0000006890d0b00c000000000000c83f08000033000c01fabd7e7ce01d4040324575726f7065616e2d726564756374696f6e0c000000000000f03f40400c00000000000000000c5c06c2b2926db03c0c5c06c2b2926db03c080000270040404040400c000000000000000040404040400c5c06c2b2926dc03cb00c666666666666cc3f08000033000ca282e89ab4aa214040324575726f7065616e2d726564756374696f6e0c000000000000f03f40400c00000000000000000ca8c54de52751c73c0ca8c54de52751c73c080000270040404040400c000000000000000040404040400ca8c54de52751d73c0c9a9999999999a93f4640
ROOT call-100-0-bermudan 0x1.8p-3 0x1.c666666666666p-3 6
ROW call-100-0-bermudan interval 8495a6be000000f3000000000000007d0000006890d0b00c000000000000c83f08000033000c01fabd7e7ce01d4040324575726f7065616e2d726564756374696f6e0c000000000000f03f40400c00000000000000000c5c06c2b2926db03c0c5c06c2b2926db03c080000270040404540400c000000000000000040404040400c5c06c2b2926dc03cb00c666666666666cc3f08000033000ca282e89ab4aa214040324575726f7065616e2d726564756374696f6e0c000000000000f03f40400c00000000000000000ca8c54de52751c73c0ca8c54de52751c73c080000270040404540400c000000000000000040404040400ca8c54de52751d73c0c9a9999999999a93f4640
ROOT call-100-0.05-american 0x1.8p-3 0x1.c666666666666p-3 6
ROW call-100-0.05-american interval 8495a6be000000f3000000000000007d0000006890d0b00c000000000000c83f08000033000caae745a6f8f6234040324575726f7065616e2d726564756374696f6e0c000000000000f03f40400c00000000000000000c3b4f166b8439a13c0c3b4f166b8439a13c080000270040404040400c000000000000000040404040400c3b4f166b8439b13cb00c666666666666cc3f08000033000c492128bd068c264040324575726f7065616e2d726564756374696f6e0c000000000000f03f40400c00000000000000000ca2451aaaec6bb43c0ca2451aaaec6bb43c080000270040404040400c000000000000000040404040400ca2451aaaec6bc43c0c9a9999999999a93f4640
ROOT call-100-0.05-bermudan 0x1.8p-3 0x1.c666666666666p-3 6
ROW call-100-0.05-bermudan interval 8495a6be000000f3000000000000007d0000006890d0b00c000000000000c83f08000033000caae745a6f8f6234040324575726f7065616e2d726564756374696f6e0c000000000000f03f40400c00000000000000000c3b4f166b8439a13c0c3b4f166b8439a13c080000270040404540400c000000000000000040404040400c3b4f166b8439b13cb00c666666666666cc3f08000033000c492128bd068c264040324575726f7065616e2d726564756374696f6e0c000000000000f03f40400c00000000000000000ca2451aaaec6bb43c0ca2451aaaec6bb43c080000270040404540400c000000000000000040404040400ca2451aaaec6bc43c0c9a9999999999a93f4640
ROOT call-120-0-american 0x1.8p-3 0x1.c666666666666p-3 6
ROW call-120-0-american interval 8495a6be000000f3000000000000007d0000006890d0b00c000000000000c83f08000033000c59d61b0f57cc354040324575726f7065616e2d726564756374696f6e0c000000000000f03f40400c00000000000000000cf05e8fbc2f47d13c0cf05e8fbc2f47d13c080000270040404040400c000000000000000040404040400cf05e8fbc2f47e13cb00c666666666666cc3f08000033000c30a6999717cd364040324575726f7065616e2d726564756374696f6e0c000000000000f03f40400c00000000000000000c95c5a75c7e30d53c0c95c5a75c7e30d53c080000270040404040400c000000000000000040404040400c95c5a75c7e30e53c0c9a9999999999a93f4640
ROOT call-120-0-bermudan 0x1.8p-3 0x1.c666666666666p-3 6
ROW call-120-0-bermudan interval 8495a6be000000f3000000000000007d0000006890d0b00c000000000000c83f08000033000c59d61b0f57cc354040324575726f7065616e2d726564756374696f6e0c000000000000f03f40400c00000000000000000cf05e8fbc2f47d13c0cf05e8fbc2f47d13c080000270040404540400c000000000000000040404040400cf05e8fbc2f47e13cb00c666666666666cc3f08000033000c30a6999717cd364040324575726f7065616e2d726564756374696f6e0c000000000000f03f40400c00000000000000000c95c5a75c7e30d53c0c95c5a75c7e30d53c080000270040404540400c000000000000000040404040400c95c5a75c7e30e53c0c9a9999999999a93f4640
ROOT call-120-0.05-american 0x1.8p-3 0x1.c666666666666p-3 6
ROW call-120-0.05-american interval 8495a6be000000f3000000000000007d0000006890d0b00c000000000000c83f08000033000c9a8c793e26e9394040324575726f7065616e2d726564756374696f6e0c000000000000f03f40400c00000000000000000cfa254ca7b918883c0cfa254ca7b918883c080000270040404040400c000000000000000040404040400cfa254ca7b918983cb00c666666666666cc3f08000033000c947d9fe591ac3a4040324575726f7065616e2d726564756374696f6e0c000000000000f03f40400c00000000000000000cd343da865c50ce3c0cd343da865c50ce3c080000270040404040400c000000000000000040404040400cd343da865c50de3c0c9a9999999999a93f4640
ROOT call-120-0.05-bermudan 0x1.8p-3 0x1.c666666666666p-3 6
ROW call-120-0.05-bermudan interval 8495a6be000000f3000000000000007d0000006890d0b00c000000000000c83f08000033000c9a8c793e26e9394040324575726f7065616e2d726564756374696f6e0c000000000000f03f40400c00000000000000000cfa254ca7b918883c0cfa254ca7b918883c080000270040404540400c000000000000000040404040400cfa254ca7b918983cb00c666666666666cc3f08000033000c947d9fe591ac3a4040324575726f7065616e2d726564756374696f6e0c000000000000f03f40400c00000000000000000cd343da865c50ce3c0cd343da865c50ce3c080000270040404540400c000000000000000040404040400cd343da865c50de3c0c9a9999999999a93f4640
ROOT terminal-call--0.05-american 0x1.8p-3 0x1.c666666666666p-3 6
ROW terminal-call--0.05-american interval 8495a6be000000f3000000000000007d0000006890d0b00c000000000000c83f08000033000c45ba2dbc4937124040324575726f7065616e2d726564756374696f6e0c000000000000f03f40400c00000000000000000c8b9c7448f4f3bd3c0c8b9c7448f4f3bd3c080000270040404040400c000000000000000040404040400c8b9c7448f4f3cd3cb00c666666666666cc3f08000033000c5711fb373e70174040324575726f7065616e2d726564756374696f6e0c000000000000f03f40400c00000000000000000cadfad42db96dae3c0cadfad42db96dae3c080000270040404040400c000000000000000040404040400cadfad42db96dbe3c0c9a9999999999a93f4640
ROOT terminal-call--0.05-bermudan 0x1.8p-3 0x1.c666666666666p-3 6
ROW terminal-call--0.05-bermudan interval 8495a6be000000f3000000000000007d0000006890d0b00c000000000000c83f08000033000c45ba2dbc4937124040324575726f7065616e2d726564756374696f6e0c000000000000f03f40400c00000000000000000c8b9c7448f4f3bd3c0c8b9c7448f4f3bd3c080000270040404140400c000000000000000040404040400c8b9c7448f4f3cd3cb00c666666666666cc3f08000033000c5711fb373e70174040324575726f7065616e2d726564756374696f6e0c000000000000f03f40400c00000000000000000cadfad42db96dae3c0cadfad42db96dae3c080000270040404140400c000000000000000040404040400cadfad42db96dbe3c0c9a9999999999a93f4640
ROOT terminal-call-0.05-american 0x1.8p-3 0x1.c666666666666p-3 6
ROW terminal-call-0.05-american interval 8495a6be000000f3000000000000007d0000006890d0b00c000000000000c83f08000033000cd191765fc481214040324575726f7065616e2d726564756374696f6e0c000000000000f03f40400c00000000000000000c429b36842ae8ca3c0c429b36842ae8ca3c080000270040404040400c000000000000000040404040400c429b36842ae8da3cb00c666666666666cc3f08000033000c359ea638f31c244040324575726f7065616e2d726564756374696f6e0c000000000000f03f40400c00000000000000000c0d5009171e35c23c0c0d5009171e35c23c080000270040404040400c000000000000000040404040400c0d5009171e35d23c0c9a9999999999a93f4640
ROOT terminal-call-0.05-bermudan 0x1.8p-3 0x1.c666666666666p-3 6
ROW terminal-call-0.05-bermudan interval 8495a6be000000f3000000000000007d0000006890d0b00c000000000000c83f08000033000cd191765fc481214040324575726f7065616e2d726564756374696f6e0c000000000000f03f40400c00000000000000000c429b36842ae8ca3c0c429b36842ae8ca3c080000270040404140400c000000000000000040404040400c429b36842ae8da3cb00c666666666666cc3f08000033000c359ea638f31c244040324575726f7065616e2d726564756374696f6e0c000000000000f03f40400c00000000000000000c0d5009171e35c23c0c0d5009171e35c23c080000270040404140400c000000000000000040404040400c0d5009171e35d23c0c9a9999999999a93f4640
ROOT terminal-put--0.05-american 0x1.8p-3 0x1.c666666666666p-3 6
ROW terminal-put--0.05-american interval 8495a6be000000f3000000000000007d0000006890d0b00c000000000000c83f08000033000c60dcc8548d52274040324575726f7065616e2d726564756374696f6e0c000000000000f03f40400c00000000000000000c91fa7b169321a33c0c91fa7b169321a33c080000270040404040400c000000000000000040404040400c91fa7b169321b33cb00c666666666666cc3f08000033000ce987af9207ef294040324575726f7065616e2d726564756374696f6e0c000000000000f03f40400c00000000000000000cc015c83ce14db83c0cc015c83ce14db83c080000270040404040400c000000000000000040404040400cc015c83ce14dc83c0c9a9999999999a93f4640
ROOT terminal-put--0.05-bermudan 0x1.8p-3 0x1.c666666666666p-3 6
ROW terminal-put--0.05-bermudan interval 8495a6be000000f3000000000000007d0000006890d0b00c000000000000c83f08000033000c60dcc8548d52274040324575726f7065616e2d726564756374696f6e0c000000000000f03f40400c00000000000000000c91fa7b169321a33c0c91fa7b169321a33c080000270040404140400c000000000000000040404040400c91fa7b169321b33cb00c666666666666cc3f08000033000ce987af9207ef294040324575726f7065616e2d726564756374696f6e0c000000000000f03f40400c00000000000000000cc015c83ce14db83c0cc015c83ce14db83c080000270040404140400c000000000000000040404040400cc015c83ce14dc83c0c9a9999999999a93f4640
ROOT terminal-put-0.05-american 0x1.8p-3 0x1.c666666666666p-3 6
ROW terminal-put-0.05-american interval 8495a6be000000f3000000000000007d0000006890d0b00c000000000000c83f08000033000c467c1845156d174040324575726f7065616e2d726564756374696f6e0c000000000000f03f40400c00000000000000000ccf1ec1fb697eb03c0ccf1ec1fb697eb03c080000270040404040400c000000000000000040404040400ccf1ec1fb697ec03cb00c666666666666cc3f08000033000c0d9578f772a31c4040324575726f7065616e2d726564756374696f6e0c000000000000f03f40400c00000000000000000cbfb5e4297d1bbe3c0cbfb5e4297d1bbe3c080000270040404040400c000000000000000040404040400cbfb5e4297d1bce3c0c9a9999999999a93f4640
ROOT terminal-put-0.05-bermudan 0x1.8p-3 0x1.c666666666666p-3 6
ROW terminal-put-0.05-bermudan interval 8495a6be000000f3000000000000007d0000006890d0b00c000000000000c83f08000033000c467c1845156d174040324575726f7065616e2d726564756374696f6e0c000000000000f03f40400c00000000000000000ccf1ec1fb697eb03c0ccf1ec1fb697eb03c080000270040404140400c000000000000000040404040400ccf1ec1fb697ec03cb00c666666666666cc3f08000033000c0d9578f772a31c4040324575726f7065616e2d726564756374696f6e0c000000000000f03f40400c00000000000000000cbfb5e4297d1bbe3c0cbfb5e4297d1bbe3c080000270040404140400c000000000000000040404040400cbfb5e4297d1bce3c0c9a9999999999a93f4640
ROOT short-call 0x1.2999999999999p-2 0x1.4ccccccccccccp-2 6
ROW short-call interval 8495a6be000000f3000000000000007d0000006890d0b00c999999999999d23f08000033000c6ccf7222edcef73f40324575726f7065616e2d726564756374696f6e0c000000000000f03f40400c00000000000000000c7dd6763e43ff7c3c0c7dd6763e43ff7c3c080000270040404040400c000000000000000040404040400c7dd6763e43ff8c3cb00cccccccccccccd43f08000033000c0e8471f1838cfa3f40324575726f7065616e2d726564756374696f6e0c000000000000f03f40400c00000000000000000c15b293867d728a3c0c15b293867d728a3c080000270040404040400c000000000000000040404040400c15b293867d729a3c0c9a9999999999a93f4640
ROOT low-vega-call 0x1.e666666666667p-4 0x1.399999999999ap-3 6
ROW low-vega-call interval 8495a6be000000f3000000000000007d0000006890d0b00c676666666666be3f08000033000c75d9512f8770464040324575726f7065616e2d726564756374696f6e0c000000000000f03f40400c00000000000000000c58f5ae21e01cea3c0c58f5ae21e01cea3c080000270040404040400c000000000000000040404040400c58f5ae21e01cfa3cb00c9a9999999999c33f08000033000c683166287674464040324575726f7065616e2d726564756374696f6e0c000000000000f03f40400c00000000000000000c6a67c8674057c23c0c6a67c8674057c23c080000270040404040400c000000000000000040404040400c6a67c8674057d23c0c9a9999999999a93f4640
ROOT quote-down 0x1.8p-3 0x1.c666666666666p-3 6
ROW quote-down interval 8495a6be000000f3000000000000007d0000006890d0b00c000000000000c83f08000033000caae745a6f8f6234040324575726f7065616e2d726564756374696f6e0c000000000000f03f40400c00000000000000000c3b4f166b8439a13c0c3b4f166b8439a13c080000270040404040400c000000000000000040404040400c3b4f166b8439b13cb00c666666666666cc3f08000033000c492128bd068c264040324575726f7065616e2d726564756374696f6e0c000000000000f03f40400c00000000000000000ca2451aaaec6bb43c0ca2451aaaec6bb43c080000270040404040400c000000000000000040404040400ca2451aaaec6bc43c0c9a9999999999a93f4640
ROOT quote-up 0x1.8p-3 0x1.c666666666666p-3 6
ROW quote-up interval 8495a6be000000f3000000000000007d0000006890d0b00c000000000000c83f08000033000caae745a6f8f6234040324575726f7065616e2d726564756374696f6e0c000000000000f03f40400c00000000000000000c3b4f166b8439a13c0c3b4f166b8439a13c080000270040404040400c000000000000000040404040400c3b4f166b8439b13cb00c666666666666cc3f08000033000c492128bd068c264040324575726f7065616e2d726564756374696f6e0c000000000000f03f40400c00000000000000000ca2451aaaec6bb43c0ca2451aaaec6bb43c080000270040404040400c000000000000000040404040400ca2451aaaec6bc43c0c9a9999999999a93f4640
SKIP cash-terminal-american manual-refinement
SKIP cash-terminal-bermudan manual-refinement
SKIP american-put manual-refinement
SKIP negative-rate-put manual-refinement
SKIP delayed-put manual-refinement
SKIP bermudan-put manual-refinement
TOTAL 30 24 0 6
Exchange price 13.3213275111; absolute error <= 3.48831e-16 currency units
1 instruments x 9 scenarios; 9 calculations; at most 4 buffered results
plan 6acf42096d7bd8e6aab84cc028cecc2d3caeab4e57fa14ba96a29846c4245583
scenario 0: 729.235984997 USD, numerical error <= 4.911e-14
scenario 1: 4069.80587951 USD, numerical error <= 1.615e-13
scenario 2: 11110.7350735 USD, numerical error <= 6.879e-13
scenario 3: 642.012449235 USD, numerical error <= 4.5e-14
scenario 4: 3904.8053328 USD, numerical error <= 6.477e-14
scenario 5: 10997.8419659 USD, numerical error <= 1.411e-12
scenario 6: 365.014482814 USD, numerical error <= 4.126e-14
scenario 7: 3308.76482264 USD, numerical error <= 1.625e-13
scenario 8: 10627.4992909 USD, numerical error <= 1.075e-12
committed 9 rows; complete=true
Estimated American put: 6.65747803196 (backward-Euler-policy-v1); 11776 accepted time steps
Estimated early-exercise premium: 0.327397404406
....
----------------------------------------------------------------------
Ran 4 tests in 0.395s

OK
.......
----------------------------------------------------------------------
Ran 7 tests in 1.483s

OK
Estimated American put with cash: 9.14925919024 (backward-Euler-policy-v1); 31744 accepted time steps
Premium unavailable: matching cash-European comparison not implemented
Estimated Bermudan put with cash: 9.00003498208 (backward-Euler-Bermudan-v1); 31744 accepted time steps
Premium unavailable: matching cash-European comparison not implemented
IEEE arithmetic contract passed (5.3.0, 64-bit runtime)
....
----------------------------------------------------------------------
Ran 4 tests in 0.001s

OK
American public controls passed
shared Greeks: deferred partial failures retain independent ATM price, delta and vega
........
----------------------------------------------------------------------
Ran 8 tests in 0.010s

OK
American cash controls passed
fast batch: mixed outcomes, finite guard, ownership and concurrent replay pass
exact expansion sums: 30774 served, 10 overflow refusals
exact expansion sums: 30774 served, 10 overflow refusals
.........
----------------------------------------------------------------------
Ran 9 tests in 0.030s

OK
full scalar checks=5200 rational=19306 refused=745 replay=f30666f99b132e8031ee9267f8d058a3
fast scalar checks=5200 rational=19310 refused=743 replay=a7810e024cea5c4b8d43ff5c96eb3e04
.......
----------------------------------------------------------------------
Ran 7 tests in 1.581s

OK
Native Bachelier backend 2: shape, scalar/SIMD, odd tails, ownership and batch replay pass
IEEE arithmetic contract passed (5.3.0, 64-bit runtime)
American public controls passed
shared Greeks: deferred partial failures retain independent ATM price, delta and vega
American inverse controls passed
ROOT call-80-0-american 0x1.8p-3 0x1.c666666666666p-3 6
ROW call-80-0-american interval 8495a6be000000f3000000000000007d0000006890d0b00c000000000000c83f08000033000c504704523aa2ee3f40324575726f7065616e2d726564756374696f6e0c000000000000f03f40400c00000000000000000cd0699d1f73f8893c0cd0699d1f73f8893c080000270040404040400c000000000000000040404040400cd0699d1f73f8993cb00c666666666666cc3f08000033000c0e7ec3c8c510fa3f40324575726f7065616e2d726564756374696f6e0c000000000000f03f40400c00000000000000000cb18b0ffdf51c813c0cb18b0ffdf51c813c080000270040404040400c000000000000000040404040400cb18b0ffdf51c913c0c9a9999999999a93f4640
ROOT call-80-0-bermudan 0x1.8p-3 0x1.c666666666666p-3 6
ROW call-80-0-bermudan interval 8495a6be000000f3000000000000007d0000006890d0b00c000000000000c83f08000033000c504704523aa2ee3f40324575726f7065616e2d726564756374696f6e0c000000000000f03f40400c00000000000000000cd0699d1f73f8893c0cd0699d1f73f8893c080000270040404540400c000000000000000040404040400cd0699d1f73f8993cb00c666666666666cc3f08000033000c0e7ec3c8c510fa3f40324575726f7065616e2d726564756374696f6e0c000000000000f03f40400c00000000000000000cb18b0ffdf51c813c0cb18b0ffdf51c813c080000270040404540400c000000000000000040404040400cb18b0ffdf51c913c0c9a9999999999a93f4640
ROOT call-80-0.05-american 0x1.8p-3 0x1.c666666666666p-3 6
ROW call-80-0.05-american interval 8495a6be000000f3000000000000007d0000006890d0b00c000000000000c83f08000033000c5ef6f1bae81af93f40324575726f7065616e2d726564756374696f6e0c000000000000f03f40400c00000000000000000c88d04fd920039b3c0c88d04fd920039b3c080000270040404040400c000000000000000040404040400c88d04fd92003ab3cb00c666666666666cc3f08000033000c55496bc25132034040324575726f7065616e2d726564756374696f6e0c000000000000f03f40400c00000000000000000c6230dc33aeec753c0c6230dc33aeec753c080000270040404040400c000000000000000040404040400c6230dc33aeec853c0c9a9999999999a93f4640
ROOT call-80-0.05-bermudan 0x1.8p-3 0x1.c666666666666p-3 6
ROW call-80-0.05-bermudan interval 8495a6be000000f3000000000000007d0000006890d0b00c000000000000c83f08000033000c5ef6f1bae81af93f40324575726f7065616e2d726564756374696f6e0c000000000000f03f40400c00000000000000000c88d04fd920039b3c0c88d04fd920039b3c080000270040404540400c000000000000000040404040400c88d04fd92003ab3cb00c666666666666cc3f08000033000c55496bc25132034040324575726f7065616e2d726564756374696f6e0c000000000000f03f40400c00000000000000000c6230dc33aeec753c0c6230dc33aeec753c080000270040404540400c000000000000000040404040400c6230dc33aeec853c0c9a9999999999a93f4640
ROOT call-100-0-american 0x1.8p-3 0x1.c666666666666p-3 6
ROW call-100-0-american interval 8495a6be000000f3000000000000007d0000006890d0b00c000000000000c83f08000033000c01fabd7e7ce01d4040324575726f7065616e2d726564756374696f6e0c000000000000f03f40400c00000000000000000c5c06c2b2926db03c0c5c06c2b2926db03c080000270040404040400c000000000000000040404040400c5c06c2b2926dc03cb00c666666666666cc3f08000033000ca282e89ab4aa214040324575726f7065616e2d726564756374696f6e0c000000000000f03f40400c00000000000000000ca8c54de52751c73c0ca8c54de52751c73c080000270040404040400c000000000000000040404040400ca8c54de52751d73c0c9a9999999999a93f4640
ROOT call-100-0-bermudan 0x1.8p-3 0x1.c666666666666p-3 6
ROW call-100-0-bermudan interval 8495a6be000000f3000000000000007d0000006890d0b00c000000000000c83f08000033000c01fabd7e7ce01d4040324575726f7065616e2d726564756374696f6e0c000000000000f03f40400c00000000000000000c5c06c2b2926db03c0c5c06c2b2926db03c080000270040404540400c000000000000000040404040400c5c06c2b2926dc03cb00c666666666666cc3f08000033000ca282e89ab4aa214040324575726f7065616e2d726564756374696f6e0c000000000000f03f40400c00000000000000000ca8c54de52751c73c0ca8c54de52751c73c080000270040404540400c000000000000000040404040400ca8c54de52751d73c0c9a9999999999a93f4640
ROOT call-100-0.05-american 0x1.8p-3 0x1.c666666666666p-3 6
ROW call-100-0.05-american interval 8495a6be000000f3000000000000007d0000006890d0b00c000000000000c83f08000033000caae745a6f8f6234040324575726f7065616e2d726564756374696f6e0c000000000000f03f40400c00000000000000000c3b4f166b8439a13c0c3b4f166b8439a13c080000270040404040400c000000000000000040404040400c3b4f166b8439b13cb00c666666666666cc3f08000033000c492128bd068c264040324575726f7065616e2d726564756374696f6e0c000000000000f03f40400c00000000000000000ca2451aaaec6bb43c0ca2451aaaec6bb43c080000270040404040400c000000000000000040404040400ca2451aaaec6bc43c0c9a9999999999a93f4640
ROOT call-100-0.05-bermudan 0x1.8p-3 0x1.c666666666666p-3 6
ROW call-100-0.05-bermudan interval 8495a6be000000f3000000000000007d0000006890d0b00c000000000000c83f08000033000caae745a6f8f6234040324575726f7065616e2d726564756374696f6e0c000000000000f03f40400c00000000000000000c3b4f166b8439a13c0c3b4f166b8439a13c080000270040404540400c000000000000000040404040400c3b4f166b8439b13cb00c666666666666cc3f08000033000c492128bd068c264040324575726f7065616e2d726564756374696f6e0c000000000000f03f40400c00000000000000000ca2451aaaec6bb43c0ca2451aaaec6bb43c080000270040404540400c000000000000000040404040400ca2451aaaec6bc43c0c9a9999999999a93f4640
ROOT call-120-0-american 0x1.8p-3 0x1.c666666666666p-3 6
ROW call-120-0-american interval 8495a6be000000f3000000000000007d0000006890d0b00c000000000000c83f08000033000c59d61b0f57cc354040324575726f7065616e2d726564756374696f6e0c000000000000f03f40400c00000000000000000cf05e8fbc2f47d13c0cf05e8fbc2f47d13c080000270040404040400c000000000000000040404040400cf05e8fbc2f47e13cb00c666666666666cc3f08000033000c30a6999717cd364040324575726f7065616e2d726564756374696f6e0c000000000000f03f40400c00000000000000000c95c5a75c7e30d53c0c95c5a75c7e30d53c080000270040404040400c000000000000000040404040400c95c5a75c7e30e53c0c9a9999999999a93f4640
ROOT call-120-0-bermudan 0x1.8p-3 0x1.c666666666666p-3 6
ROW call-120-0-bermudan interval 8495a6be000000f3000000000000007d0000006890d0b00c000000000000c83f08000033000c59d61b0f57cc354040324575726f7065616e2d726564756374696f6e0c000000000000f03f40400c00000000000000000cf05e8fbc2f47d13c0cf05e8fbc2f47d13c080000270040404540400c000000000000000040404040400cf05e8fbc2f47e13cb00c666666666666cc3f08000033000c30a6999717cd364040324575726f7065616e2d726564756374696f6e0c000000000000f03f40400c00000000000000000c95c5a75c7e30d53c0c95c5a75c7e30d53c080000270040404540400c000000000000000040404040400c95c5a75c7e30e53c0c9a9999999999a93f4640
ROOT call-120-0.05-american 0x1.8p-3 0x1.c666666666666p-3 6
ROW call-120-0.05-american interval 8495a6be000000f3000000000000007d0000006890d0b00c000000000000c83f08000033000c9a8c793e26e9394040324575726f7065616e2d726564756374696f6e0c000000000000f03f40400c00000000000000000cfa254ca7b918883c0cfa254ca7b918883c080000270040404040400c000000000000000040404040400cfa254ca7b918983cb00c666666666666cc3f08000033000c947d9fe591ac3a4040324575726f7065616e2d726564756374696f6e0c000000000000f03f40400c00000000000000000cd343da865c50ce3c0cd343da865c50ce3c080000270040404040400c000000000000000040404040400cd343da865c50de3c0c9a9999999999a93f4640
ROOT call-120-0.05-bermudan 0x1.8p-3 0x1.c666666666666p-3 6
ROW call-120-0.05-bermudan interval 8495a6be000000f3000000000000007d0000006890d0b00c000000000000c83f08000033000c9a8c793e26e9394040324575726f7065616e2d726564756374696f6e0c000000000000f03f40400c00000000000000000cfa254ca7b918883c0cfa254ca7b918883c080000270040404540400c000000000000000040404040400cfa254ca7b918983cb00c666666666666cc3f08000033000c947d9fe591ac3a4040324575726f7065616e2d726564756374696f6e0c000000000000f03f40400c00000000000000000cd343da865c50ce3c0cd343da865c50ce3c080000270040404540400c000000000000000040404040400cd343da865c50de3c0c9a9999999999a93f4640
ROOT terminal-call--0.05-american 0x1.8p-3 0x1.c666666666666p-3 6
ROW terminal-call--0.05-american interval 8495a6be000000f3000000000000007d0000006890d0b00c000000000000c83f08000033000c45ba2dbc4937124040324575726f7065616e2d726564756374696f6e0c000000000000f03f40400c00000000000000000c8b9c7448f4f3bd3c0c8b9c7448f4f3bd3c080000270040404040400c000000000000000040404040400c8b9c7448f4f3cd3cb00c666666666666cc3f08000033000c5711fb373e70174040324575726f7065616e2d726564756374696f6e0c000000000000f03f40400c00000000000000000cadfad42db96dae3c0cadfad42db96dae3c080000270040404040400c000000000000000040404040400cadfad42db96dbe3c0c9a9999999999a93f4640
ROOT terminal-call--0.05-bermudan 0x1.8p-3 0x1.c666666666666p-3 6
ROW terminal-call--0.05-bermudan interval 8495a6be000000f3000000000000007d0000006890d0b00c000000000000c83f08000033000c45ba2dbc4937124040324575726f7065616e2d726564756374696f6e0c000000000000f03f40400c00000000000000000c8b9c7448f4f3bd3c0c8b9c7448f4f3bd3c080000270040404140400c000000000000000040404040400c8b9c7448f4f3cd3cb00c666666666666cc3f08000033000c5711fb373e70174040324575726f7065616e2d726564756374696f6e0c000000000000f03f40400c00000000000000000cadfad42db96dae3c0cadfad42db96dae3c080000270040404140400c000000000000000040404040400cadfad42db96dbe3c0c9a9999999999a93f4640
ROOT terminal-call-0.05-american 0x1.8p-3 0x1.c666666666666p-3 6
ROW terminal-call-0.05-american interval 8495a6be000000f3000000000000007d0000006890d0b00c000000000000c83f08000033000cd191765fc481214040324575726f7065616e2d726564756374696f6e0c000000000000f03f40400c00000000000000000c429b36842ae8ca3c0c429b36842ae8ca3c080000270040404040400c000000000000000040404040400c429b36842ae8da3cb00c666666666666cc3f08000033000c359ea638f31c244040324575726f7065616e2d726564756374696f6e0c000000000000f03f40400c00000000000000000c0d5009171e35c23c0c0d5009171e35c23c080000270040404040400c000000000000000040404040400c0d5009171e35d23c0c9a9999999999a93f4640
ROOT terminal-call-0.05-bermudan 0x1.8p-3 0x1.c666666666666p-3 6
ROW terminal-call-0.05-bermudan interval 8495a6be000000f3000000000000007d0000006890d0b00c000000000000c83f08000033000cd191765fc481214040324575726f7065616e2d726564756374696f6e0c000000000000f03f40400c00000000000000000c429b36842ae8ca3c0c429b36842ae8ca3c080000270040404140400c000000000000000040404040400c429b36842ae8da3cb00c666666666666cc3f08000033000c359ea638f31c244040324575726f7065616e2d726564756374696f6e0c000000000000f03f40400c00000000000000000c0d5009171e35c23c0c0d5009171e35c23c080000270040404140400c000000000000000040404040400c0d5009171e35d23c0c9a9999999999a93f4640
ROOT terminal-put--0.05-american 0x1.8p-3 0x1.c666666666666p-3 6
ROW terminal-put--0.05-american interval 8495a6be000000f3000000000000007d0000006890d0b00c000000000000c83f08000033000c60dcc8548d52274040324575726f7065616e2d726564756374696f6e0c000000000000f03f40400c00000000000000000c91fa7b169321a33c0c91fa7b169321a33c080000270040404040400c000000000000000040404040400c91fa7b169321b33cb00c666666666666cc3f08000033000ce987af9207ef294040324575726f7065616e2d726564756374696f6e0c000000000000f03f40400c00000000000000000cc015c83ce14db83c0cc015c83ce14db83c080000270040404040400c000000000000000040404040400cc015c83ce14dc83c0c9a9999999999a93f4640
ROOT terminal-put--0.05-bermudan 0x1.8p-3 0x1.c666666666666p-3 6
ROW terminal-put--0.05-bermudan interval 8495a6be000000f3000000000000007d0000006890d0b00c000000000000c83f08000033000c60dcc8548d52274040324575726f7065616e2d726564756374696f6e0c000000000000f03f40400c00000000000000000c91fa7b169321a33c0c91fa7b169321a33c080000270040404140400c000000000000000040404040400c91fa7b169321b33cb00c666666666666cc3f08000033000ce987af9207ef294040324575726f7065616e2d726564756374696f6e0c000000000000f03f40400c00000000000000000cc015c83ce14db83c0cc015c83ce14db83c080000270040404140400c000000000000000040404040400cc015c83ce14dc83c0c9a9999999999a93f4640
ROOT terminal-put-0.05-american 0x1.8p-3 0x1.c666666666666p-3 6
ROW terminal-put-0.05-american interval 8495a6be000000f3000000000000007d0000006890d0b00c000000000000c83f08000033000c467c1845156d174040324575726f7065616e2d726564756374696f6e0c000000000000f03f40400c00000000000000000ccf1ec1fb697eb03c0ccf1ec1fb697eb03c080000270040404040400c000000000000000040404040400ccf1ec1fb697ec03cb00c666666666666cc3f08000033000c0d9578f772a31c4040324575726f7065616e2d726564756374696f6e0c000000000000f03f40400c00000000000000000cbfb5e4297d1bbe3c0cbfb5e4297d1bbe3c080000270040404040400c000000000000000040404040400cbfb5e4297d1bce3c0c9a9999999999a93f4640
ROOT terminal-put-0.05-bermudan 0x1.8p-3 0x1.c666666666666p-3 6
ROW terminal-put-0.05-bermudan interval 8495a6be000000f3000000000000007d0000006890d0b00c000000000000c83f08000033000c467c1845156d174040324575726f7065616e2d726564756374696f6e0c000000000000f03f40400c00000000000000000ccf1ec1fb697eb03c0ccf1ec1fb697eb03c080000270040404140400c000000000000000040404040400ccf1ec1fb697ec03cb00c666666666666cc3f08000033000c0d9578f772a31c4040324575726f7065616e2d726564756374696f6e0c000000000000f03f40400c00000000000000000cbfb5e4297d1bbe3c0cbfb5e4297d1bbe3c080000270040404140400c000000000000000040404040400cbfb5e4297d1bce3c0c9a9999999999a93f4640
ROOT short-call 0x1.2999999999999p-2 0x1.4ccccccccccccp-2 6
ROW short-call interval 8495a6be000000f3000000000000007d0000006890d0b00c999999999999d23f08000033000c6ccf7222edcef73f40324575726f7065616e2d726564756374696f6e0c000000000000f03f40400c00000000000000000c7dd6763e43ff7c3c0c7dd6763e43ff7c3c080000270040404040400c000000000000000040404040400c7dd6763e43ff8c3cb00cccccccccccccd43f08000033000c0e8471f1838cfa3f40324575726f7065616e2d726564756374696f6e0c000000000000f03f40400c00000000000000000c15b293867d728a3c0c15b293867d728a3c080000270040404040400c000000000000000040404040400c15b293867d729a3c0c9a9999999999a93f4640
ROOT low-vega-call 0x1.e666666666667p-4 0x1.399999999999ap-3 6
ROW low-vega-call interval 8495a6be000000f3000000000000007d0000006890d0b00c676666666666be3f08000033000c75d9512f8770464040324575726f7065616e2d726564756374696f6e0c000000000000f03f40400c00000000000000000c58f5ae21e01cea3c0c58f5ae21e01cea3c080000270040404040400c000000000000000040404040400c58f5ae21e01cfa3cb00c9a9999999999c33f08000033000c683166287674464040324575726f7065616e2d726564756374696f6e0c000000000000f03f40400c00000000000000000c6a67c8674057c23c0c6a67c8674057c23c080000270040404040400c000000000000000040404040400c6a67c8674057d23c0c9a9999999999a93f4640
ROOT quote-down 0x1.8p-3 0x1.c666666666666p-3 6
ROW quote-down interval 8495a6be000000f3000000000000007d0000006890d0b00c000000000000c83f08000033000caae745a6f8f6234040324575726f7065616e2d726564756374696f6e0c000000000000f03f40400c00000000000000000c3b4f166b8439a13c0c3b4f166b8439a13c080000270040404040400c000000000000000040404040400c3b4f166b8439b13cb00c666666666666cc3f08000033000c492128bd068c264040324575726f7065616e2d726564756374696f6e0c000000000000f03f40400c00000000000000000ca2451aaaec6bb43c0ca2451aaaec6bb43c080000270040404040400c000000000000000040404040400ca2451aaaec6bc43c0c9a9999999999a93f4640
ROOT quote-up 0x1.8p-3 0x1.c666666666666p-3 6
ROW quote-up interval 8495a6be000000f3000000000000007d0000006890d0b00c000000000000c83f08000033000caae745a6f8f6234040324575726f7065616e2d726564756374696f6e0c000000000000f03f40400c00000000000000000c3b4f166b8439a13c0c3b4f166b8439a13c080000270040404040400c000000000000000040404040400c3b4f166b8439b13cb00c666666666666cc3f08000033000c492128bd068c264040324575726f7065616e2d726564756374696f6e0c000000000000f03f40400c00000000000000000ca2451aaaec6bb43c0ca2451aaaec6bb43c080000270040404040400c000000000000000040404040400ca2451aaaec6bc43c0c9a9999999999a93f4640
SKIP cash-terminal-american manual-refinement
SKIP cash-terminal-bermudan manual-refinement
SKIP american-put manual-refinement
SKIP negative-rate-put manual-refinement
SKIP delayed-put manual-refinement
SKIP bermudan-put manual-refinement
TOTAL 30 24 0 6
American residual operation graph, chunks and safety controls passed
fast batch: mixed outcomes, finite guard, ownership and concurrent replay pass
Native Bachelier backend 2: shape, scalar/SIMD, odd tails, ownership and batch replay pass
fast planner: original-input prices, both date conventions, ownership, worker replay, failures and limits pass
fast planner: carry-cancellation cells, payoff overflow and post-expiry remain explicit
exact expansion sums: 30774 served, 10 overflow refusals
exact expansion sums: 30774 served, 10 overflow refusals
1	0	2	"\132\149\166\190\000\000\000\r\000\000\000\000\000\000\000\b\000\000\000\007\145\144*row visits"
255	0	2	"\132\149\166\190\000\000\000\r\000\000\000\000\000\000\000\b\000\000\000\007\145\144*row visits"
256	0	3	"\132\149\166\190\000\000\000\r\000\000\000\000\000\000\000\b\000\000\000\007\145\144*row visits"
257	0	3	"\132\149\166\190\000\000\000\r\000\000\000\000\000\000\000\b\000\000\000\007\145\144*row visits"
511	0	3	"\132\149\166\190\000\000\000\r\000\000\000\000\000\000\000\b\000\000\000\007\145\144*row visits"
512	0	4	"\132\149\166\190\000\000\000\r\000\000\000\000\000\000\000\b\000\000\000\007\145\144*row visits"
513	0	4	"\132\149\166\190\000\000\000\r\000\000\000\000\000\000\000\b\000\000\000\007\145\144*row visits"
1023	0	5	"\132\149\166\190\000\000\000\r\000\000\000\000\000\000\000\b\000\000\000\007\145\144*row visits"
1024	0	6	"\132\149\166\190\000\000\000\r\000\000\000\000\000\000\000\b\000\000\000\007\145\144*row visits"
1025	0	6	"\132\149\166\190\000\000\000\r\000\000\000\000\000\000\000\b\000\000\000\007\145\144*row visits"
4095	0	33	"\132\149\166\190\000\000\000\r\000\000\000\000\000\000\000\b\000\000\000\007\145\144*row visits"
4096	0	34	"\132\149\166\190\000\000\000\r\000\000\000\000\000\000\000\b\000\000\000\007\145\144*row visits"
4097	0	34	"\132\149\166\190\000\000\000\r\000\000\000\000\000\000\000\b\000\000\000\007\145\144*row visits"
16383	0	144	"\132\149\166\190\000\000\000\r\000\000\000\000\000\000\000\b\000\000\000\007\145\144*row visits"
16384	0	145	"\132\149\166\190\000\000\000\r\000\000\000\000\000\000\000\b\000\000\000\007\145\144*row visits"
16385	0	145	"\132\149\166\190\000\000\000\r\000\000\000\000\000\000\000\b\000\000\000\007\145\144*row visits"
10000000	0	3087	"\132\149\166\190\000\000\000\191\000\000\000\000\000\000\000]\000\000\000L\144\b\000\0003\000\012\016\159\016l\255\235%@@8backward-Euler-policy-v1\012\000\000\000\000\000\000$@\144\224\160\012\128\2362\142\158\129\242?\012\192%/|eM\206?\160\012\000f\204L\210\148\167?\012\000pJo\250\167\151?\160\012\000\000\000\193\147\230\165>\012\000\000\000\000\000\000\000\000@\012\000\000\000\000\000\000\000\000\012\2249\012e2\161\208?@\012\000\000\000\000\000\195\146=\012\028O\193\142\247\188\234=\012\000\000\000\000\000\000\000\000\b\000\000'\000\001\002\224\001\003X\002\000\005\192\216\000i\000i\012\000\000\000\000\000\000\153@\000@B@@@"
10000000	1	1	"\132\149\166\190\000\000\000\002\000\000\000\000\000\000\000\002\000\000\000\002\145@"
10000000	2	2	"\132\149\166\190\000\000\000\002\000\000\000\000\000\000\000\002\000\000\000\002\145@"
10000000	3	3	"\132\149\166\190\000\000\000\002\000\000\000\000\000\000\000\002\000\000\000\002\145@"
10000000	4	4	"\132\149\166\190\000\000\000\002\000\000\000\000\000\000\000\002\000\000\000\002\145@"
10000000	7	7	"\132\149\166\190\000\000\000\002\000\000\000\000\000\000\000\002\000\000\000\002\145@"
10000000	12	12	"\132\149\166\190\000\000\000\002\000\000\000\000\000\000\000\002\000\000\000\002\145@"
10000000	31	31	"\132\149\166\190\000\000\000\002\000\000\000\000\000\000\000\002\000\000\000\002\145@"
10000000	64	64	"\132\149\166\190\000\000\000\002\000\000\000\000\000\000\000\002\000\000\000\002\145@"
10000000	127	127	"\132\149\166\190\000\000\000\002\000\000\000\000\000\000\000\002\000\000\000\002\145@"
10000000	256	256	"\132\149\166\190\000\000\000\002\000\000\000\000\000\000\000\002\000\000\000\002\145@"
1	0	2	"\132\149\166\190\000\000\000\r\000\000\000\000\000\000\000\b\000\000\000\007\145\144*row visits"
255	0	2	"\132\149\166\190\000\000\000\r\000\000\000\000\000\000\000\b\000\000\000\007\145\144*row visits"
256	0	3	"\132\149\166\190\000\000\000\r\000\000\000\000\000\000\000\b\000\000\000\007\145\144*row visits"
257	0	3	"\132\149\166\190\000\000\000\r\000\000\000\000\000\000\000\b\000\000\000\007\145\144*row visits"
511	0	3	"\132\149\166\190\000\000\000\r\000\000\000\000\000\000\000\b\000\000\000\007\145\144*row visits"
512	0	4	"\132\149\166\190\000\000\000\r\000\000\000\000\000\000\000\b\000\000\000\007\145\144*row visits"
513	0	4	"\132\149\166\190\000\000\000\r\000\000\000\000\000\000\000\b\000\000\000\007\145\144*row visits"
1023	0	5	"\132\149\166\190\000\000\000\r\000\000\000\000\000\000\000\b\000\000\000\007\145\144*row visits"
1024	0	6	"\132\149\166\190\000\000\000\r\000\000\000\000\000\000\000\b\000\000\000\007\145\144*row visits"
1025	0	6	"\132\149\166\190\000\000\000\r\000\000\000\000\000\000\000\b\000\000\000\007\145\144*row visits"
4095	0	33	"\132\149\166\190\000\000\000\r\000\000\000\000\000\000\000\b\000\000\000\007\145\144*row visits"
4096	0	34	"\132\149\166\190\000\000\000\r\000\000\000\000\000\000\000\b\000\000\000\007\145\144*row visits"
4097	0	34	"\132\149\166\190\000\000\000\r\000\000\000\000\000\000\000\b\000\000\000\007\145\144*row visits"
16383	0	144	"\132\149\166\190\000\000\000\r\000\000\000\000\000\000\000\b\000\000\000\007\145\144*row visits"
16384	0	145	"\132\149\166\190\000\000\000\r\000\000\000\000\000\000\000\b\000\000\000\007\145\144*row visits"
16385	0	145	"\132\149\166\190\000\000\000\r\000\000\000\000\000\000\000\b\000\000\000\007\145\144*row visits"
10000000	0	2857	"\132\149\166\190\000\000\000\191\000\000\000\000\000\000\000]\000\000\000L\144\b\000\0003\000\012\191\203\151O{\180 @@8backward-Euler-policy-v1\012\000\000\000\000\000\000$@\144\224\160\012\192\249\247\207q\127\241?\012\000\191\230a\171\218\206?\160\012\000\229Q\194\143\224\168?\012\0000+\173\242~\153?\160\012\000\000\240\193\014+\224>\012\000\000\000\000\000\190\148=@\012\000\000\000\000\000\000\000\000\012`^\199\219D\005\209?@\012\000\000\000\000\128\019S=\012|\028\235\219>\"\169=\012\000\000\000\000\000\000\000\000\b\000\000'\000\001\002\224\001\003\000\002\000\0052\208\000i\000i\012\000\000\000\000\000\000\153@\000@B@@@"
10000000	1	1	"\132\149\166\190\000\000\000\002\000\000\000\000\000\000\000\002\000\000\000\002\145@"
10000000	2	2	"\132\149\166\190\000\000\000\002\000\000\000\000\000\000\000\002\000\000\000\002\145@"
10000000	3	3	"\132\149\166\190\000\000\000\002\000\000\000\000\000\000\000\002\000\000\000\002\145@"
10000000	4	4	"\132\149\166\190\000\000\000\002\000\000\000\000\000\000\000\002\000\000\000\002\145@"
10000000	7	7	"\132\149\166\190\000\000\000\002\000\000\000\000\000\000\000\002\000\000\000\002\145@"
10000000	12	12	"\132\149\166\190\000\000\000\002\000\000\000\000\000\000\000\002\000\000\000\002\145@"
10000000	31	31	"\132\149\166\190\000\000\000\002\000\000\000\000\000\000\000\002\000\000\000\002\145@"
10000000	64	64	"\132\149\166\190\000\000\000\002\000\000\000\000\000\000\000\002\000\000\000\002\145@"
10000000	127	127	"\132\149\166\190\000\000\000\002\000\000\000\000\000\000\000\002\000\000\000\002\145@"
10000000	256	256	"\132\149\166\190\000\000\000\002\000\000\000\000\000\000\000\002\000\000\000\002\145@"
shared preparation: four models, mixed failures, exact words, boundaries and concurrent calls pass
American cash controls passed
....
----------------------------------------------------------------------
Ran 4 tests in 0.068s

OK
American Greek boundary reuse controls passed
1	0	2	"\132\149\166\190\000\000\000\r\000\000\000\000\000\000\000\b\000\000\000\007\145\144*row visits"
255	0	2	"\132\149\166\190\000\000\000\r\000\000\000\000\000\000\000\b\000\000\000\007\145\144*row visits"
256	0	3	"\132\149\166\190\000\000\000\r\000\000\000\000\000\000\000\b\000\000\000\007\145\144*row visits"
257	0	3	"\132\149\166\190\000\000\000\r\000\000\000\000\000\000\000\b\000\000\000\007\145\144*row visits"
511	0	3	"\132\149\166\190\000\000\000\r\000\000\000\000\000\000\000\b\000\000\000\007\145\144*row visits"
512	0	4	"\132\149\166\190\000\000\000\r\000\000\000\000\000\000\000\b\000\000\000\007\145\144*row visits"
513	0	4	"\132\149\166\190\000\000\000\r\000\000\000\000\000\000\000\b\000\000\000\007\145\144*row visits"
1023	0	5	"\132\149\166\190\000\000\000\r\000\000\000\000\000\000\000\b\000\000\000\007\145\144*row visits"
1024	0	6	"\132\149\166\190\000\000\000\r\000\000\000\000\000\000\000\b\000\000\000\007\145\144*row visits"
1025	0	6	"\132\149\166\190\000\000\000\r\000\000\000\000\000\000\000\b\000\000\000\007\145\144*row visits"
4095	0	33	"\132\149\166\190\000\000\000\r\000\000\000\000\000\000\000\b\000\000\000\007\145\144*row visits"
4096	0	34	"\132\149\166\190\000\000\000\r\000\000\000\000\000\000\000\b\000\000\000\007\145\144*row visits"
4097	0	34	"\132\149\166\190\000\000\000\r\000\000\000\000\000\000\000\b\000\000\000\007\145\144*row visits"
16383	0	144	"\132\149\166\190\000\000\000\r\000\000\000\000\000\000\000\b\000\000\000\007\145\144*row visits"
16384	0	145	"\132\149\166\190\000\000\000\r\000\000\000\000\000\000\000\b\000\000\000\007\145\144*row visits"
16385	0	145	"\132\149\166\190\000\000\000\r\000\000\000\000\000\000\000\b\000\000\000\007\145\144*row visits"
10000000	0	3087	"\132\149\166\190\000\000\000\191\000\000\000\000\000\000\000]\000\000\000L\144\b\000\0003\000\012\016\159\016l\255\235%@@8backward-Euler-policy-v1\012\000\000\000\000\000\000$@\144\224\160\012\128\2362\142\158\129\242?\012\192%/|eM\206?\160\012\000f\204L\210\148\167?\012\000pJo\250\167\151?\160\012\000\000\000\193\147\230\165>\012\000\000\000\000\000\000\000\000@\012\000\000\000\000\000\000\000\000\012\2249\012e2\161\208?@\012\000\000\000\000\000\195\146=\012\028O\193\142\247\188\234=\012\000\000\000\000\000\000\000\000\b\000\000'\000\001\002\224\001\003X\002\000\005\192\216\000i\000i\012\000\000\000\000\000\000\153@\000@B@@@"
10000000	1	1	"\132\149\166\190\000\000\000\002\000\000\000\000\000\000\000\002\000\000\000\002\145@"
10000000	2	2	"\132\149\166\190\000\000\000\002\000\000\000\000\000\000\000\002\000\000\000\002\145@"
10000000	3	3	"\132\149\166\190\000\000\000\002\000\000\000\000\000\000\000\002\000\000\000\002\145@"
10000000	4	4	"\132\149\166\190\000\000\000\002\000\000\000\000\000\000\000\002\000\000\000\002\145@"
10000000	7	7	"\132\149\166\190\000\000\000\002\000\000\000\000\000\000\000\002\000\000\000\002\145@"
10000000	12	12	"\132\149\166\190\000\000\000\002\000\000\000\000\000\000\000\002\000\000\000\002\145@"
10000000	31	31	"\132\149\166\190\000\000\000\002\000\000\000\000\000\000\000\002\000\000\000\002\145@"
10000000	64	64	"\132\149\166\190\000\000\000\002\000\000\000\000\000\000\000\002\000\000\000\002\145@"
10000000	127	127	"\132\149\166\190\000\000\000\002\000\000\000\000\000\000\000\002\000\000\000\002\145@"
10000000	256	256	"\132\149\166\190\000\000\000\002\000\000\000\000\000\000\000\002\000\000\000\002\145@"
1	0	2	"\132\149\166\190\000\000\000\r\000\000\000\000\000\000\000\b\000\000\000\007\145\144*row visits"
255	0	2	"\132\149\166\190\000\000\000\r\000\000\000\000\000\000\000\b\000\000\000\007\145\144*row visits"
256	0	3	"\132\149\166\190\000\000\000\r\000\000\000\000\000\000\000\b\000\000\000\007\145\144*row visits"
257	0	3	"\132\149\166\190\000\000\000\r\000\000\000\000\000\000\000\b\000\000\000\007\145\144*row visits"
511	0	3	"\132\149\166\190\000\000\000\r\000\000\000\000\000\000\000\b\000\000\000\007\145\144*row visits"
512	0	4	"\132\149\166\190\000\000\000\r\000\000\000\000\000\000\000\b\000\000\000\007\145\144*row visits"
513	0	4	"\132\149\166\190\000\000\000\r\000\000\000\000\000\000\000\b\000\000\000\007\145\144*row visits"
1023	0	5	"\132\149\166\190\000\000\000\r\000\000\000\000\000\000\000\b\000\000\000\007\145\144*row visits"
1024	0	6	"\132\149\166\190\000\000\000\r\000\000\000\000\000\000\000\b\000\000\000\007\145\144*row visits"
1025	0	6	"\132\149\166\190\000\000\000\r\000\000\000\000\000\000\000\b\000\000\000\007\145\144*row visits"
4095	0	33	"\132\149\166\190\000\000\000\r\000\000\000\000\000\000\000\b\000\000\000\007\145\144*row visits"
4096	0	34	"\132\149\166\190\000\000\000\r\000\000\000\000\000\000\000\b\000\000\000\007\145\144*row visits"
4097	0	34	"\132\149\166\190\000\000\000\r\000\000\000\000\000\000\000\b\000\000\000\007\145\144*row visits"
16383	0	144	"\132\149\166\190\000\000\000\r\000\000\000\000\000\000\000\b\000\000\000\007\145\144*row visits"
16384	0	145	"\132\149\166\190\000\000\000\r\000\000\000\000\000\000\000\b\000\000\000\007\145\144*row visits"
16385	0	145	"\132\149\166\190\000\000\000\r\000\000\000\000\000\000\000\b\000\000\000\007\145\144*row visits"
10000000	0	2857	"\132\149\166\190\000\000\000\191\000\000\000\000\000\000\000]\000\000\000L\144\b\000\0003\000\012\191\203\151O{\180 @@8backward-Euler-policy-v1\012\000\000\000\000\000\000$@\144\224\160\012\192\249\247\207q\127\241?\012\000\191\230a\171\218\206?\160\012\000\229Q\194\143\224\168?\012\0000+\173\242~\153?\160\012\000\000\240\193\014+\224>\012\000\000\000\000\000\190\148=@\012\000\000\000\000\000\000\000\000\012`^\199\219D\005\209?@\012\000\000\000\000\128\019S=\012|\028\235\219>\"\169=\012\000\000\000\000\000\000\000\000\b\000\000'\000\001\002\224\001\003\000\002\000\0052\208\000i\000i\012\000\000\000\000\000\000\153@\000@B@@@"
10000000	1	1	"\132\149\166\190\000\000\000\002\000\000\000\000\000\000\000\002\000\000\000\002\145@"
10000000	2	2	"\132\149\166\190\000\000\000\002\000\000\000\000\000\000\000\002\000\000\000\002\145@"
10000000	3	3	"\132\149\166\190\000\000\000\002\000\000\000\000\000\000\000\002\000\000\000\002\145@"
10000000	4	4	"\132\149\166\190\000\000\000\002\000\000\000\000\000\000\000\002\000\000\000\002\145@"
10000000	7	7	"\132\149\166\190\000\000\000\002\000\000\000\000\000\000\000\002\000\000\000\002\145@"
10000000	12	12	"\132\149\166\190\000\000\000\002\000\000\000\000\000\000\000\002\000\000\000\002\145@"
10000000	31	31	"\132\149\166\190\000\000\000\002\000\000\000\000\000\000\000\002\000\000\000\002\145@"
10000000	64	64	"\132\149\166\190\000\000\000\002\000\000\000\000\000\000\000\002\000\000\000\002\145@"
10000000	127	127	"\132\149\166\190\000\000\000\002\000\000\000\000\000\000\000\002\000\000\000\002\145@"
10000000	256	256	"\132\149\166\190\000\000\000\002\000\000\000\000\000\000\000\002\000\000\000\002\145@"
American residual operation graph, chunks and safety controls passed
full scalar checks=5200 rational=19306 refused=745 replay=f30666f99b132e8031ee9267f8d058a3
fast scalar checks=5200 rational=19310 refused=743 replay=a7810e024cea5c4b8d43ff5c96eb3e04
fast planner: original-input prices, both date conventions, ownership, worker replay, failures and limits pass
fast planner: carry-cancellation cells, payoff overflow and post-expiry remain explicit
Volatility admission and mixed Greek unit boundaries passed
cases 121, worst 1.00 x attainable at x=-0.01 s=0.5, over 8x: 0
Bermudan contract controls passed
12 fixtures checked, 0 problems
IV termination, failed proposals, exponent range and arithmetic failures passed
carry cancellation: exact-input values and unresolved-cell control passed
case-0000 certified 0x0p+0 0x0p+0
case-0001 certified 0x0p+0 0x0p+0
case-0002 certified 0x0p+0 0x0p+0
case-0003 certified 0x0p+0 0x0p+0
case-0004 certified 0x1.2f99139a99983p+0 0x1.c866a497e48cap-54
case-0005 certified 0x1.2f99139a99983p+0 0x1.c866a497e48cap-54
case-0006 certified 0x1.2f99139a99983p+0 0x1.c866a497e48cap-54
case-0007 certified 0x1.2f99139a99983p+0 0x1.c866a497e48cap-54
case-0008 certified 0x1.2fed6d4af4099p+4 0x1.fb85719bb7e25p-51
case-0009 certified 0x1.2fed6d4af4099p+4 0x1.fb85719bb7e25p-51
case-0010 certified 0x1.2fed6d4af4099p+4 0x1.fb85719bb7e25p-51
case-0011 certified 0x1.2fed6d4af4099p+4 0x1.fb85719bb7e25p-51
case-0012 certified 0x0p+0 0x0p+0
case-0013 certified 0x0p+0 0x0p+0
case-0014 certified 0x0p+0 0x0p+0
case-0015 certified 0x0p+0 0x0p+0
case-0016 certified 0x1.dc02ebcec5475p+0 0x1.02bb9682d8585p-54
case-0017 certified 0x1.dc02ebcec5475p+0 0x1.02bb9682d8585p-54
case-0018 certified 0x1.dc02ebcec5475p+0 0x1.02bb9682d8585p-54
case-0019 certified 0x1.dc02ebcec5475p+0 0x1.02bb9682d8585p-54
case-0020 certified 0x1.441a40bc4fa3dp+4 0x1.3cbdf69004d99p-52
case-0021 certified 0x1.441a40bc4fa3dp+4 0x1.3cbdf69004d99p-52
case-0022 certified 0x1.441a40bc4fa3dp+4 0x1.3cbdf69004d99p-52
case-0023 certified 0x1.441a40bc4fa3dp+4 0x1.3cbdf69004d99p-52
case-0024 certified 0x0p+0 0x0p+0
case-0025 certified 0x0p+0 0x0p+0
case-0026 certified 0x0p+0 0x0p+0
case-0027 certified 0x0p+0 0x0p+0
case-0028 certified 0x1.fdcbdb70c3308p+2 0x1.7895068b7f401p-55
case-0029 certified 0x1.fdcbdb70c3308p+2 0x1.7895068b7f401p-55
case-0030 certified 0x1.fdcbdb70c3308p+2 0x1.7895068b7f401p-55
case-0031 certified 0x1.fdcbdb70c3308p+2 0x1.7895068b7f401p-55
case-0032 certified 0x1.f1597da04bdaep+4 0x1.5a85720783acfp-50
case-0033 certified 0x1.f1597da04bdaep+4 0x1.5a85720783acfp-50
case-0034 certified 0x1.f1597da04bdaep+4 0x1.5a85720783acfp-50
case-0035 certified 0x1.f1597da04bdaep+4 0x1.5a85720783acfp-50
case-0036 certified 0x1.3821b5fd69ce6p+2 0x1.f651e0facf801p-55
case-0037 certified 0x1.3821b5fd69ce6p+2 0x1.f651e0facf801p-55
case-0038 certified 0x1.3821b5fd69ce6p+2 0x1.f651e0facf801p-55
case-0039 certified 0x1.3821b5fd69ce6p+2 0x1.f651e0facf801p-55
case-0040 certified 0x1.4e6b2e3d54dc2p+3 0x1.f511bbf93e094p-51
case-0041 certified 0x1.4e6b2e3d54dc2p+3 0x1.f511bbf93e094p-51
case-0042 certified 0x1.4e6b2e3d54dc2p+3 0x1.f511bbf93e094p-51
case-0043 certified 0x1.4e6b2e3d54dc2p+3 0x1.f511bbf93e094p-51
case-0044 certified 0x1.06915f41727e7p+5 0x1.09287e7f5a324p-49
case-0045 certified 0x1.06915f41727e7p+5 0x1.09287e7f5a324p-49
case-0046 certified 0x1.06915f41727e7p+5 0x1.09287e7f5a324p-49
case-0047 certified 0x1.06915f41727e7p+5 0x1.09287e7f5a324p-49
case-0048 certified 0x1.4p+4 0x0p+0
case-0049 certified 0x1.4p+4 0x0p+0
case-0050 certified 0x1.4p+4 0x0p+0
case-0051 certified 0x1.4p+4 0x0p+0
case-0052 certified 0x1.625b55ff62c3fp+4 0x1.d9687ce7ce712p-51
case-0053 certified 0x1.625b55ff62c3fp+4 0x1.d9687ce7ce712p-51
case-0054 certified 0x1.625b55ff62c3fp+4 0x1.d9687ce7ce712p-51
case-0055 certified 0x1.625b55ff62c3fp+4 0x1.d9687ce7ce712p-51
case-0056 certified 0x1.68391cfa502d1p+5 0x1.c7ec5d501a6f3p-49
case-0057 certified 0x1.68391cfa502d1p+5 0x1.c7ec5d501a6f3p-49
case-0058 certified 0x1.68391cfa502d1p+5 0x1.c7ec5d501a6f3p-49
case-0059 certified 0x1.68391cfa502d1p+5 0x1.c7ec5d501a6f3p-49
case-0060 certified 0x1.8e086d7f5a73ap+4 0x1.f04d70f829842p-50
case-0061 certified 0x1.8e086d7f5a73ap+4 0x1.f04d70f829842p-50
case-0062 certified 0x1.8e086d7f5a73ap+4 0x1.f04d70f829842p-50
case-0063 certified 0x1.8e086d7f5a73ap+4 0x1.f04d70f829842p-50
case-0064 certified 0x1.a2b4676cf4bc4p+4 0x1.6580f5bbf6ca2p-50
case-0065 certified 0x1.a2b4676cf4bc4p+4 0x1.6580f5bbf6ca2p-50
case-0066 certified 0x1.a2b4676cf4bc4p+4 0x1.6580f5bbf6ca2p-50
case-0067 certified 0x1.a2b4676cf4bc4p+4 0x1.6580f5bbf6ca2p-50
case-0068 certified 0x1.798ae4ab9924cp+5 0x1.5e4de1a01808bp-49
case-0069 certified 0x1.798ae4ab9924cp+5 0x1.5e4de1a01808bp-49
case-0070 certified 0x1.798ae4ab9924cp+5 0x1.5e4de1a01808bp-49
case-0071 certified 0x1.798ae4ab9924cp+5 0x1.5e4de1a01808bp-49
case-0072 certified 0x0p+0 0x0p+0
case-0073 certified 0x0p+0 0x0p+0
case-0074 certified 0x1.6b0d4ca4ce2fap+4 0x1.d3f5381366ae6p-50
case-0075 certified 0x1.6b0d4ca4ce2fap+4 0x1.d3f5381366ae6p-50
case-0076 certified 0x1.0205eee25822cp+0 0x1.bcec65e6fd81dp-54
case-0077 certified 0x1.0205eee25822cp+0 0x1.bcec65e6fd81dp-54
case-0078 certified 0x1.7b2dab92f3b1cp+4 0x1.47d98e4b092a1p-50
case-0079 certified 0x1.7b2dab92f3b1cp+4 0x1.47d98e4b092a1p-50
case-0080 certified 0x1.310909859b04ap+4 0x1.0a6b0388531ccp-51
case-0081 certified 0x1.310909859b04ap+4 0x1.0a6b0388531ccp-51
case-0082 certified 0x1.4e0b2b15349a2p+5 0x1.4ebfb64f3d201p-50
case-0083 certified 0x1.4e0b2b15349a2p+5 0x1.4ebfb64f3d201p-50
case-0084 certified 0x0p+0 0x0p+0
case-0085 certified 0x0p+0 0x0p+0
case-0086 certified 0x1.ab6123ca5b358p+4 0x1.cca535b7a4fadp-53
case-0087 certified 0x1.ab6123ca5b358p+4 0x1.cca535b7a4fadp-53
case-0088 certified 0x1.256f1deb848b3p-1 0x1.a880a695c8b67p-57
case-0089 certified 0x1.256f1deb848b3p-1 0x1.a880a695c8b67p-57
case-0090 certified 0x1.b48c9cb9b759ep+4 0x1.631a57fbdfcf6p-50
case-0091 certified 0x1.b48c9cb9b759ep+4 0x1.631a57fbdfcf6p-50
case-0092 certified 0x1.0f33eca22941dp+4 0x1.4ff7b5b9e26a4p-51
case-0093 certified 0x1.0f33eca22941dp+4 0x1.4ff7b5b9e26a4p-51
case-0094 certified 0x1.5d4a8836423bbp+5 0x1.8f37bf360d15fp-49
case-0095 certified 0x1.5d4a8836423bbp+5 0x1.8f37bf360d15fp-49
case-0096 certified 0x0p+0 0x0p+0
case-0097 certified 0x0p+0 0x0p+0
case-0098 certified 0x1.1904a887460bdp+4 0x1.ee4271ac3bd6fp-52
case-0099 certified 0x1.1904a887460bdp+4 0x1.ee4271ac3bd6fp-52
case-0100 certified 0x1.9bf7217afa4d2p+0 0x1.bd7b523b863c9p-55
case-0101 certified 0x1.9bf7217afa4d2p+0 0x1.bd7b523b863c9p-55
case-0102 certified 0x1.32c41a9ef5b0ap+4 0x1.25b3e26cd3c32p-54
case-0103 certified 0x1.32c41a9ef5b0ap+4 0x1.25b3e26cd3c32p-54
case-0104 certified 0x1.45964713090a5p+4 0x1.840be49d8b4fbp-51
case-0105 certified 0x1.45964713090a5p+4 0x1.840be49d8b4fbp-51
case-0106 certified 0x1.2f4d77cd278b1p+5 0x1.19d5578edac88p-52
case-0107 certified 0x1.2f4d77cd278b1p+5 0x1.19d5578edac88p-52
case-0108 certified 0x0p+0 0x0p+0
case-0109 certified 0x0p+0 0x0p+0
case-0110 certified 0x1.59587facd311bp+4 0x1.91f9425f4c57fp-50
case-0111 certified 0x1.59587facd311bp+4 0x1.91f9425f4c57fp-50
case-0112 certified 0x1.eae0e3bdde1cbp-1 0x1.1de60c39f45b1p-55
case-0113 certified 0x1.eae0e3bdde1cbp-1 0x1.1de60c39f45b1p-55
case-0114 certified 0x1.68af86cac202ap+4 0x1.16f5ee02834b2p-50
case-0115 certified 0x1.68af86cac202ap+4 0x1.16f5ee02834b2p-50
case-0116 certified 0x1.2228970463b3ep+4 0x1.0a1fd1485dfe7p-52
case-0117 certified 0x1.2228970463b3ep+4 0x1.0a1fd1485dfe7p-52
case-0118 certified 0x1.3dc08b589b62dp+5 0x1.584758f965941p-49
case-0119 certified 0x1.3dc08b589b62dp+5 0x1.584758f965941p-49
case-0120 certified 0x0p+0 0x0p+0
case-0121 certified 0x0p+0 0x0p+0
case-0122 certified 0x1.95f8760fd7307p+3 0x1.168656e5cae38p-51
case-0123 certified 0x1.95f8760fd7307p+3 0x1.168656e5cae38p-51
case-0124 certified 0x1.3a7859be6deafp+1 0x1.bff04974879bfp-57
case-0125 certified 0x1.3a7859be6deafp+1 0x1.bff04974879bfp-57
case-0126 certified 0x1.e4968c7f72ab2p+3 0x1.f0796a40073b4p-51
case-0127 certified 0x1.e4968c7f72ab2p+3 0x1.f0796a40073b4p-51
case-0128 certified 0x1.5ab841a273dd3p+4 0x1.bb7a824c91f65p-50
case-0129 certified 0x1.5ab841a273dd3p+4 0x1.bb7a824c91f65p-50
case-0130 certified 0x1.12da3e552fbabp+5 0x1.981bab6cd6427p-49
case-0131 certified 0x1.12da3e552fbabp+5 0x1.981bab6cd6427p-49
case-0132 certified 0x0p+0 0x0p+0
case-0133 certified 0x0p+0 0x0p+0
case-0134 certified 0x1.0b50122d789e2p+4 0x1.f6e532a22890dp-52
case-0135 certified 0x1.0b50122d789e2p+4 0x1.f6e532a22890dp-52
case-0136 certified 0x1.87dfa2196dbcfp+0 0x1.8dd3f787d28a3p-54
case-0137 certified 0x1.87dfa2196dbcfp+0 0x1.8dd3f787d28a3p-54
case-0138 certified 0x1.23ce0c4f0f79fp+4 0x1.49b81a6019f74p-51
case-0139 certified 0x1.23ce0c4f0f79fp+4 0x1.49b81a6019f74p-51
case-0140 certified 0x1.35b53c9384d92p+4 0x1.4fa79ecf48495p-50
case-0141 certified 0x1.35b53c9384d92p+4 0x1.4fa79ecf48495p-50
case-0142 certified 0x1.2082a7607ebbap+5 0x1.cd60eb77d26d8p-50
case-0143 certified 0x1.2082a7607ebbap+5 0x1.cd60eb77d26d8p-50
case-0144 certified 0x0p+0 0x0p+0
case-0145 certified 0x0p+0 0x0p+0
case-0146 certified 0x1.0a73b634fd946p+1 0x1.a4d41a3ab28bcp-55
case-0147 certified 0x1.0a73b634fd946p+1 0x1.a4d41a3ab28bcp-55
case-0148 certified 0x1.d2a832e7a7793p+2 0x1.2cfe03023f69dp-52
case-0149 certified 0x1.d2a832e7a7793p+2 0x1.2cfe03023f69dp-52
case-0150 certified 0x1.2bf107011321bp+3 0x1.6198864995bb5p-52
case-0151 certified 0x1.2bf107011321bp+3 0x1.6198864995bb5p-52
case-0152 certified 0x1.f52c38b049907p+4 0x1.388d9b93c79a3p-50
case-0153 certified 0x1.f52c38b049907p+4 0x1.388d9b93c79a3p-50
case-0154 certified 0x1.0b3d57bb74a18p+5 0x1.16d0f19674b9ep-52
case-0155 certified 0x1.0b3d57bb74a18p+5 0x1.16d0f19674b9ep-52
case-0156 certified 0x0p+0 0x0p+0
case-0157 certified 0x0p+0 0x0p+0
case-0158 certified 0x1.c6dd0ed63fe7cp+2 0x1.87b422c4e12b1p-52
case-0159 certified 0x1.c6dd0ed63fe7cp+2 0x1.87b422c4e12b1p-52
case-0160 certified 0x1.41a9852d370e5p+2 0x1.66b57f1954668p-52
case-0161 certified 0x1.41a9852d370e5p+2 0x1.66b57f1954668p-52
case-0162 certified 0x1.84434a01bb7bp+3 0x1.11965e21ca6efp-52
case-0163 certified 0x1.84434a01bb7bp+3 0x1.11965e21ca6efp-52
case-0164 certified 0x1.c225efa047014p+4 0x1.1ce3d76ffe61ap-50
case-0165 certified 0x1.c225efa047014p+4 0x1.1ce3d76ffe61ap-50
case-0166 certified 0x1.19ee99aaeb7dap+5 0x1.a28498a09cf4dp-49
case-0167 certified 0x1.19ee99aaeb7dap+5 0x1.a28498a09cf4dp-49
case-0168 certified 0x1.85d16ab74389fp+1 0x1.a74c385d2b323p-54
case-0169 certified 0x1.85d16ab74389fp+1 0x1.a74c385d2b323p-54
case-0170 certified 0x0p+0 0x0p+0
case-0171 certified 0x0p+0 0x0p+0
case-0172 certified 0x1.366716f939ep+3 0x1.8293341d30aa8p-54
case-0173 certified 0x1.366716f939ep+3 0x1.8293341d30aa8p-54
case-0174 certified 0x1.a9e57896d1fbp+2 0x1.f6d1bef0015e4p-52
case-0175 certified 0x1.a9e57896d1fbp+2 0x1.f6d1bef0015e4p-52
case-0176 certified 0x1.08cfbaff1afaap+5 0x1.849fffd093857p-50
case-0177 certified 0x1.08cfbaff1afaap+5 0x1.849fffd093857p-50
case-0178 certified 0x1.e0e548a74d84p+4 0x1.1f14c35666388p-50
case-0179 certified 0x1.e0e548a74d84p+4 0x1.1f14c35666388p-50
case-0180 certified 0x0p+0 0x0p+0
case-0181 certified 0x0p+0 0x0p+0
case-0182 certified 0x1.fae9f9807d624p+0 0x1.310da11c1246dp-55
case-0183 certified 0x1.fae9f9807d624p+0 0x1.310da11c1246dp-55
case-0184 certified 0x1.bbe5dc723959ep+2 0x1.f0a60c75fa231p-57
case-0185 certified 0x1.bbe5dc723959ep+2 0x1.f0a60c75fa231p-57
case-0186 certified 0x1.1d502d692c593p+3 0x1.e52c8dbc66f34p-51
case-0187 certified 0x1.1d502d692c593p+3 0x1.e52c8dbc66f34p-51
case-0188 certified 0x1.dcbaf2202fa1ep+4 0x1.e1b7a7da09b5dp-50
case-0189 certified 0x1.dcbaf2202fa1ep+4 0x1.e1b7a7da09b5dp-50
case-0190 certified 0x1.fc6991b83778p+4 0x1.d68029c5d48fep-51
case-0191 certified 0x1.fc6991b83778p+4 0x1.d68029c5d48fep-51
case-0192 certified 0x1.fb0a6b590b936p+2 0x1.5762b5c95b43ap-52
case-0193 certified 0x1.fb0a6b590b936p+2 0x1.5762b5c95b43ap-52
case-0194 certified 0x0p+0 0x0p+0
case-0195 certified 0x0p+0 0x0p+0
case-0196 certified 0x1.8f2f2ff6cb748p+3 0x1.15d835b4224aep-51
case-0197 certified 0x1.8f2f2ff6cb748p+3 0x1.15d835b4224aep-51
case-0198 certified 0x1.2353f4948b55bp+2 0x1.f3b37b39809c2p-54
case-0199 certified 0x1.2353f4948b55bp+2 0x1.f3b37b39809c2p-54
case-0200 certified 0x1.1740ddca1c91bp+5 0x1.43573813d6bb1p-52
case-0201 certified 0x1.1740ddca1c91bp+5 0x1.43573813d6bb1p-52
case-0202 certified 0x1.afbf20bdf63e9p+4 0x1.fafd20929eddfp-50
case-0203 certified 0x1.afbf20bdf63e9p+4 0x1.fafd20929eddfp-50
case-0204 certified 0x1.72ce6f3a94ebap+1 0x1.93afc10b70e37p-54
case-0205 certified 0x1.72ce6f3a94ebap+1 0x1.93afc10b70e37p-54
case-0206 certified 0x0p+0 0x0p+0
case-0207 certified 0x0p+0 0x0p+0
case-0208 certified 0x1.2743a10e31127p+3 0x1.7e1e8ad74c205p-51
case-0209 certified 0x1.2743a10e31127p+3 0x1.7e1e8ad74c205p-51
case-0210 certified 0x1.95200a7f17afp+2 0x1.3dadf41d170dep-53
case-0211 certified 0x1.95200a7f17afp+2 0x1.3dadf41d170dep-53
case-0212 certified 0x1.f7cafa3d024cep+4 0x1.ae68ee8c5d9aep-50
case-0213 certified 0x1.f7cafa3d024cep+4 0x1.ae68ee8c5d9aep-50
case-0214 certified 0x1.c9712c55afaf6p+4 0x1.385c1562eb574p-50
case-0215 certified 0x1.c9712c55afaf6p+4 0x1.385c1562eb574p-50
case-0216 certified 0x1.28705f178eca8p+4 0x1.1bd8648ee2912p-54
case-0217 certified 0x1.28705f178eca8p+4 0x1.1bd8648ee2912p-54
case-0218 certified 0x0p+0 0x0p+0
case-0219 certified 0x0p+0 0x0p+0
case-0220 certified 0x1.534773c6698c7p+4 0x1.b8f412f808d22p-50
case-0221 certified 0x1.534773c6698c7p+4 0x1.b8f412f808d22p-50
case-0222 certified 0x1.56b8a576d60fbp+1 0x1.39b46578d547dp-53
case-0223 certified 0x1.56b8a576d60fbp+1 0x1.39b46578d547dp-53
case-0224 certified 0x1.6c162ce1efbfcp+5 0x1.a4ef28427a92bp-49
case-0225 certified 0x1.6c162ce1efbfcp+5 0x1.a4ef28427a92bp-49
case-0226 certified 0x1.afbbfaac50b51p+4 0x1.8fbe6b87f208p-51
case-0227 certified 0x1.afbbfaac50b51p+4 0x1.8fbe6b87f208p-51
case-0228 certified 0x1.8fe538be76834p+3 0x1.fadd7032ca69bp-51
case-0229 certified 0x1.8fe538be76834p+3 0x1.fadd7032ca69bp-51
case-0230 certified 0x0p+0 0x0p+0
case-0231 certified 0x0p+0 0x0p+0
case-0232 certified 0x1.07a27f9c2254ep+4 0x1.e156bf14adda2p-50
case-0233 certified 0x1.07a27f9c2254ep+4 0x1.e156bf14adda2p-50
case-0234 certified 0x1.fd7f19e7389a2p+1 0x1.c17f904b75acbp-54
case-0235 certified 0x1.fd7f19e7389a2p+1 0x1.c17f904b75acbp-54
case-0236 certified 0x1.49878390c9a32p+5 0x1.01791b946077dp-49
case-0237 certified 0x1.49878390c9a32p+5 0x1.01791b946077dp-49
case-0238 certified 0x1.cb1c6ac258049p+4 0x1.ff3e217bb3b81p-51
case-0239 certified 0x1.cb1c6ac258049p+4 0x1.ff3e217bb3b81p-51
case-0240 certified 0x1.7a79033516ee5p+4 0x1.46a7155f698f9p-50
case-0241 certified 0x1.7a79033516ee5p+4 0x1.46a7155f698f9p-50
case-0242 certified 0x0p+0 0x0p+0
case-0243 certified 0x0p+0 0x0p+0
case-0244 certified 0x1.94b77052b78aep+4 0x1.24387d1e69de9p-50
case-0245 certified 0x1.94b77052b78aep+4 0x1.24387d1e69de9p-50
case-0246 certified 0x1.a3e6d1da09c9ap+0 0x1.5206d822c922ap-54
case-0247 certified 0x1.a3e6d1da09c9ap+0 0x1.5206d822c922ap-54
case-0248 certified 0x1.7de3cd4b89545p+5 0x1.0858f62b98bcfp-49
case-0249 certified 0x1.7de3cd4b89545p+5 0x1.0858f62b98bcfp-49
case-0250 certified 0x1.814e9761fbba5p+4 0x1.9415adef8fd48p-51
case-0251 certified 0x1.814e9761fbba5p+4 0x1.9415adef8fd48p-51
case-0252 certified 0x1.19fb407cc3657p+4 0x1.6bd78e3bca0f2p-52
case-0253 certified 0x1.19fb407cc3657p+4 0x1.6bd78e3bca0f2p-52
case-0254 certified 0x0p+0 0x0p+0
case-0255 certified 0x0p+0 0x0p+0
case-0256 certified 0x1.42bb763c20c09p+4 0x1.e9b8ba7bf890bp-51
case-0257 certified 0x1.42bb763c20c09p+4 0x1.e9b8ba7bf890bp-51
case-0258 certified 0x1.4601adfaead93p+1 0x1.816df99889ap-53
case-0259 certified 0x1.4601adfaead93p+1 0x1.816df99889ap-53
case-0260 certified 0x1.5a5474ddf79c8p+5 0x1.f8cd7445b007ep-50
case-0261 certified 0x1.5a5474ddf79c8p+5 0x1.f8cd7445b007ep-50
case-0262 certified 0x1.9aada93f2bd39p+4 0x1.9dd790b6bd842p-50
case-0263 certified 0x1.9aada93f2bd39p+4 0x1.9dd790b6bd842p-50
case-0264 certified 0x1.c88170b47161ep+4 0x1.9216f350d9d94p-51
case-0265 certified 0x1.c88170b47161ep+4 0x1.9216f350d9d94p-51
case-0266 certified 0x0p+0 0x0p+0
case-0267 certified 0x0p+0 0x0p+0
case-0268 certified 0x1.d7ddf37d861e8p+4 0x1.f56f7638c90f4p-50
case-0269 certified 0x1.d7ddf37d861e8p+4 0x1.f56f7638c90f4p-50
case-0270 certified 0x1.eb9059229792ap-1 0x1.85101eca045d3p-58
case-0271 certified 0x1.eb9059229792ap-1 0x1.85101eca045d3p-58
case-0272 certified 0x1.8fc9dcbe76be9p+5 0x1.f0d45167da99p-49
case-0273 certified 0x1.8fc9dcbe76be9p+5 0x1.f0d45167da99p-49
case-0274 certified 0x1.571248c87c1b5p+4 0x1.cec5adb16f75cp-51
case-0275 certified 0x1.571248c87c1b5p+4 0x1.cec5adb16f75cp-51
case-0276 certified 0x1.6803adfc1dd9p+4 0x1.b4bcab78e3f86p-50
case-0277 certified 0x1.6803adfc1dd9p+4 0x1.b4bcab78e3f86p-50
case-0278 certified 0x0p+0 0x0p+0
case-0279 certified 0x0p+0 0x0p+0
case-0280 certified 0x1.80fa71c0c5babp+4 0x1.d454289c68748p-51
case-0281 certified 0x1.80fa71c0c5babp+4 0x1.d454289c68748p-51
case-0282 certified 0x1.8f6c3c4a7e1adp+0 0x1.5252e555f7c32p-55
case-0283 certified 0x1.8f6c3c4a7e1adp+0 0x1.5252e555f7c32p-55
case-0284 certified 0x1.6b43ce17caae2p+5 0x1.9cde56e807e29p-50
case-0285 certified 0x1.6b43ce17caae2p+5 0x1.9cde56e807e29p-50
case-0286 certified 0x1.6e83ee3377834p+4 0x1.7de5490dc15eap-54
case-0287 certified 0x1.6e83ee3377834p+4 0x1.7de5490dc15eap-54
case-0288 certified 0x0p+0 0x0p+0
case-0289 certified 0x0p+0 0x0p+0
case-0290 certified 0x0p+0 0x0p+0
case-0291 certified 0x0p+0 0x0p+0
case-0292 certified 0x0p+0 0x0p+0
case-0293 certified 0x0p+0 0x0p+0
case-0294 certified 0x1.9p+6 0x0p+0
case-0295 certified 0x1.9p+6 0x0p+0
case-0296 certified 0x1.9p+6 0x0p+0
case-0297 certified 0x1.9p+6 0x0p+0
case-0298 certified 0x0p+0 0x0p+0
case-0299 certified 0x0p+0 0x0p+0
case-0300 certified 0x1p+0 0x1p-54
case-0301 certified 0x1p+0 0x1p-54
case-0302 certified 0x0p+0 0x0p+0
case-0303 certified 0x0p+0 0x0p+0
case-0304 certified 0x1p+0 0x0.0000000000001p-1022
case-0305 certified 0x1p+0 0x0.0000000000001p-1022
case-0306 certified 0x0p+0 0x0p+0
case-0307 certified 0x0p+0 0x0p+0
case-0308 certified 0x0.0000000000001p-1022 0x0p+0
case-0309 certified 0x0.0000000000001p-1022 0x0p+0
case-0310 certified 0x0p+0 0x0p+0
case-0311 certified 0x0p+0 0x0p+0
case-0312 certified 0x0.0000000000001p-1022 0x0p+0
case-0313 certified 0x0.0000000000001p-1022 0x0p+0
case-0314 certified 0x0p+0 0x0p+0
case-0315 certified 0x0p+0 0x0p+0
case-0316 certified 0x1.fffffffffffffp+1023 0x1p+0
case-0317 certified 0x1.fffffffffffffp+1023 0x1p+0
case-0318 certified 0x0p+0 0x0p+0
case-0319 certified 0x0p+0 0x0p+0
case-0320 certified 0x1.79f02a4f9af8ep-504 0x1.9731558e75ebfp-558
case-0321 certified 0x1.79f02a4f9af8ep-504 0x1.9731558e75ebfp-558
case-0322 certified 0x1.0347b4cc381e1p-504 0x1.8460a0094f0ecp-558
case-0323 certified 0x1.0347b4cc381e1p-504 0x1.8460a0094f0ecp-558
case-0324 certified 0x1.79f02a4f9af8ep+496 0x1.9731558e75ebfp+442
case-0325 certified 0x1.79f02a4f9af8ep+496 0x1.9731558e75ebfp+442
case-0326 certified 0x1.0347b4cc381e1p+496 0x1.8460a0094f0ecp+442
case-0327 certified 0x1.0347b4cc381e1p+496 0x1.8460a0094f0ecp+442
case-0328 certified 0x0p+0 0x0p+0
case-0329 certified 0x1.88145819fe0a7p+6 0x1.c2621b423824bp-48
case-0330 certified 0x0p+0 0x0p+0
case-0331 certified 0x1.fea5680c943e5p-48 0x1.7fe8c07448f16p-103
case-0332 certified 0x1.a48229076208fp+6 0x1.53cdb22bd423fp-49
case-0333 certified 0x0p+0 0x0p+0
case-0334 certified 0x0p+0 0x0p+0
case-0335 certified 0x1.fea5680c943e5p-48 0x1.7fe8c07448f16p-103
negative-zero certified 0x1.fdcbdb70c3308p+2 0x1.7895068b7f401p-55
negative-rate-neighbor unsupported
positive-yield-neighbor unsupported
negative-yield-outside-scope unsupported
general-call unsupported
case-0341 cash_unsupported
case-0342 cash_unsupported
case-0343 cash_unsupported
case-0344 cash_unsupported
general-put unsupported
case-0346 cash_unsupported
case-0347 cash_unsupported
case-0348 cash_unsupported
case-0349 cash_unsupported
immediate-put-counterexample unsupported
negative-rate-call-counterexample unsupported
yield-call-counterexample unsupported
finite-arithmetic-exhaustion arithmetic
American reductions: 337 certificates, 16 unsupported, 1 unresolved arithmetic
planner groups: limits, duplicates, signed zeros, ordered totals; replay=add1883b68d8d6d69536da521294fc00f87a8bd0e2d02617101e7128848f447f
planner adversarial: subnormal multiplication, cancellation, overflow and output transactions passed
rho midpoint: independently strict call/put rounding cells
qcheck random seed: 741456738
Testing `morphiq_risk'.
This run has ID `H7RRRJGO'.

  [OK]          normal: exact points          0   values.
  [OK]          normal: exact points          1   error-function finite limits.
  [OK]          dd: scaled rounding           0   single rounding into the su...
  [OK]          normal: properties            0   phi(x) = phi(-x) bit for bit.
  [OK]          normal: properties            1   Phi is nondecreasing.
  [OK]          normal: properties            2   Phi(-x) ~ 1 - Phi(x).
  [OK]          normal: properties            3   Phi^-1(Phi(x)) ~ x on [-8, 8].

Full test results in `/private/tmp/morphiq-american-iv/_build/default/test/_build/_tests/morphiq_risk'.
Test Successful in 1.172s. 7 tests run.
ordinary served 0x1.aa4850a1f07b6p+3 0x1.922ccfd52b572p-52
reverse served 0x1.dbda9d04e3bc9p+2 0x1.1f0b74d50794p-52
equal-assets served 0x1.67e19eece4401p+3 0x1.4aa54bf03d033p-51
correlation-3 served 0x1.fb431ba249062p+3 0x1.dd69f58a8f0aap-51
correlation-4 served 0x1.fb431ba249062p+3 0x1.288241b16fbd7p-52
correlation-5 served 0x1.fb431ba249063p+3 0x1.3c542fb757cebp-53
correlation-6 served 0x1.fdcbdb70c3308p+2 0x1.7895068b7f401p-55
correlation-7 served 0x1.3bdc38d4f4be4p+4 0x1.2e17099cd2538p-50
correlation-8 served 0x1.fb431ba249062p+3 0x1.c64b0c5f4bc0fp-52
correlation-9 served 0x1.fb431ba249062p+3 0x1.8e859033a108ep-51
correlation-10 served 0x1.fb431ba249063p+3 0x1.565ec6da266d1p-52
correlation-11 served 0x1.fdcbdb70c3308p+2 0x1.7895068b7f401p-55
correlation-12 served 0x1.3bdc38d4f4be4p+4 0x1.333807ad6bb54p-51
correlation-13 served 0x1.67e19eece4401p+3 0x1.4aa54bf03d033p-51
correlation-14 served 0x1.67e19eece44p+3 0x1.ecfcc1f60c1bfp-52
correlation-15 served 0x1.67e19eece4401p+3 0x1.d0dc1c91ffb1p-53
correlation-16 served 0x1.fdcbdb70c3308p+2 0x1.7895068b7f401p-55
correlation-17 served 0x1.c9cf1e9626435p+3 0x1.f023b33fb7791p-52
correlation-18 served 0x1.fea5680c943e5p-24 0x1.7919bf1121722p-79
correlation-19 served 0x1.fea5680c943e5p-24 0x1.968549eaa6572p-81
correlation-20 served 0x1.fea5680c943e6p-24 0x1.9399b5c43bafp-79
correlation-21 served 0x1.fdcbdb70c3308p+2 0x1.7895068b7f401p-55
correlation-22 served 0x1.fe6ef53bb5da5p+1 0x1.9cc39c87650eap-54
correlation-23 served 0x0p+0 0x0p+0
correlation-24 served 0x1.3f276107dca6fp-50 0x1.54346b7ea940ap-98
correlation-25 served 0x1.3f276107dca6fp-50 0x1.54346b7ea940ap-98
correlation-26 served 0x1.fdcbdb70c3308p+2 0x1.7895068b7f401p-55
correlation-27 served 0x1.fe6ef53bb5d9fp+1 0x1.6cf60dceaa036p-54
expiry-28 served 0x1.4p+2 0x0p+0
expiry-29 served 0x0p+0 0x0p+0
expiry-30 served 0x0p+0 0x0p+0
expiry-31 served 0x0p+0 0x0p+0
expiry-32 served 0x1.9p+6 0x0p+0
expiry-33 served 0x0p+0 0x0p+0
zero-receive served 0x0p+0 0x0p+0
zero-deliver served 0x1.8c051a5ca12a6p+6 0x1.fee0afddbc912p-51
zero-variance served 0x1.78b6043efd3a3p+2 0x1.cc856c008f0c6p-54
zero-variance-atm served 0x0p+0 0x0p+0
currency--1000 served 0x1.10d21f1ff6119p-1003 0x0.00000000255dfp-1022
currency--500 served 0x1.10d21f1ff6119p-503 0x1.2aebbf5044f1cp-557
currency-500 accuracy_exceeded
currency-1000 accuracy_exceeded
time-42 numerical_failure
time-43 numerical_failure
time-44 served 0x1.dcf853712b907p+2 0x1.e5175b5f507e2p-52
time-45 served 0x1.dae4d5fcf2999p+3 0x1.8e53331c17244p-52
volatility-46 numerical_failure
volatility-47 numerical_failure
volatility-48 numerical_failure
volatility-49 unadjudicated 0x1.9p+6 0x0.0000000000281p-1022
negative-yield served 0x1.2ba2666d7f317p+3 0x1.bb10df9387985p-51
discount-overflow numerical_failure
carry-cancellation served 0x1.8c051a5ca12a6p-53 0x1.cd600c922d6dp-110
deep-otm served 0x1.fc3e969f1dfedp-499 0x1.5cf477fb91505p-553
deep-itm served 0x1.ee88e9cd5abd4p+9 0x1.f461b467aefe7p-45
exact-only accuracy_exceeded
demanding-limit accuracy_exceeded
invalid-57 invalid_input
invalid-58 invalid_input
invalid-59 invalid_input
invalid-60 invalid_input
invalid-61 invalid_input
invalid-62 invalid_input
invalid-63 invalid_input
invalid-64 invalid_accuracy
invalid-65 invalid_accuracy
exchange: 66 rows, 47 certificates, 10 explicit numerical/accuracy failures, 1 served but reference unresolved
piecewise controls passed
0.3.0
2376 interior quantity requests; admission, accuracy, expiry, zero-variance, tail and joint capability controls pass
{"complete": true, "configuration": "initial", "counts": {"pass": 18, "runtime_unavailable": 22, "unresolved_reference": 1}, "mode": "primary", "schema": "american-runtime-campaign-v1"}
planner: exact scalar/batch, rational aggregate enclosures, scenario coverage, isolation, failures and 1/2/3/4-worker replay passed
{"schema": 1, "complete": true, "mode": "primary", "configuration": "initial", "counts": {"runtime_unavailable": 21, "pass": 9}}
{"schema": 1, "complete": true, "mode": "primary", "configuration": "initial", "counts": {"pass": 14, "runtime_unavailable": 18}}
{"schema": 1, "complete": true, "mode": "primary", "configuration": "initial", "counts": {"runtime_unavailable": 26, "pass": 14}}
european-control	delta	estimated	-0x1.92c9b1b4aa298p-2	stencil=0x0p+0;arithmetic=0x1.7fe812cafa19dp-56;price=0x0p+0;refinement=none;bump=none	0x1.95200a7f17afp+2
european-control	gamma	estimated	0x1.367c7cff8de1fp-6	stencil=0x0p+0;arithmetic=0x1.30629585369bap-60;price=0x0p+0;refinement=none;bump=none	0x1.95200a7f17afp+2
european-control	vega	estimated	0x1.2f3591afd9cp+5	stencil=0x1.2f35c6cp-11;arithmetic=0x1.f16711895bbcdp-38;price=0x1.5290177acdeecp-39;refinement=none;bump=0x1.252633p-17,0x1.2524cp-19	0x1.95200a7f17afp+2
european-control	rho	estimated	-0x1.6d51969a6f4p+5	stencil=0x1.d657590ap-5;arithmetic=0x1.78ade3c5b3e62p-38;price=0x1.b3add36e4c301p-40;refinement=none;bump=0x1.d80d344p-15,0x1.d80d74p-17	0x1.95200a7f17afp+2
european-control	theta	estimated	-0x1.9bcfd95028d65p-8	stencil=0x0p+0;arithmetic=0x1.0b2fae3db7ba1p-62;price=0x0p+0;refinement=none;bump=none	0x1.95200a7f17afp+2
exercise-control	delta	estimated	-0x1p+0	stencil=0x0p+0;arithmetic=0x0p+0;price=0x1.a3b5b989efe05p-35;refinement=0x0p+0,0x0p+0,0x0p+0,0x0p+0,0x0p+0,0x0p+0,0x0p+0,0x0p+0;bump=none	0x1.ep+5
exercise-control	gamma	estimated	0x0p+0	stencil=0x0p+0;arithmetic=0x0p+0;price=0x1.4fc4946e59804p-34;refinement=0x0p+0,0x0p+0,0x0p+0,0x0p+0,0x0p+0,0x0p+0,0x0p+0,0x0p+0;bump=none	0x1.ep+5
exercise-control	vega	estimated	0x0p+0	stencil=0x0p+0;arithmetic=0x1.0651a03172fap-22;price=0x1.0651ac6cb007ep-24;refinement=0x0p+0,0x0p+0,0x0p+0,0x0p+0,0x0p+0,0x0p+0,0x0p+0,0x0p+0;bump=0x0p+0,0x0p+0	0x1.ep+5
exercise-control	rho	estimated	0x0p+0	stencil=0x0p+0;arithmetic=0x1.065193c6ce276p-22;price=0x1.0651939766629p-24;refinement=0x0p+0,0x0p+0,0x0p+0,0x0p+0,0x0p+0,0x0p+0,0x0p+0,0x0p+0;bump=0x0p+0,0x0p+0	0x1.ep+5
exercise-control	theta	estimated	0x0p+0	stencil=0x0p+0;arithmetic=0x0p+0;price=0x0p+0;refinement=0x0p+0,0x0p+0,0x0p+0,0x0p+0,0x0p+0,0x0p+0,0x0p+0,0x0p+0;bump=none	0x1.ep+5
bermudan-event	theta	unavailable	-	theta at a valuation event or expiry is unavailable	0x1.948598bf281c6p+2
American Greek controls passed
Greek cancellation: original-input values or explicit failure
{"schema": 1, "complete": true, "mode": "loose", "refined": false, "counts": {"runtime_unavailable": 184, "unresolved_reference": 2, "pass": 44}, "binary_sha256": "ea7b499bf78b9d9bb7965141ae1be09fc45e9c8d0bf6d6d80e50def80646c747", "cases_sha256": "72d1bde5c5a5ee67e6575de5be2f5036cd4eff511d26ca01e6ba649eefaf8041", "references_sha256": "6caa762746d4d801ba148cb5eee858c1ff31df6b4dd2f12004ce47f057cfa5f1", "collector_sources": {"/private/tmp/morphiq-american-iv/_build/default/test/../scripts/check_american_greeks.py": "9697ad6df0a673e7ea3ca531cb1e427d3db8559787071e056de92653c11f13f6", "/private/tmp/morphiq-american-iv/_build/default/test/../scripts/collect_american_greeks.py": "e8523200849bc8bc2a67275fd14a6e0fc8791fcda2643266dc9aefd287ed69b2", "/private/tmp/morphiq-american-iv/_build/default/test/../scripts/check_american_piecewise.py": "faaf01d907d4b49d4e090655d4f829216b5aa58111a28a38be3df4b57c0fc9a8", "/private/tmp/morphiq-american-iv/_build/default/test/../scripts/american_piecewise_reference.py": "5f089de435853e886ca1d9072f3198866421a01eb415bb087103ce42df24c891", "/private/tmp/morphiq-american-iv/_build/default/test/../scripts/american_reference_data.py": "d0a954257b325e2f6cd6e4b95573feec9d23dc6e31f5e88b951c8ce133427331"}}
native Fast planner: original-input scalar replay, metadata, expiry/refusal priority, tile/worker order, cancellation, sink failures and concurrent reuse pass
native Fast planner: original-input scalar replay, metadata, expiry/refusal priority, tile/worker order, cancellation, sink failures and concurrent reuse pass
{"injected_failure":false,"scenarios":8,"workers":1,"rows":64,"peak_slots":4,"bound":16,"live_before":5710,"peak_live_sample":5808,"all_domain_bytes":199320,"source_sha256":"0f233ffe8670c286f26a7a64e8a9e5e1d4f5935026fa188cb5838a59cbcbe1c3"}
{"injected_failure":false,"scenarios":8,"workers":4,"rows":64,"peak_slots":16,"bound":16,"live_before":5710,"peak_live_sample":6001,"all_domain_bytes":207872,"source_sha256":"0f233ffe8670c286f26a7a64e8a9e5e1d4f5935026fa188cb5838a59cbcbe1c3"}
{"injected_failure":false,"scenarios":80,"workers":1,"rows":640,"peak_slots":4,"bound":16,"live_before":5717,"peak_live_sample":5815,"all_domain_bytes":2009752,"source_sha256":"0f233ffe8670c286f26a7a64e8a9e5e1d4f5935026fa188cb5838a59cbcbe1c3"}
{"injected_failure":false,"scenarios":80,"workers":4,"rows":640,"peak_slots":16,"bound":16,"live_before":5717,"peak_live_sample":6001,"all_domain_bytes":2094552,"source_sha256":"0f233ffe8670c286f26a7a64e8a9e5e1d4f5935026fa188cb5838a59cbcbe1c3"}
{"injected_failure":true,"scenarios":8,"workers":1,"rows":4,"peak_slots":4,"bound":16,"live_before":5713,"peak_live_sample":5811,"all_domain_bytes":12072,"source_sha256":"0f233ffe8670c286f26a7a64e8a9e5e1d4f5935026fa188cb5838a59cbcbe1c3"}
{"injected_failure":true,"scenarios":8,"workers":4,"rows":4,"peak_slots":12,"bound":16,"live_before":5713,"peak_live_sample":5946,"all_domain_bytes":39240,"source_sha256":"0f233ffe8670c286f26a7a64e8a9e5e1d4f5935026fa188cb5838a59cbcbe1c3"}
native Fast planner: original-input scalar replay, metadata, expiry/refusal priority, tile/worker order, cancellation, sink failures and concurrent reuse pass
native Fast planner: original-input scalar replay, metadata, expiry/refusal priority, tile/worker order, cancellation, sink failures and concurrent reuse pass
shared preparation: four models, mixed failures, exact words, boundaries and concurrent calls pass
532 nearest-even boundary veta references; exact-zero, kink, adjacent and numerical-failure controls pass
Full model configuration
1670 original-input model enclosures; explicit domain/overflow failures checked
First model configuration
1670 original-input model enclosures; explicit domain/overflow failures checked
Full inverse configuration
bachelier certified: 9
bachelier unresolved: 5
black76 certified: 23
black76 unresolved: 1
bsm certified: 27
displaced certified: 15
displaced unresolved: 3
74/83 exact-quote reference roots certified; unresolved rows are not accuracy passes
First inverse configuration
bachelier certified: 9
bachelier unresolved: 5
black76 certified: 22
black76 unresolved: 2
bsm certified: 25
bsm unresolved: 2
displaced certified: 12
displaced unresolved: 6
68/83 exact-quote reference roots certified; unresolved rows are not accuracy passes
2506 enclosed extra-bit Greek references, 0 explicit capability failures
oracle assurance: exact finite scoring, classifications and fixture failure controls passed
880 outcomes: 581 independently checked finite values, 201 explicit failures, 98 kinks
.....
----------------------------------------------------------------------
Ran 5 tests in 1.798s

OK
quantity                rows  worst ulp    worst rel                       at  fails
cdf body               14278          3    4.366e-16               -0x1.aap+2      0
  0 nonfinite class checks (excluded from ULP statistics)
cdf tail (x <= -8)      6177          5    6.055e-16    -0x1.a7563d16a682ep+4      0
  0 nonfinite class checks (excluded from ULP statistics)
erf                    20455          1    2.220e-16               -0x1.6cp+0      0
  0 nonfinite class checks (excluded from ULP statistics)
erfc                   20455          4    5.067e-16      0x1.8ace5f53462fp+3      0
  0 nonfinite class checks (excluded from ULP statistics)
erfcx                  16740          2    4.441e-16    -0x1.53249a1a6af7fp-2      0
  45 nonfinite class checks (excluded from ULP statistics)
inv central             6030          0    0.000e+00                   0x0p+0      0
  0 nonfinite class checks (excluded from ULP statistics)
inv tail                5349          2    3.015e-16                 0x1p-742      0
  0 nonfinite class checks (excluded from ULP statistics)
logcdf                 20455          4    5.790e-16     0x1.4b73f8356cf3cp+4      0
  1023 nonfinite class checks (excluded from ULP statistics)
pdf                    20455          3    4.225e-16    -0x1.e37fd73d2b1a8p+4      0
  0 nonfinite class checks (excluded from ULP statistics)
inverse replay 91bedc0a4352538aa60ae7c831f27bcaf16be0058a45daa3d6c33f2501344c19 over 193443 bytes
normal_dd: all cases within budget
........
----------------------------------------------------------------------
Ran 8 tests in 0.692s

OK
{"counts": {"value_checked": 2626, "unavailable": 122}, "failures": 0}
{"counts": {"value_checked": 9458, "availability_failure": 1206, "class_checked": 96}, "failures": 0}
Full enclosure configuration
1126 deterministic primitive cases, 2000 random compositions, 40354 elementary/normal references; 30574 outside exponential guard; 15217 other-function rows
First enclosure configuration
1126 deterministic primitive cases, 2000 random compositions, 40354 elementary/normal references; 30574 outside exponential guard; 15217 other-function rows
translation cases 32, self-consistency cases 96, failures 0
log1p    27651 rows, worst 1 ulp at -0x1.f410eaa8a61f6p-1, worst 0.9334 ulp from exact
  0 nonfinite class checks (excluded from ULP statistics)
log      21515 rows, worst 1 ulp at 0x1.ce283c2d11eaep-908, worst 0.9563 ulp from exact
  0 nonfinite class checks (excluded from ULP statistics)
exp      31152 rows, worst 1 ulp at -0x1.63422c73c63f2p+9, worst 1.0321 ulp from exact
  172 nonfinite class checks (excluded from ULP statistics)
expm1    31152 rows, worst 1 ulp at -0x1.2b708872320e1p+5, worst 1.3553 ulp from exact
  172 nonfinite class checks (excluded from ULP statistics)
log1p reduced path: worst 0.5205 ulp from exact (bound 0.5 + 0.14)
....
----------------------------------------------------------------------
Ran 4 tests in 2.242s

OK
{"counts": {"value_checked": 10114, "class_checked": 1260, "availability_failure": 204, "reference_unresolved": 52}, "failures": 0}
99088 fast batch price outcomes equal scalar words/classes; independent scalar oracle runs separately
Bachelier preparation: 466 fixture selections, boundaries and concurrent replay pass
{"rows": 2511, "totals": {"value_checked": 1880, "class_checked": 436, "reference_unresolved": 54, "availability_failure": 127, "nonfinite_fast_price": 14}, "contract_violations": 0}
fast planner fixture bsm: 24256
fast planner fixture black76: 6696
fast planner fixture displaced: 41768
fast planner fixture bachelier: 5024
fast planner: 77744 exact-maturity scalar outcomes; 21344 nonrepresentable maturities excluded; 99088 total fixture rows
{
  "schema": 1,
  "command": "check",
  "complete": true,
  "source_commit": "597cbf8fa6daa497d123c7179ee53a315e913f42",
  "platform": "macOS-27.0-arm64-arm-64bit-Mach-O",
  "python": "3.14.8",
  "runner_sha256": "12722799d63b04be286bb9e302adca0156680998c1c1acbc2f19474464fcb8f3",
  "results": [
    {
      "checks": 44,
      "peak_observed_slots": 153,
      "planner_source_sha256": "0f233ffe8670c286f26a7a64e8a9e5e1d4f5935026fa188cb5838a59cbcbe1c3",
      "ocaml": "5.3.0"
    }
  ]
}
case-0000 certified 0x0p+0 0x0p+0
case-0001 certified 0x0p+0 0x0p+0
case-0002 certified 0x0p+0 0x0p+0
case-0003 certified 0x0p+0 0x0p+0
case-0004 certified 0x1.2f99139a99983p+0 0x1.c866a497e48cap-54
case-0005 certified 0x1.2f99139a99983p+0 0x1.c866a497e48cap-54
case-0006 certified 0x1.2f99139a99983p+0 0x1.c866a497e48cap-54
case-0007 certified 0x1.2f99139a99983p+0 0x1.c866a497e48cap-54
case-0008 certified 0x1.2fed6d4af4099p+4 0x1.fb85719bb7e25p-51
case-0009 certified 0x1.2fed6d4af4099p+4 0x1.fb85719bb7e25p-51
case-0010 certified 0x1.2fed6d4af4099p+4 0x1.fb85719bb7e25p-51
case-0011 certified 0x1.2fed6d4af4099p+4 0x1.fb85719bb7e25p-51
case-0012 certified 0x0p+0 0x0p+0
case-0013 certified 0x0p+0 0x0p+0
case-0014 certified 0x0p+0 0x0p+0
case-0015 certified 0x0p+0 0x0p+0
case-0016 certified 0x1.dc02ebcec5475p+0 0x1.02bb9682d8585p-54
case-0017 certified 0x1.dc02ebcec5475p+0 0x1.02bb9682d8585p-54
case-0018 certified 0x1.dc02ebcec5475p+0 0x1.02bb9682d8585p-54
case-0019 certified 0x1.dc02ebcec5475p+0 0x1.02bb9682d8585p-54
case-0020 certified 0x1.441a40bc4fa3dp+4 0x1.3cbdf69004d99p-52
case-0021 certified 0x1.441a40bc4fa3dp+4 0x1.3cbdf69004d99p-52
case-0022 certified 0x1.441a40bc4fa3dp+4 0x1.3cbdf69004d99p-52
case-0023 certified 0x1.441a40bc4fa3dp+4 0x1.3cbdf69004d99p-52
case-0024 certified 0x0p+0 0x0p+0
case-0025 certified 0x0p+0 0x0p+0
case-0026 certified 0x0p+0 0x0p+0
case-0027 certified 0x0p+0 0x0p+0
case-0028 certified 0x1.fdcbdb70c3308p+2 0x1.7895068b7f401p-55
case-0029 certified 0x1.fdcbdb70c3308p+2 0x1.7895068b7f401p-55
case-0030 certified 0x1.fdcbdb70c3308p+2 0x1.7895068b7f401p-55
case-0031 certified 0x1.fdcbdb70c3308p+2 0x1.7895068b7f401p-55
case-0032 certified 0x1.f1597da04bdaep+4 0x1.5a85720783acfp-50
case-0033 certified 0x1.f1597da04bdaep+4 0x1.5a85720783acfp-50
case-0034 certified 0x1.f1597da04bdaep+4 0x1.5a85720783acfp-50
case-0035 certified 0x1.f1597da04bdaep+4 0x1.5a85720783acfp-50
case-0036 certified 0x1.3821b5fd69ce6p+2 0x1.f651e0facf801p-55
case-0037 certified 0x1.3821b5fd69ce6p+2 0x1.f651e0facf801p-55
case-0038 certified 0x1.3821b5fd69ce6p+2 0x1.f651e0facf801p-55
case-0039 certified 0x1.3821b5fd69ce6p+2 0x1.f651e0facf801p-55
case-0040 certified 0x1.4e6b2e3d54dc2p+3 0x1.f511bbf93e094p-51
case-0041 certified 0x1.4e6b2e3d54dc2p+3 0x1.f511bbf93e094p-51
case-0042 certified 0x1.4e6b2e3d54dc2p+3 0x1.f511bbf93e094p-51
case-0043 certified 0x1.4e6b2e3d54dc2p+3 0x1.f511bbf93e094p-51
case-0044 certified 0x1.06915f41727e7p+5 0x1.09287e7f5a324p-49
case-0045 certified 0x1.06915f41727e7p+5 0x1.09287e7f5a324p-49
case-0046 certified 0x1.06915f41727e7p+5 0x1.09287e7f5a324p-49
case-0047 certified 0x1.06915f41727e7p+5 0x1.09287e7f5a324p-49
case-0048 certified 0x1.4p+4 0x0p+0
case-0049 certified 0x1.4p+4 0x0p+0
case-0050 certified 0x1.4p+4 0x0p+0
case-0051 certified 0x1.4p+4 0x0p+0
case-0052 certified 0x1.625b55ff62c3fp+4 0x1.d9687ce7ce712p-51
case-0053 certified 0x1.625b55ff62c3fp+4 0x1.d9687ce7ce712p-51
case-0054 certified 0x1.625b55ff62c3fp+4 0x1.d9687ce7ce712p-51
case-0055 certified 0x1.625b55ff62c3fp+4 0x1.d9687ce7ce712p-51
case-0056 certified 0x1.68391cfa502d1p+5 0x1.c7ec5d501a6f3p-49
case-0057 certified 0x1.68391cfa502d1p+5 0x1.c7ec5d501a6f3p-49
case-0058 certified 0x1.68391cfa502d1p+5 0x1.c7ec5d501a6f3p-49
case-0059 certified 0x1.68391cfa502d1p+5 0x1.c7ec5d501a6f3p-49
case-0060 certified 0x1.8e086d7f5a73ap+4 0x1.f04d70f829842p-50
case-0061 certified 0x1.8e086d7f5a73ap+4 0x1.f04d70f829842p-50
case-0062 certified 0x1.8e086d7f5a73ap+4 0x1.f04d70f829842p-50
case-0063 certified 0x1.8e086d7f5a73ap+4 0x1.f04d70f829842p-50
case-0064 certified 0x1.a2b4676cf4bc4p+4 0x1.6580f5bbf6ca2p-50
case-0065 certified 0x1.a2b4676cf4bc4p+4 0x1.6580f5bbf6ca2p-50
case-0066 certified 0x1.a2b4676cf4bc4p+4 0x1.6580f5bbf6ca2p-50
case-0067 certified 0x1.a2b4676cf4bc4p+4 0x1.6580f5bbf6ca2p-50
case-0068 certified 0x1.798ae4ab9924cp+5 0x1.5e4de1a01808bp-49
case-0069 certified 0x1.798ae4ab9924cp+5 0x1.5e4de1a01808bp-49
case-0070 certified 0x1.798ae4ab9924cp+5 0x1.5e4de1a01808bp-49
case-0071 certified 0x1.798ae4ab9924cp+5 0x1.5e4de1a01808bp-49
case-0072 certified 0x0p+0 0x0p+0
case-0073 certified 0x0p+0 0x0p+0
case-0074 certified 0x1.6b0d4ca4ce2fap+4 0x1.d3f5381366ae6p-50
case-0075 certified 0x1.6b0d4ca4ce2fap+4 0x1.d3f5381366ae6p-50
case-0076 certified 0x1.0205eee25822cp+0 0x1.bcec65e6fd81dp-54
case-0077 certified 0x1.0205eee25822cp+0 0x1.bcec65e6fd81dp-54
case-0078 certified 0x1.7b2dab92f3b1cp+4 0x1.47d98e4b092a1p-50
case-0079 certified 0x1.7b2dab92f3b1cp+4 0x1.47d98e4b092a1p-50
case-0080 certified 0x1.310909859b04ap+4 0x1.0a6b0388531ccp-51
case-0081 certified 0x1.310909859b04ap+4 0x1.0a6b0388531ccp-51
case-0082 certified 0x1.4e0b2b15349a2p+5 0x1.4ebfb64f3d201p-50
case-0083 certified 0x1.4e0b2b15349a2p+5 0x1.4ebfb64f3d201p-50
case-0084 certified 0x0p+0 0x0p+0
case-0085 certified 0x0p+0 0x0p+0
case-0086 certified 0x1.ab6123ca5b358p+4 0x1.cca535b7a4fadp-53
case-0087 certified 0x1.ab6123ca5b358p+4 0x1.cca535b7a4fadp-53
case-0088 certified 0x1.256f1deb848b3p-1 0x1.a880a695c8b67p-57
case-0089 certified 0x1.256f1deb848b3p-1 0x1.a880a695c8b67p-57
case-0090 certified 0x1.b48c9cb9b759ep+4 0x1.631a57fbdfcf6p-50
case-0091 certified 0x1.b48c9cb9b759ep+4 0x1.631a57fbdfcf6p-50
case-0092 certified 0x1.0f33eca22941dp+4 0x1.4ff7b5b9e26a4p-51
case-0093 certified 0x1.0f33eca22941dp+4 0x1.4ff7b5b9e26a4p-51
case-0094 certified 0x1.5d4a8836423bbp+5 0x1.8f37bf360d15fp-49
case-0095 certified 0x1.5d4a8836423bbp+5 0x1.8f37bf360d15fp-49
case-0096 certified 0x0p+0 0x0p+0
case-0097 certified 0x0p+0 0x0p+0
case-0098 certified 0x1.1904a887460bdp+4 0x1.ee4271ac3bd6fp-52
case-0099 certified 0x1.1904a887460bdp+4 0x1.ee4271ac3bd6fp-52
case-0100 certified 0x1.9bf7217afa4d2p+0 0x1.bd7b523b863c9p-55
case-0101 certified 0x1.9bf7217afa4d2p+0 0x1.bd7b523b863c9p-55
case-0102 certified 0x1.32c41a9ef5b0ap+4 0x1.25b3e26cd3c32p-54
case-0103 certified 0x1.32c41a9ef5b0ap+4 0x1.25b3e26cd3c32p-54
case-0104 certified 0x1.45964713090a5p+4 0x1.840be49d8b4fbp-51
case-0105 certified 0x1.45964713090a5p+4 0x1.840be49d8b4fbp-51
case-0106 certified 0x1.2f4d77cd278b1p+5 0x1.19d5578edac88p-52
case-0107 certified 0x1.2f4d77cd278b1p+5 0x1.19d5578edac88p-52
case-0108 certified 0x0p+0 0x0p+0
case-0109 certified 0x0p+0 0x0p+0
case-0110 certified 0x1.59587facd311bp+4 0x1.91f9425f4c57fp-50
case-0111 certified 0x1.59587facd311bp+4 0x1.91f9425f4c57fp-50
case-0112 certified 0x1.eae0e3bdde1cbp-1 0x1.1de60c39f45b1p-55
case-0113 certified 0x1.eae0e3bdde1cbp-1 0x1.1de60c39f45b1p-55
case-0114 certified 0x1.68af86cac202ap+4 0x1.16f5ee02834b2p-50
case-0115 certified 0x1.68af86cac202ap+4 0x1.16f5ee02834b2p-50
case-0116 certified 0x1.2228970463b3ep+4 0x1.0a1fd1485dfe7p-52
case-0117 certified 0x1.2228970463b3ep+4 0x1.0a1fd1485dfe7p-52
case-0118 certified 0x1.3dc08b589b62dp+5 0x1.584758f965941p-49
case-0119 certified 0x1.3dc08b589b62dp+5 0x1.584758f965941p-49
case-0120 certified 0x0p+0 0x0p+0
case-0121 certified 0x0p+0 0x0p+0
case-0122 certified 0x1.95f8760fd7307p+3 0x1.168656e5cae38p-51
case-0123 certified 0x1.95f8760fd7307p+3 0x1.168656e5cae38p-51
case-0124 certified 0x1.3a7859be6deafp+1 0x1.bff04974879bfp-57
case-0125 certified 0x1.3a7859be6deafp+1 0x1.bff04974879bfp-57
case-0126 certified 0x1.e4968c7f72ab2p+3 0x1.f0796a40073b4p-51
case-0127 certified 0x1.e4968c7f72ab2p+3 0x1.f0796a40073b4p-51
case-0128 certified 0x1.5ab841a273dd3p+4 0x1.bb7a824c91f65p-50
case-0129 certified 0x1.5ab841a273dd3p+4 0x1.bb7a824c91f65p-50
case-0130 certified 0x1.12da3e552fbabp+5 0x1.981bab6cd6427p-49
case-0131 certified 0x1.12da3e552fbabp+5 0x1.981bab6cd6427p-49
case-0132 certified 0x0p+0 0x0p+0
case-0133 certified 0x0p+0 0x0p+0
case-0134 certified 0x1.0b50122d789e2p+4 0x1.f6e532a22890dp-52
case-0135 certified 0x1.0b50122d789e2p+4 0x1.f6e532a22890dp-52
case-0136 certified 0x1.87dfa2196dbcfp+0 0x1.8dd3f787d28a3p-54
case-0137 certified 0x1.87dfa2196dbcfp+0 0x1.8dd3f787d28a3p-54
case-0138 certified 0x1.23ce0c4f0f79fp+4 0x1.49b81a6019f74p-51
case-0139 certified 0x1.23ce0c4f0f79fp+4 0x1.49b81a6019f74p-51
case-0140 certified 0x1.35b53c9384d92p+4 0x1.4fa79ecf48495p-50
case-0141 certified 0x1.35b53c9384d92p+4 0x1.4fa79ecf48495p-50
case-0142 certified 0x1.2082a7607ebbap+5 0x1.cd60eb77d26d8p-50
case-0143 certified 0x1.2082a7607ebbap+5 0x1.cd60eb77d26d8p-50
case-0144 certified 0x0p+0 0x0p+0
case-0145 certified 0x0p+0 0x0p+0
case-0146 certified 0x1.0a73b634fd946p+1 0x1.a4d41a3ab28bcp-55
case-0147 certified 0x1.0a73b634fd946p+1 0x1.a4d41a3ab28bcp-55
case-0148 certified 0x1.d2a832e7a7793p+2 0x1.2cfe03023f69dp-52
case-0149 certified 0x1.d2a832e7a7793p+2 0x1.2cfe03023f69dp-52
case-0150 certified 0x1.2bf107011321bp+3 0x1.6198864995bb5p-52
case-0151 certified 0x1.2bf107011321bp+3 0x1.6198864995bb5p-52
case-0152 certified 0x1.f52c38b049907p+4 0x1.388d9b93c79a3p-50
case-0153 certified 0x1.f52c38b049907p+4 0x1.388d9b93c79a3p-50
case-0154 certified 0x1.0b3d57bb74a18p+5 0x1.16d0f19674b9ep-52
case-0155 certified 0x1.0b3d57bb74a18p+5 0x1.16d0f19674b9ep-52
case-0156 certified 0x0p+0 0x0p+0
case-0157 certified 0x0p+0 0x0p+0
case-0158 certified 0x1.c6dd0ed63fe7cp+2 0x1.87b422c4e12b1p-52
case-0159 certified 0x1.c6dd0ed63fe7cp+2 0x1.87b422c4e12b1p-52
case-0160 certified 0x1.41a9852d370e5p+2 0x1.66b57f1954668p-52
case-0161 certified 0x1.41a9852d370e5p+2 0x1.66b57f1954668p-52
case-0162 certified 0x1.84434a01bb7bp+3 0x1.11965e21ca6efp-52
case-0163 certified 0x1.84434a01bb7bp+3 0x1.11965e21ca6efp-52
case-0164 certified 0x1.c225efa047014p+4 0x1.1ce3d76ffe61ap-50
case-0165 certified 0x1.c225efa047014p+4 0x1.1ce3d76ffe61ap-50
case-0166 certified 0x1.19ee99aaeb7dap+5 0x1.a28498a09cf4dp-49
case-0167 certified 0x1.19ee99aaeb7dap+5 0x1.a28498a09cf4dp-49
case-0168 certified 0x1.85d16ab74389fp+1 0x1.a74c385d2b323p-54
case-0169 certified 0x1.85d16ab74389fp+1 0x1.a74c385d2b323p-54
case-0170 certified 0x0p+0 0x0p+0
case-0171 certified 0x0p+0 0x0p+0
case-0172 certified 0x1.366716f939ep+3 0x1.8293341d30aa8p-54
case-0173 certified 0x1.366716f939ep+3 0x1.8293341d30aa8p-54
case-0174 certified 0x1.a9e57896d1fbp+2 0x1.f6d1bef0015e4p-52
case-0175 certified 0x1.a9e57896d1fbp+2 0x1.f6d1bef0015e4p-52
case-0176 certified 0x1.08cfbaff1afaap+5 0x1.849fffd093857p-50
case-0177 certified 0x1.08cfbaff1afaap+5 0x1.849fffd093857p-50
case-0178 certified 0x1.e0e548a74d84p+4 0x1.1f14c35666388p-50
case-0179 certified 0x1.e0e548a74d84p+4 0x1.1f14c35666388p-50
case-0180 certified 0x0p+0 0x0p+0
case-0181 certified 0x0p+0 0x0p+0
case-0182 certified 0x1.fae9f9807d624p+0 0x1.310da11c1246dp-55
case-0183 certified 0x1.fae9f9807d624p+0 0x1.310da11c1246dp-55
case-0184 certified 0x1.bbe5dc723959ep+2 0x1.f0a60c75fa231p-57
case-0185 certified 0x1.bbe5dc723959ep+2 0x1.f0a60c75fa231p-57
case-0186 certified 0x1.1d502d692c593p+3 0x1.e52c8dbc66f34p-51
case-0187 certified 0x1.1d502d692c593p+3 0x1.e52c8dbc66f34p-51
case-0188 certified 0x1.dcbaf2202fa1ep+4 0x1.e1b7a7da09b5dp-50
case-0189 certified 0x1.dcbaf2202fa1ep+4 0x1.e1b7a7da09b5dp-50
case-0190 certified 0x1.fc6991b83778p+4 0x1.d68029c5d48fep-51
case-0191 certified 0x1.fc6991b83778p+4 0x1.d68029c5d48fep-51
case-0192 certified 0x1.fb0a6b590b936p+2 0x1.5762b5c95b43ap-52
case-0193 certified 0x1.fb0a6b590b936p+2 0x1.5762b5c95b43ap-52
case-0194 certified 0x0p+0 0x0p+0
case-0195 certified 0x0p+0 0x0p+0
case-0196 certified 0x1.8f2f2ff6cb748p+3 0x1.15d835b4224aep-51
case-0197 certified 0x1.8f2f2ff6cb748p+3 0x1.15d835b4224aep-51
case-0198 certified 0x1.2353f4948b55bp+2 0x1.f3b37b39809c2p-54
case-0199 certified 0x1.2353f4948b55bp+2 0x1.f3b37b39809c2p-54
case-0200 certified 0x1.1740ddca1c91bp+5 0x1.43573813d6bb1p-52
case-0201 certified 0x1.1740ddca1c91bp+5 0x1.43573813d6bb1p-52
case-0202 certified 0x1.afbf20bdf63e9p+4 0x1.fafd20929eddfp-50
case-0203 certified 0x1.afbf20bdf63e9p+4 0x1.fafd20929eddfp-50
case-0204 certified 0x1.72ce6f3a94ebap+1 0x1.93afc10b70e37p-54
case-0205 certified 0x1.72ce6f3a94ebap+1 0x1.93afc10b70e37p-54
case-0206 certified 0x0p+0 0x0p+0
case-0207 certified 0x0p+0 0x0p+0
case-0208 certified 0x1.2743a10e31127p+3 0x1.7e1e8ad74c205p-51
case-0209 certified 0x1.2743a10e31127p+3 0x1.7e1e8ad74c205p-51
case-0210 certified 0x1.95200a7f17afp+2 0x1.3dadf41d170dep-53
case-0211 certified 0x1.95200a7f17afp+2 0x1.3dadf41d170dep-53
case-0212 certified 0x1.f7cafa3d024cep+4 0x1.ae68ee8c5d9aep-50
case-0213 certified 0x1.f7cafa3d024cep+4 0x1.ae68ee8c5d9aep-50
case-0214 certified 0x1.c9712c55afaf6p+4 0x1.385c1562eb574p-50
case-0215 certified 0x1.c9712c55afaf6p+4 0x1.385c1562eb574p-50
case-0216 certified 0x1.28705f178eca8p+4 0x1.1bd8648ee2912p-54
case-0217 certified 0x1.28705f178eca8p+4 0x1.1bd8648ee2912p-54
case-0218 certified 0x0p+0 0x0p+0
case-0219 certified 0x0p+0 0x0p+0
case-0220 certified 0x1.534773c6698c7p+4 0x1.b8f412f808d22p-50
case-0221 certified 0x1.534773c6698c7p+4 0x1.b8f412f808d22p-50
case-0222 certified 0x1.56b8a576d60fbp+1 0x1.39b46578d547dp-53
case-0223 certified 0x1.56b8a576d60fbp+1 0x1.39b46578d547dp-53
case-0224 certified 0x1.6c162ce1efbfcp+5 0x1.a4ef28427a92bp-49
case-0225 certified 0x1.6c162ce1efbfcp+5 0x1.a4ef28427a92bp-49
case-0226 certified 0x1.afbbfaac50b51p+4 0x1.8fbe6b87f208p-51
case-0227 certified 0x1.afbbfaac50b51p+4 0x1.8fbe6b87f208p-51
case-0228 certified 0x1.8fe538be76834p+3 0x1.fadd7032ca69bp-51
case-0229 certified 0x1.8fe538be76834p+3 0x1.fadd7032ca69bp-51
case-0230 certified 0x0p+0 0x0p+0
case-0231 certified 0x0p+0 0x0p+0
case-0232 certified 0x1.07a27f9c2254ep+4 0x1.e156bf14adda2p-50
case-0233 certified 0x1.07a27f9c2254ep+4 0x1.e156bf14adda2p-50
case-0234 certified 0x1.fd7f19e7389a2p+1 0x1.c17f904b75acbp-54
case-0235 certified 0x1.fd7f19e7389a2p+1 0x1.c17f904b75acbp-54
case-0236 certified 0x1.49878390c9a32p+5 0x1.01791b946077dp-49
case-0237 certified 0x1.49878390c9a32p+5 0x1.01791b946077dp-49
case-0238 certified 0x1.cb1c6ac258049p+4 0x1.ff3e217bb3b81p-51
case-0239 certified 0x1.cb1c6ac258049p+4 0x1.ff3e217bb3b81p-51
case-0240 certified 0x1.7a79033516ee5p+4 0x1.46a7155f698f9p-50
case-0241 certified 0x1.7a79033516ee5p+4 0x1.46a7155f698f9p-50
case-0242 certified 0x0p+0 0x0p+0
case-0243 certified 0x0p+0 0x0p+0
case-0244 certified 0x1.94b77052b78aep+4 0x1.24387d1e69de9p-50
case-0245 certified 0x1.94b77052b78aep+4 0x1.24387d1e69de9p-50
case-0246 certified 0x1.a3e6d1da09c9ap+0 0x1.5206d822c922ap-54
case-0247 certified 0x1.a3e6d1da09c9ap+0 0x1.5206d822c922ap-54
case-0248 certified 0x1.7de3cd4b89545p+5 0x1.0858f62b98bcfp-49
case-0249 certified 0x1.7de3cd4b89545p+5 0x1.0858f62b98bcfp-49
case-0250 certified 0x1.814e9761fbba5p+4 0x1.9415adef8fd48p-51
case-0251 certified 0x1.814e9761fbba5p+4 0x1.9415adef8fd48p-51
case-0252 certified 0x1.19fb407cc3657p+4 0x1.6bd78e3bca0f2p-52
case-0253 certified 0x1.19fb407cc3657p+4 0x1.6bd78e3bca0f2p-52
case-0254 certified 0x0p+0 0x0p+0
case-0255 certified 0x0p+0 0x0p+0
case-0256 certified 0x1.42bb763c20c09p+4 0x1.e9b8ba7bf890bp-51
case-0257 certified 0x1.42bb763c20c09p+4 0x1.e9b8ba7bf890bp-51
case-0258 certified 0x1.4601adfaead93p+1 0x1.816df99889ap-53
case-0259 certified 0x1.4601adfaead93p+1 0x1.816df99889ap-53
case-0260 certified 0x1.5a5474ddf79c8p+5 0x1.f8cd7445b007ep-50
case-0261 certified 0x1.5a5474ddf79c8p+5 0x1.f8cd7445b007ep-50
case-0262 certified 0x1.9aada93f2bd39p+4 0x1.9dd790b6bd842p-50
case-0263 certified 0x1.9aada93f2bd39p+4 0x1.9dd790b6bd842p-50
case-0264 certified 0x1.c88170b47161ep+4 0x1.9216f350d9d94p-51
case-0265 certified 0x1.c88170b47161ep+4 0x1.9216f350d9d94p-51
case-0266 certified 0x0p+0 0x0p+0
case-0267 certified 0x0p+0 0x0p+0
case-0268 certified 0x1.d7ddf37d861e8p+4 0x1.f56f7638c90f4p-50
case-0269 certified 0x1.d7ddf37d861e8p+4 0x1.f56f7638c90f4p-50
case-0270 certified 0x1.eb9059229792ap-1 0x1.85101eca045d3p-58
case-0271 certified 0x1.eb9059229792ap-1 0x1.85101eca045d3p-58
case-0272 certified 0x1.8fc9dcbe76be9p+5 0x1.f0d45167da99p-49
case-0273 certified 0x1.8fc9dcbe76be9p+5 0x1.f0d45167da99p-49
case-0274 certified 0x1.571248c87c1b5p+4 0x1.cec5adb16f75cp-51
case-0275 certified 0x1.571248c87c1b5p+4 0x1.cec5adb16f75cp-51
case-0276 certified 0x1.6803adfc1dd9p+4 0x1.b4bcab78e3f86p-50
case-0277 certified 0x1.6803adfc1dd9p+4 0x1.b4bcab78e3f86p-50
case-0278 certified 0x0p+0 0x0p+0
case-0279 certified 0x0p+0 0x0p+0
case-0280 certified 0x1.80fa71c0c5babp+4 0x1.d454289c68748p-51
case-0281 certified 0x1.80fa71c0c5babp+4 0x1.d454289c68748p-51
case-0282 certified 0x1.8f6c3c4a7e1adp+0 0x1.5252e555f7c32p-55
case-0283 certified 0x1.8f6c3c4a7e1adp+0 0x1.5252e555f7c32p-55
case-0284 certified 0x1.6b43ce17caae2p+5 0x1.9cde56e807e29p-50
case-0285 certified 0x1.6b43ce17caae2p+5 0x1.9cde56e807e29p-50
case-0286 certified 0x1.6e83ee3377834p+4 0x1.7de5490dc15eap-54
case-0287 certified 0x1.6e83ee3377834p+4 0x1.7de5490dc15eap-54
case-0288 certified 0x0p+0 0x0p+0
case-0289 certified 0x0p+0 0x0p+0
case-0290 certified 0x0p+0 0x0p+0
case-0291 certified 0x0p+0 0x0p+0
case-0292 certified 0x0p+0 0x0p+0
case-0293 certified 0x0p+0 0x0p+0
case-0294 certified 0x1.9p+6 0x0p+0
case-0295 certified 0x1.9p+6 0x0p+0
case-0296 certified 0x1.9p+6 0x0p+0
case-0297 certified 0x1.9p+6 0x0p+0
case-0298 certified 0x0p+0 0x0p+0
case-0299 certified 0x0p+0 0x0p+0
case-0300 certified 0x1p+0 0x1p-54
case-0301 certified 0x1p+0 0x1p-54
case-0302 certified 0x0p+0 0x0p+0
case-0303 certified 0x0p+0 0x0p+0
case-0304 certified 0x1p+0 0x0.0000000000001p-1022
case-0305 certified 0x1p+0 0x0.0000000000001p-1022
case-0306 certified 0x0p+0 0x0p+0
case-0307 certified 0x0p+0 0x0p+0
case-0308 certified 0x0.0000000000001p-1022 0x0p+0
case-0309 certified 0x0.0000000000001p-1022 0x0p+0
case-0310 certified 0x0p+0 0x0p+0
case-0311 certified 0x0p+0 0x0p+0
case-0312 certified 0x0.0000000000001p-1022 0x0p+0
case-0313 certified 0x0.0000000000001p-1022 0x0p+0
case-0314 certified 0x0p+0 0x0p+0
case-0315 certified 0x0p+0 0x0p+0
case-0316 certified 0x1.fffffffffffffp+1023 0x1p+0
case-0317 certified 0x1.fffffffffffffp+1023 0x1p+0
case-0318 certified 0x0p+0 0x0p+0
case-0319 certified 0x0p+0 0x0p+0
case-0320 certified 0x1.79f02a4f9af8ep-504 0x1.9731558e75ebfp-558
case-0321 certified 0x1.79f02a4f9af8ep-504 0x1.9731558e75ebfp-558
case-0322 certified 0x1.0347b4cc381e1p-504 0x1.8460a0094f0ecp-558
case-0323 certified 0x1.0347b4cc381e1p-504 0x1.8460a0094f0ecp-558
case-0324 certified 0x1.79f02a4f9af8ep+496 0x1.9731558e75ebfp+442
case-0325 certified 0x1.79f02a4f9af8ep+496 0x1.9731558e75ebfp+442
case-0326 certified 0x1.0347b4cc381e1p+496 0x1.8460a0094f0ecp+442
case-0327 certified 0x1.0347b4cc381e1p+496 0x1.8460a0094f0ecp+442
case-0328 certified 0x0p+0 0x0p+0
case-0329 certified 0x1.88145819fe0a7p+6 0x1.c2621b423824bp-48
case-0330 certified 0x0p+0 0x0p+0
case-0331 certified 0x1.fea5680c943e5p-48 0x1.7fe8c07448f16p-103
case-0332 certified 0x1.a48229076208fp+6 0x1.53cdb22bd423fp-49
case-0333 certified 0x0p+0 0x0p+0
case-0334 certified 0x0p+0 0x0p+0
case-0335 certified 0x1.fea5680c943e5p-48 0x1.7fe8c07448f16p-103
negative-zero certified 0x1.fdcbdb70c3308p+2 0x1.7895068b7f401p-55
negative-rate-neighbor unsupported
positive-yield-neighbor unsupported
negative-yield-outside-scope unsupported
general-call unsupported
case-0341 cash_unsupported
case-0342 cash_unsupported
case-0343 cash_unsupported
case-0344 cash_unsupported
general-put unsupported
case-0346 cash_unsupported
case-0347 cash_unsupported
case-0348 cash_unsupported
case-0349 cash_unsupported
immediate-put-counterexample unsupported
negative-rate-call-counterexample unsupported
yield-call-counterexample unsupported
finite-arithmetic-exhaustion arithmetic
American reductions: 337 certificates, 16 unsupported, 1 unresolved arithmetic
4176 public price/Greek certificates; 3932 exact acceptance-limit controls
european-control	delta	estimated	-0x1.92c9b1b4aa298p-2	stencil=0x0p+0;arithmetic=0x1.7fe812cafa19dp-56;price=0x0p+0;refinement=none;bump=none	0x1.95200a7f17afp+2
european-control	gamma	estimated	0x1.367c7cff8de1fp-6	stencil=0x0p+0;arithmetic=0x1.30629585369bap-60;price=0x0p+0;refinement=none;bump=none	0x1.95200a7f17afp+2
european-control	vega	estimated	0x1.2f3591afd9cp+5	stencil=0x1.2f35c6cp-11;arithmetic=0x1.f16711895bbcdp-38;price=0x1.5290177acdeecp-39;refinement=none;bump=0x1.252633p-17,0x1.2524cp-19	0x1.95200a7f17afp+2
european-control	rho	estimated	-0x1.6d51969a6f4p+5	stencil=0x1.d657590ap-5;arithmetic=0x1.78ade3c5b3e62p-38;price=0x1.b3add36e4c301p-40;refinement=none;bump=0x1.d80d344p-15,0x1.d80d74p-17	0x1.95200a7f17afp+2
european-control	theta	estimated	-0x1.9bcfd95028d65p-8	stencil=0x0p+0;arithmetic=0x1.0b2fae3db7ba1p-62;price=0x0p+0;refinement=none;bump=none	0x1.95200a7f17afp+2
exercise-control	delta	estimated	-0x1p+0	stencil=0x0p+0;arithmetic=0x0p+0;price=0x1.a3b5b989efe05p-35;refinement=0x0p+0,0x0p+0,0x0p+0,0x0p+0,0x0p+0,0x0p+0,0x0p+0,0x0p+0;bump=none	0x1.ep+5
exercise-control	gamma	estimated	0x0p+0	stencil=0x0p+0;arithmetic=0x0p+0;price=0x1.4fc4946e59804p-34;refinement=0x0p+0,0x0p+0,0x0p+0,0x0p+0,0x0p+0,0x0p+0,0x0p+0,0x0p+0;bump=none	0x1.ep+5
exercise-control	vega	estimated	0x0p+0	stencil=0x0p+0;arithmetic=0x1.0651a03172fap-22;price=0x1.0651ac6cb007ep-24;refinement=0x0p+0,0x0p+0,0x0p+0,0x0p+0,0x0p+0,0x0p+0,0x0p+0,0x0p+0;bump=0x0p+0,0x0p+0	0x1.ep+5
exercise-control	rho	estimated	0x0p+0	stencil=0x0p+0;arithmetic=0x1.065193c6ce276p-22;price=0x1.0651939766629p-24;refinement=0x0p+0,0x0p+0,0x0p+0,0x0p+0,0x0p+0,0x0p+0,0x0p+0,0x0p+0;bump=0x0p+0,0x0p+0	0x1.ep+5
exercise-control	theta	estimated	0x0p+0	stencil=0x0p+0;arithmetic=0x0p+0;price=0x0p+0;refinement=0x0p+0,0x0p+0,0x0p+0,0x0p+0,0x0p+0,0x0p+0,0x0p+0,0x0p+0;bump=none	0x1.ep+5
bermudan-event	theta	unavailable	-	theta at a valuation event or expiry is unavailable	0x1.948598bf281c6p+2
American Greek controls passed
4468 prepared quotients: canonical words and independent rational allowances agree
Native Bachelier: 466 selected of 99088 input rows; independent 8-ULP/4.3-epsilon gates and exact replay pass
2506 extended Greek references, 0 failures, worst 0.95761 of bound
2007 generated regressions and boundary controls passed
generated error fail pass / total     time test name
[ ]    0    0    0    0 / 3000     0.0s max(intrinsic, 0) <= price <= maximum[✓] 3000    0    0 3000 / 3000     0.0s max(intrinsic, 0) <= price <= maximum
[ ]    0    0    0    0 / 3000     0.0s call - put = A - C[ ] 2223    0    0 2223 / 3000     0.2s call - put = A - C[✓] 3000    0    0 3000 / 3000     0.2s call - put = A - C
[ ]    0    0    0    0 / 3000     0.0s price is nondecreasing in σ[ ] 1059    0    0 1059 / 3000     0.1s price is nondecreasing in σ[ ] 1976    0    0 1976 / 3000     0.2s price is nondecreasing in σ[ ] 2919    0    0 2919 / 3000     0.4s price is nondecreasing in σ[✓] 3000    0    0 3000 / 3000     0.4s price is nondecreasing in σ
[ ]    0    0    0    0 / 3000     0.0s delta within its bounds; gamma, vega >= 0[ ]  329    0    0  329 / 3000     0.1s delta within its bounds; gamma, vega >= 0[ ]  957    0    0  957 / 3000     0.2s delta within its bounds; gamma, vega >= 0[ ] 1547    0    0 1547 / 3000     0.3s delta within its bounds; gamma, vega >= 0[ ] 2085    0    0 2085 / 3000     0.4s delta within its bounds; gamma, vega >= 0[ ] 2527    0    0 2527 / 3000     0.6s delta within its bounds; gamma, vega >= 0[✓] 3000    0    0 3000 / 3000     0.6s delta within its bounds; gamma, vega >= 0
[ ]    0    0    0    0 / 3000     0.0s price(2^j S, 2^j K) = 2^j price(S, K), bit for bit[ ]  540    0    0  540 / 3000     0.1s price(2^j S, 2^j K) = 2^j price(S, K), bit for bit[✓] 3000    0    0 3000 / 3000     0.2s price(2^j S, 2^j K) = 2^j price(S, K), bit for bit
[ ]    0    0    0    0 / 3000     0.0s displaced = Black-76 on representable sums, bit for bit[ ]  345    0    0  328 / 3000     0.1s displaced = Black-76 on representable sums, bit for bit[ ]  648    0    0  623 / 3000     0.2s displaced = Black-76 on representable sums, bit for bit[ ] 1058    0    0 1020 / 3000     0.3s displaced = Black-76 on representable sums, bit for bit[ ] 1436    0    0 1384 / 3000     0.4s displaced = Black-76 on representable sums, bit for bit[ ] 1833    0    0 1765 / 3000     0.6s displaced = Black-76 on representable sums, bit for bit[ ] 2769    0    0 2665 / 3000     0.7s displaced = Black-76 on representable sums, bit for bit[✓] 3117    0    0 3000 / 3000     0.7s displaced = Black-76 on representable sums, bit for bit
[ ]    0    0    0    0 / 3000     0.0s IV round trip composes forward and inverse error[ ]    1    0    0    1 / 3000     0.1s IV round trip composes forward and inverse error[ ]    5    0    0    4 / 3000     0.3s IV round trip composes forward and inverse error[ ]    7    0    0    6 / 3000     0.5s IV round trip composes forward and inverse error[ ]   10    0    0    9 / 3000     0.6s IV round trip composes forward and inverse error[ ]   13    0    0   12 / 3000     0.8s IV round trip composes forward and inverse error[ ]   16    0    0   15 / 3000     1.0s IV round trip composes forward and inverse error[ ]   18    0    0   17 / 3000     1.1s IV round trip composes forward and inverse error[ ]   21    0    0   20 / 3000     1.2s IV round trip composes forward and inverse error[ ]   25    0    0   23 / 3000     1.4s IV round trip composes forward and inverse error[ ]   29    0    0   27 / 3000     1.6s IV round trip composes forward and inverse error[ ]   33    0    0   30 / 3000     1.7s IV round trip composes forward and inverse error[ ]   37    0    0   33 / 3000     1.8s IV round trip composes forward and inverse error[ ]   39    0    0   35 / 3000     1.9s IV round trip composes forward and inverse error[ ]   47    0    0   43 / 3000     2.2s IV round trip composes forward and inverse error[ ]   50    0    0   46 / 3000     2.4s IV round trip composes forward and inverse error[ ]   53    0    0   48 / 3000     2.5s IV round trip composes forward and inverse error[ ]   56    0    0   51 / 3000     2.7s IV round trip composes forward and inverse error[ ]   62    0    0   55 / 3000     2.8s IV round trip composes forward and inverse error[ ]   65    0    0   58 / 3000     3.0s IV round trip composes forward and inverse error[ ]   69    0    0   62 / 3000     3.1s IV round trip composes forward and inverse error[ ]   71    0    0   64 / 3000     3.2s IV round trip composes forward and inverse error[ ]   72    0    0   65 / 3000     3.3s IV round trip composes forward and inverse error[ ]   73    0    0   66 / 3000     3.5s IV round trip composes forward and inverse error[ ]   76    0    0   68 / 3000     3.6s IV round trip composes forward and inverse error[ ]   80    0    0   71 / 3000     3.8s IV round trip composes forward and inverse error[ ]   82    0    0   73 / 3000     4.0s IV round trip composes forward and inverse error[ ]   86    0    0   77 / 3000     4.2s IV round trip composes forward and inverse error[ ]   91    0    0   81 / 3000     4.3s IV round trip composes forward and inverse error[ ]   96    0    0   86 / 3000     4.6s IV round trip composes forward and inverse error[ ]   98    0    0   88 / 3000     4.7s IV round trip composes forward and inverse error[ ]  100    0    0   90 / 3000     4.8s IV round trip composes forward and inverse error[ ]  104    0    0   94 / 3000     5.1s IV round trip composes forward and inverse error[ ]  111    0    0   98 / 3000     5.2s IV round trip composes forward and inverse error[ ]  114    0    0  101 / 3000     5.4s IV round trip composes forward and inverse error[ ]  118    0    0  104 / 3000     5.5s IV round trip composes forward and inverse error[ ]  119    0    0  105 / 3000     5.6s IV round trip composes forward and inverse error[ ]  122    0    0  108 / 3000     5.8s IV round trip composes forward and inverse error[ ]  129    0    0  114 / 3000     6.0s IV round trip composes forward and inverse error[ ]  131    0    0  116 / 3000     6.2s IV round trip composes forward and inverse error[ ]  135    0    0  119 / 3000     6.4s IV round trip composes forward and inverse error[ ]  138    0    0  122 / 3000     6.6s IV round trip composes forward and inverse error[ ]  139    0    0  123 / 3000     6.7s IV round trip composes forward and inverse error[ ]  143    0    0  127 / 3000     6.9s IV round trip composes forward and inverse error[ ]  145    0    0  129 / 3000     7.0s IV round trip composes forward and inverse error[ ]  147    0    0  131 / 3000     7.1s IV round trip composes forward and inverse error[ ]  152    0    0  135 / 3000     7.3s IV round trip composes forward and inverse error[ ]  155    0    0  138 / 3000     7.4s IV round trip composes forward and inverse error[ ]  158    0    0  140 / 3000     7.6s IV round trip composes forward and inverse error[ ]  161    0    0  143 / 3000     7.7s IV round trip composes forward and inverse error[ ]  164    0    0  146 / 3000     7.9s IV round trip composes forward and inverse error[ ]  168    0    0  149 / 3000     8.0s IV round trip composes forward and inverse error[ ]  170    0    0  151 / 3000     8.1s IV round trip composes forward and inverse error[ ]  174    0    0  154 / 3000     8.3s IV round trip composes forward and inverse error[ ]  176    0    0  156 / 3000     8.4s IV round trip composes forward and inverse error[ ]  179    0    0  159 / 3000     8.6s IV round trip composes forward and inverse error[ ]  182    0    0  161 / 3000     8.7s IV round trip composes forward and inverse error[ ]  184    0    0  163 / 3000     8.8s IV round trip composes forward and inverse error[ ]  186    0    0  165 / 3000     9.0s IV round trip composes forward and inverse error[ ]  188    0    0  167 / 3000     9.1s IV round trip composes forward and inverse error[ ]  191    0    0  170 / 3000     9.3s IV round trip composes forward and inverse error[ ]  195    0    0  174 / 3000     9.4s IV round trip composes forward and inverse error[ ]  197    0    0  176 / 3000     9.5s IV round trip composes forward and inverse error[ ]  199    0    0  178 / 3000     9.6s IV round trip composes forward and inverse error[ ]  202    0    0  180 / 3000     9.7s IV round trip composes forward and inverse error[ ]  204    0    0  182 / 3000     9.9s IV round trip composes forward and inverse error[ ]  207    0    0  184 / 3000    10.0s IV round trip composes forward and inverse error[ ]  211    0    0  188 / 3000    10.1s IV round trip composes forward and inverse error[ ]  214    0    0  190 / 3000    10.2s IV round trip composes forward and inverse error[ ]  216    0    0  192 / 3000    10.3s IV round trip composes forward and inverse error[ ]  223    0    0  198 / 3000    10.4s IV round trip composes forward and inverse error[ ]  224    0    0  199 / 3000    10.6s IV round trip composes forward and inverse error[ ]  228    0    0  203 / 3000    10.7s IV round trip composes forward and inverse error[ ]  232    0    0  207 / 3000    10.9s IV round trip composes forward and inverse error[ ]  233    0    0  208 / 3000    11.0s IV round trip composes forward and inverse error[ ]  236    0    0  211 / 3000    11.2s IV round trip composes forward and inverse error[ ]  238    0    0  213 / 3000    11.4s IV round trip composes forward and inverse error[ ]  240    0    0  215 / 3000    11.5s IV round trip composes forward and inverse error[ ]  244    0    0  219 / 3000    11.6s IV round trip composes forward and inverse error[ ]  246    0    0  221 / 3000    11.7s IV round trip composes forward and inverse error[ ]  248    0    0  223 / 3000    11.8s IV round trip composes forward and inverse error[ ]  250    0    0  224 / 3000    11.9s IV round trip composes forward and inverse error[ ]  254    0    0  228 / 3000    12.1s IV round trip composes forward and inverse error[ ]  258    0    0  232 / 3000    12.2s IV round trip composes forward and inverse error[ ]  262    0    0  236 / 3000    12.3s IV round trip composes forward and inverse error[ ]  264    0    0  238 / 3000    12.4s IV round trip composes forward and inverse error[ ]  268    0    0  242 / 3000    12.6s IV round trip composes forward and inverse error[ ]  271    0    0  245 / 3000    12.8s IV round trip composes forward and inverse error[ ]  275    0    0  249 / 3000    12.9s IV round trip composes forward and inverse error[ ]  281    0    0  255 / 3000    13.0s IV round trip composes forward and inverse error[ ]  285    0    0  258 / 3000    13.1s IV round trip composes forward and inverse error[ ]  289    0    0  262 / 3000    13.2s IV round trip composes forward and inverse error[ ]  292    0    0  265 / 3000    13.4s IV round trip composes forward and inverse error[ ]  295    0    0  268 / 3000    13.5s IV round trip composes forward and inverse error[ ]  300    0    0  272 / 3000    13.6s IV round trip composes forward and inverse error[ ]  305    0    0  276 / 3000    13.7s IV round trip composes forward and inverse error[ ]  308    0    0  279 / 3000    13.8s IV round trip composes forward and inverse error[ ]  311    0    0  282 / 3000    13.9s IV round trip composes forward and inverse error[ ]  319    0    0  289 / 3000    14.1s IV round trip composes forward and inverse error[ ]  325    0    0  294 / 3000    14.2s IV round trip composes forward and inverse error[ ]  330    0    0  299 / 3000    14.4s IV round trip composes forward and inverse error[ ]  334    0    0  303 / 3000    14.5s IV round trip composes forward and inverse error[ ]  338    0    0  307 / 3000    14.6s IV round trip composes forward and inverse error[ ]  341    0    0  310 / 3000    14.7s IV round trip composes forward and inverse error[ ]  347    0    0  316 / 3000    14.8s IV round trip composes forward and inverse error[ ]  357    0    0  324 / 3000    15.0s IV round trip composes forward and inverse error[ ]  361    0    0  327 / 3000    15.1s IV round trip composes forward and inverse error[ ]  366    0    0  332 / 3000    15.2s IV round trip composes forward and inverse error[ ]  370    0    0  336 / 3000    15.3s IV round trip composes forward and inverse error[ ]  378    0    0  343 / 3000    15.4s IV round trip composes forward and inverse error[ ]  385    0    0  349 / 3000    15.5s IV round trip composes forward and inverse error[ ]  386    0    0  350 / 3000    15.6s IV round trip composes forward and inverse error[ ]  390    0    0  354 / 3000    15.8s IV round trip composes forward and inverse error[ ]  397    0    0  360 / 3000    15.9s IV round trip composes forward and inverse error[ ]  403    0    0  366 / 3000    16.0s IV round trip composes forward and inverse error[ ]  406    0    0  369 / 3000    16.1s IV round trip composes forward and inverse error[ ]  411    0    0  374 / 3000    16.3s IV round trip composes forward and inverse error[ ]  413    0    0  376 / 3000    16.4s IV round trip composes forward and inverse error[ ]  415    0    0  378 / 3000    16.6s IV round trip composes forward and inverse error[ ]  421    0    0  384 / 3000    16.8s IV round trip composes forward and inverse error[ ]  425    0    0  388 / 3000    16.9s IV round trip composes forward and inverse error[ ]  431    0    0  392 / 3000    17.0s IV round trip composes forward and inverse error[ ]  432    0    0  393 / 3000    17.1s IV round trip composes forward and inverse error[ ]  438    0    0  397 / 3000    17.3s IV round trip composes forward and inverse error[ ]  444    0    0  402 / 3000    17.4s IV round trip composes forward and inverse error[ ]  447    0    0  405 / 3000    17.5s IV round trip composes forward and inverse error[ ]  449    0    0  407 / 3000    17.7s IV round trip composes forward and inverse error[ ]  453    0    0  410 / 3000    17.8s IV round trip composes forward and inverse error[ ]  459    0    0  415 / 3000    18.0s IV round trip composes forward and inverse error[ ]  465    0    0  419 / 3000    18.1s IV round trip composes forward and inverse error[ ]  470    0    0  423 / 3000    18.2s IV round trip composes forward and inverse error[ ]  475    0    0  428 / 3000    18.4s IV round trip composes forward and inverse error[ ]  477    0    0  430 / 3000    18.5s IV round trip composes forward and inverse error[ ]  483    0    0  436 / 3000    18.8s IV round trip composes forward and inverse error[ ]  490    0    0  441 / 3000    19.0s IV round trip composes forward and inverse error[ ]  494    0    0  445 / 3000    19.1s IV round trip composes forward and inverse error[ ]  499    0    0  450 / 3000    19.2s IV round trip composes forward and inverse error[ ]  504    0    0  455 / 3000    19.3s IV round trip composes forward and inverse error[ ]  512    0    0  463 / 3000    19.5s IV round trip composes forward and inverse error[ ]  520    0    0  469 / 3000    19.6s IV round trip composes forward and inverse error[ ]  526    0    0  475 / 3000    19.8s IV round trip composes forward and inverse error[ ]  530    0    0  479 / 3000    19.9s IV round trip composes forward and inverse error[ ]  535    0    0  484 / 3000    20.0s IV round trip composes forward and inverse error[ ]  542    0    0  491 / 3000    20.2s IV round trip composes forward and inverse error[ ]  546    0    0  495 / 3000    20.3s IV round trip composes forward and inverse error[ ]  550    0    0  499 / 3000    20.4s IV round trip composes forward and inverse error[ ]  556    0    0  505 / 3000    20.6s IV round trip composes forward and inverse error[ ]  564    0    0  511 / 3000    20.8s IV round trip composes forward and inverse error[ ]  570    0    0  517 / 3000    20.9s IV round trip composes forward and inverse error[ ]  576    0    0  522 / 3000    21.0s IV round trip composes forward and inverse error[ ]  581    0    0  527 / 3000    21.1s IV round trip composes forward and inverse error[ ]  585    0    0  530 / 3000    21.3s IV round trip composes forward and inverse error[ ]  591    0    0  535 / 3000    21.4s IV round trip composes forward and inverse error[ ]  595    0    0  539 / 3000    21.5s IV round trip composes forward and inverse error[ ]  601    0    0  545 / 3000    21.7s IV round trip composes forward and inverse error[ ]  603    0    0  547 / 3000    21.9s IV round trip composes forward and inverse error[ ]  606    0    0  550 / 3000    22.0s IV round trip composes forward and inverse error[ ]  615    0    0  559 / 3000    22.1s IV round trip composes forward and inverse error[ ]  619    0    0  563 / 3000    22.2s IV round trip composes forward and inverse error[ ]  624    0    0  568 / 3000    22.4s IV round trip composes forward and inverse error[ ]  629    0    0  572 / 3000    22.5s IV round trip composes forward and inverse error[ ]  634    0    0  577 / 3000    22.6s IV round trip composes forward and inverse error[ ]  637    0    0  580 / 3000    22.9s IV round trip composes forward and inverse error[ ]  642    0    0  585 / 3000    23.0s IV round trip composes forward and inverse error[ ]  645    0    0  588 / 3000    23.1s IV round trip composes forward and inverse error[ ]  652    0    0  595 / 3000    23.3s IV round trip composes forward and inverse error[ ]  657    0    0  599 / 3000    23.4s IV round trip composes forward and inverse error[ ]  666    0    0  606 / 3000    23.5s IV round trip composes forward and inverse error[ ]  669    0    0  609 / 3000    23.7s IV round trip composes forward and inverse error[ ]  672    0    0  612 / 3000    23.8s IV round trip composes forward and inverse error[ ]  678    0    0  617 / 3000    24.0s IV round trip composes forward and inverse error[ ]  682    0    0  621 / 3000    24.2s IV round trip composes forward and inverse error[ ]  687    0    0  626 / 3000    24.3s IV round trip composes forward and inverse error[ ]  690    0    0  629 / 3000    24.5s IV round trip composes forward and inverse error[ ]  694    0    0  633 / 3000    24.7s IV round trip composes forward and inverse error[ ]  697    0    0  636 / 3000    24.8s IV round trip composes forward and inverse error[ ]  703    0    0  642 / 3000    24.9s IV round trip composes forward and inverse error[ ]  705    0    0  644 / 3000    25.0s IV round trip composes forward and inverse error[ ]  708    0    0  647 / 3000    25.1s IV round trip composes forward and inverse error[ ]  711    0    0  650 / 3000    25.2s IV round trip composes forward and inverse error[ ]  715    0    0  654 / 3000    25.4s IV round trip composes forward and inverse error[ ]  720    0    0  659 / 3000    25.5s IV round trip composes forward and inverse error[ ]  725    0    0  663 / 3000    25.6s IV round trip composes forward and inverse error[ ]  729    0    0  667 / 3000    25.7s IV round trip composes forward and inverse error[ ]  733    0    0  671 / 3000    25.8s IV round trip composes forward and inverse error[ ]  737    0    0  675 / 3000    25.9s IV round trip composes forward and inverse error[ ]  741    0    0  679 / 3000    26.0s IV round trip composes forward and inverse error[ ]  747    0    0  685 / 3000    26.2s IV round trip composes forward and inverse error[ ]  755    0    0  693 / 3000    26.3s IV round trip composes forward and inverse error[ ]  758    0    0  696 / 3000    26.4s IV round trip composes forward and inverse error[ ]  764    0    0  702 / 3000    26.5s IV round trip composes forward and inverse error[ ]  771    0    0  709 / 3000    26.6s IV round trip composes forward and inverse error[ ]  779    0    0  717 / 3000    26.7s IV round trip composes forward and inverse error[ ]  783    0    0  721 / 3000    26.9s IV round trip composes forward and inverse error[ ]  791    0    0  728 / 3000    27.0s IV round trip composes forward and inverse error[ ]  795    0    0  732 / 3000    27.1s IV round trip composes forward and inverse error[ ]  802    0    0  739 / 3000    27.2s IV round trip composes forward and inverse error[ ]  807    0    0  743 / 3000    27.3s IV round trip composes forward and inverse error[ ]  812    0    0  748 / 3000    27.5s IV round trip composes forward and inverse error[ ]  816    0    0  752 / 3000    27.6s IV round trip composes forward and inverse error[ ]  819    0    0  755 / 3000    27.7s IV round trip composes forward and inverse error[ ]  824    0    0  760 / 3000    27.8s IV round trip composes forward and inverse error[ ]  827    0    0  763 / 3000    27.9s IV round trip composes forward and inverse error[ ]  833    0    0  769 / 3000    28.0s IV round trip composes forward and inverse error[ ]  836    0    0  772 / 3000    28.1s IV round trip composes forward and inverse error[ ]  840    0    0  776 / 3000    28.3s IV round trip composes forward and inverse error[ ]  845    0    0  781 / 3000    28.4s IV round trip composes forward and inverse error[ ]  852    0    0  788 / 3000    28.5s IV round trip composes forward and inverse error[ ]  855    0    0  791 / 3000    28.6s IV round trip composes forward and inverse error[ ]  860    0    0  795 / 3000    28.7s IV round trip composes forward and inverse error[ ]  865    0    0  799 / 3000    28.8s IV round trip composes forward and inverse error[ ]  874    0    0  808 / 3000    29.0s IV round trip composes forward and inverse error[ ]  877    0    0  811 / 3000    29.1s IV round trip composes forward and inverse error[ ]  883    0    0  817 / 3000    29.2s IV round trip composes forward and inverse error[ ]  890    0    0  824 / 3000    29.3s IV round trip composes forward and inverse error[ ]  895    0    0  829 / 3000    29.5s IV round trip composes forward and inverse error[ ]  901    0    0  835 / 3000    29.6s IV round trip composes forward and inverse error[ ]  906    0    0  840 / 3000    29.7s IV round trip composes forward and inverse error[ ]  912    0    0  846 / 3000    29.8s IV round trip composes forward and inverse error[ ]  915    0    0  849 / 3000    29.9s IV round trip composes forward and inverse error[ ]  920    0    0  853 / 3000    30.0s IV round trip composes forward and inverse error[ ]  926    0    0  858 / 3000    30.1s IV round trip composes forward and inverse error[ ]  933    0    0  865 / 3000    30.2s IV round trip composes forward and inverse error[ ]  935    0    0  867 / 3000    30.3s IV round trip composes forward and inverse error[ ]  942    0    0  874 / 3000    30.5s IV round trip composes forward and inverse error[ ]  949    0    0  879 / 3000    30.6s IV round trip composes forward and inverse error[ ]  956    0    0  886 / 3000    30.7s IV round trip composes forward and inverse error[ ]  963    0    0  892 / 3000    30.9s IV round trip composes forward and inverse error[ ]  971    0    0  900 / 3000    31.0s IV round trip composes forward and inverse error[ ]  977    0    0  905 / 3000    31.1s IV round trip composes forward and inverse error[ ]  979    0    0  907 / 3000    31.2s IV round trip composes forward and inverse error[ ]  985    0    0  913 / 3000    31.3s IV round trip composes forward and inverse error[ ]  991    0    0  919 / 3000    31.4s IV round trip composes forward and inverse error[ ] 1001    0    0  927 / 3000    31.5s IV round trip composes forward and inverse error[ ] 1007    0    0  933 / 3000    31.7s IV round trip composes forward and inverse error[ ] 1012    0    0  938 / 3000    31.8s IV round trip composes forward and inverse error[ ] 1019    0    0  945 / 3000    31.9s IV round trip composes forward and inverse error[ ] 1023    0    0  949 / 3000    32.0s IV round trip composes forward and inverse error[ ] 1029    0    0  954 / 3000    32.1s IV round trip composes forward and inverse error[ ] 1035    0    0  960 / 3000    32.2s IV round trip composes forward and inverse error[ ] 1043    0    0  967 / 3000    32.4s IV round trip composes forward and inverse error[ ] 1050    0    0  973 / 3000    32.5s IV round trip composes forward and inverse error[ ] 1056    0    0  978 / 3000    32.6s IV round trip composes forward and inverse error[ ] 1061    0    0  983 / 3000    32.7s IV round trip composes forward and inverse error[ ] 1069    0    0  990 / 3000    32.8s IV round trip composes forward and inverse error[ ] 1075    0    0  996 / 3000    33.0s IV round trip composes forward and inverse error[ ] 1080    0    0 1001 / 3000    33.1s IV round trip composes forward and inverse error[ ] 1085    0    0 1006 / 3000    33.2s IV round trip composes forward and inverse error[ ] 1091    0    0 1012 / 3000    33.3s IV round trip composes forward and inverse error[ ] 1100    0    0 1020 / 3000    33.4s IV round trip composes forward and inverse error[ ] 1106    0    0 1026 / 3000    33.5s IV round trip composes forward and inverse error[ ] 1113    0    0 1031 / 3000    33.6s IV round trip composes forward and inverse error[ ] 1117    0    0 1035 / 3000    33.7s IV round trip composes forward and inverse error[ ] 1123    0    0 1041 / 3000    33.9s IV round trip composes forward and inverse error[ ] 1129    0    0 1047 / 3000    34.0s IV round trip composes forward and inverse error[ ] 1133    0    0 1050 / 3000    34.1s IV round trip composes forward and inverse error[ ] 1142    0    0 1058 / 3000    34.2s IV round trip composes forward and inverse error[ ] 1147    0    0 1062 / 3000    34.3s IV round trip composes forward and inverse error[ ] 1154    0    0 1069 / 3000    34.4s IV round trip composes forward and inverse error[ ] 1162    0    0 1076 / 3000    34.6s IV round trip composes forward and inverse error[ ] 1166    0    0 1080 / 3000    34.7s IV round trip composes forward and inverse error[ ] 1170    0    0 1084 / 3000    34.8s IV round trip composes forward and inverse error[ ] 1178    0    0 1092 / 3000    34.9s IV round trip composes forward and inverse error[ ] 1182    0    0 1096 / 3000    35.1s IV round trip composes forward and inverse error[ ] 1184    0    0 1098 / 3000    35.2s IV round trip composes forward and inverse error[ ] 1187    0    0 1101 / 3000    35.3s IV round trip composes forward and inverse error[ ] 1191    0    0 1105 / 3000    35.4s IV round trip composes forward and inverse error[ ] 1197    0    0 1109 / 3000    35.6s IV round trip composes forward and inverse error[ ] 1203    0    0 1114 / 3000    35.7s IV round trip composes forward and inverse error[ ] 1207    0    0 1118 / 3000    35.9s IV round trip composes forward and inverse error[ ] 1209    0    0 1120 / 3000    36.0s IV round trip composes forward and inverse error[ ] 1213    0    0 1124 / 3000    36.2s IV round trip composes forward and inverse error[ ] 1218    0    0 1129 / 3000    36.3s IV round trip composes forward and inverse error[ ] 1221    0    0 1132 / 3000    36.4s IV round trip composes forward and inverse error[ ] 1222    0    0 1133 / 3000    36.5s IV round trip composes forward and inverse error[ ] 1226    0    0 1137 / 3000    36.7s IV round trip composes forward and inverse error[ ] 1231    0    0 1142 / 3000    37.0s IV round trip composes forward and inverse error[ ] 1235    0    0 1146 / 3000    37.1s IV round trip composes forward and inverse error[ ] 1238    0    0 1149 / 3000    37.2s IV round trip composes forward and inverse error[ ] 1240    0    0 1151 / 3000    37.4s IV round trip composes forward and inverse error[ ] 1245    0    0 1156 / 3000    37.5s IV round trip composes forward and inverse error[ ] 1246    0    0 1157 / 3000    37.6s IV round trip composes forward and inverse error[ ] 1251    0    0 1162 / 3000    37.8s IV round trip composes forward and inverse error[ ] 1256    0    0 1166 / 3000    37.9s IV round trip composes forward and inverse error[ ] 1261    0    0 1170 / 3000    38.0s IV round trip composes forward and inverse error[ ] 1268    0    0 1175 / 3000    38.2s IV round trip composes forward and inverse error[ ] 1271    0    0 1178 / 3000    38.3s IV round trip composes forward and inverse error[ ] 1275    0    0 1182 / 3000    38.4s IV round trip composes forward and inverse error[ ] 1278    0    0 1185 / 3000    38.5s IV round trip composes forward and inverse error[ ] 1281    0    0 1188 / 3000    38.7s IV round trip composes forward and inverse error[ ] 1284    0    0 1191 / 3000    38.8s IV round trip composes forward and inverse error[ ] 1288    0    0 1195 / 3000    38.9s IV round trip composes forward and inverse error[ ] 1289    0    0 1196 / 3000    39.0s IV round trip composes forward and inverse error[ ] 1295    0    0 1202 / 3000    39.2s IV round trip composes forward and inverse error[ ] 1298    0    0 1205 / 3000    39.3s IV round trip composes forward and inverse error[ ] 1301    0    0 1208 / 3000    39.4s IV round trip composes forward and inverse error[ ] 1304    0    0 1211 / 3000    39.5s IV round trip composes forward and inverse error[ ] 1306    0    0 1213 / 3000    39.7s IV round trip composes forward and inverse error[ ] 1314    0    0 1219 / 3000    39.8s IV round trip composes forward and inverse error[ ] 1316    0    0 1221 / 3000    40.0s IV round trip composes forward and inverse error[ ] 1320    0    0 1225 / 3000    40.1s IV round trip composes forward and inverse error[ ] 1322    0    0 1227 / 3000    40.2s IV round trip composes forward and inverse error[ ] 1327    0    0 1232 / 3000    40.4s IV round trip composes forward and inverse error[ ] 1332    0    0 1236 / 3000    40.6s IV round trip composes forward and inverse error[ ] 1336    0    0 1240 / 3000    40.7s IV round trip composes forward and inverse error[ ] 1337    0    0 1241 / 3000    40.8s IV round trip composes forward and inverse error[ ] 1341    0    0 1245 / 3000    40.9s IV round trip composes forward and inverse error[ ] 1348    0    0 1252 / 3000    41.1s IV round trip composes forward and inverse error[ ] 1351    0    0 1255 / 3000    41.3s IV round trip composes forward and inverse error[ ] 1357    0    0 1260 / 3000    41.4s IV round trip composes forward and inverse error[ ] 1361    0    0 1264 / 3000    41.6s IV round trip composes forward and inverse error[ ] 1364    0    0 1267 / 3000    41.7s IV round trip composes forward and inverse error[ ] 1369    0    0 1271 / 3000    41.8s IV round trip composes forward and inverse error[ ] 1372    0    0 1274 / 3000    42.0s IV round trip composes forward and inverse error[ ] 1375    0    0 1277 / 3000    42.1s IV round trip composes forward and inverse error[ ] 1381    0    0 1282 / 3000    42.3s IV round trip composes forward and inverse error[ ] 1384    0    0 1285 / 3000    42.4s IV round trip composes forward and inverse error[ ] 1388    0    0 1289 / 3000    42.6s IV round trip composes forward and inverse error[ ] 1393    0    0 1294 / 3000    42.8s IV round trip composes forward and inverse error[ ] 1397    0    0 1298 / 3000    42.9s IV round trip composes forward and inverse error[ ] 1398    0    0 1299 / 3000    43.0s IV round trip composes forward and inverse error[ ] 1401    0    0 1302 / 3000    43.2s IV round trip composes forward and inverse error[ ] 1405    0    0 1306 / 3000    43.3s IV round trip composes forward and inverse error[ ] 1409    0    0 1310 / 3000    43.4s IV round trip composes forward and inverse error[ ] 1412    0    0 1313 / 3000    43.5s IV round trip composes forward and inverse error[ ] 1414    0    0 1315 / 3000    43.6s IV round trip composes forward and inverse error[ ] 1419    0    0 1318 / 3000    43.9s IV round trip composes forward and inverse error[ ] 1421    0    0 1320 / 3000    44.0s IV round trip composes forward and inverse error[ ] 1425    0    0 1324 / 3000    44.1s IV round trip composes forward and inverse error[ ] 1429    0    0 1328 / 3000    44.3s IV round trip composes forward and inverse error[ ] 1436    0    0 1335 / 3000    44.5s IV round trip composes forward and inverse error[ ] 1438    0    0 1337 / 3000    44.6s IV round trip composes forward and inverse error[ ] 1441    0    0 1340 / 3000    44.7s IV round trip composes forward and inverse error[ ] 1444    0    0 1343 / 3000    44.9s IV round trip composes forward and inverse error[ ] 1450    0    0 1349 / 3000    45.0s IV round trip composes forward and inverse error[ ] 1452    0    0 1351 / 3000    45.2s IV round trip composes forward and inverse error[ ] 1457    0    0 1354 / 3000    45.3s IV round trip composes forward and inverse error[ ] 1461    0    0 1358 / 3000    45.5s IV round trip composes forward and inverse error[ ] 1463    0    0 1360 / 3000    45.6s IV round trip composes forward and inverse error[ ] 1465    0    0 1362 / 3000    45.7s IV round trip composes forward and inverse error[ ] 1469    0    0 1366 / 3000    45.8s IV round trip composes forward and inverse error[ ] 1472    0    0 1369 / 3000    46.0s IV round trip composes forward and inverse error[ ] 1474    0    0 1371 / 3000    46.2s IV round trip composes forward and inverse error[ ] 1477    0    0 1374 / 3000    46.3s IV round trip composes forward and inverse error[ ] 1479    0    0 1376 / 3000    46.4s IV round trip composes forward and inverse error[ ] 1482    0    0 1379 / 3000    46.5s IV round trip composes forward and inverse error[ ] 1484    0    0 1381 / 3000    46.6s IV round trip composes forward and inverse error[ ] 1487    0    0 1384 / 3000    46.8s IV round trip composes forward and inverse error[ ] 1490    0    0 1387 / 3000    46.9s IV round trip composes forward and inverse error[ ] 1492    0    0 1389 / 3000    47.0s IV round trip composes forward and inverse error[ ] 1496    0    0 1393 / 3000    47.2s IV round trip composes forward and inverse error[ ] 1499    0    0 1396 / 3000    47.3s IV round trip composes forward and inverse error[ ] 1501    0    0 1398 / 3000    47.4s IV round trip composes forward and inverse error[ ] 1507    0    0 1403 / 3000    47.6s IV round trip composes forward and inverse error[ ] 1510    0    0 1406 / 3000    47.8s IV round trip composes forward and inverse error[ ] 1512    0    0 1408 / 3000    47.9s IV round trip composes forward and inverse error[ ] 1515    0    0 1411 / 3000    48.0s IV round trip composes forward and inverse error[ ] 1518    0    0 1413 / 3000    48.1s IV round trip composes forward and inverse error[ ] 1521    0    0 1416 / 3000    48.3s IV round trip composes forward and inverse error[ ] 1525    0    0 1420 / 3000    48.4s IV round trip composes forward and inverse error[ ] 1526    0    0 1421 / 3000    48.5s IV round trip composes forward and inverse error[ ] 1529    0    0 1424 / 3000    48.7s IV round trip composes forward and inverse error[ ] 1533    0    0 1428 / 3000    48.8s IV round trip composes forward and inverse error[ ] 1538    0    0 1432 / 3000    49.0s IV round trip composes forward and inverse error[ ] 1539    0    0 1433 / 3000    49.1s IV round trip composes forward and inverse error[ ] 1541    0    0 1435 / 3000    49.2s IV round trip composes forward and inverse error[ ] 1546    0    0 1440 / 3000    49.3s IV round trip composes forward and inverse error[ ] 1549    0    0 1443 / 3000    49.5s IV round trip composes forward and inverse error[ ] 1550    0    0 1444 / 3000    49.6s IV round trip composes forward and inverse error[ ] 1553    0    0 1447 / 3000    49.8s IV round trip composes forward and inverse error[ ] 1557    0    0 1450 / 3000    49.9s IV round trip composes forward and inverse error[ ] 1561    0    0 1452 / 3000    50.1s IV round trip composes forward and inverse error[ ] 1565    0    0 1456 / 3000    50.2s IV round trip composes forward and inverse error[ ] 1567    0    0 1458 / 3000    50.4s IV round trip composes forward and inverse error[ ] 1570    0    0 1461 / 3000    50.5s IV round trip composes forward and inverse error[ ] 1574    0    0 1465 / 3000    50.6s IV round trip composes forward and inverse error[ ] 1576    0    0 1467 / 3000    50.8s IV round trip composes forward and inverse error[ ] 1579    0    0 1470 / 3000    50.9s IV round trip composes forward and inverse error[ ] 1581    0    0 1472 / 3000    51.0s IV round trip composes forward and inverse error[ ] 1584    0    0 1475 / 3000    51.2s IV round trip composes forward and inverse error[ ] 1589    0    0 1480 / 3000    51.3s IV round trip composes forward and inverse error[ ] 1591    0    0 1482 / 3000    51.5s IV round trip composes forward and inverse error[ ] 1592    0    0 1483 / 3000    51.6s IV round trip composes forward and inverse error[ ] 1594    0    0 1485 / 3000    51.7s IV round trip composes forward and inverse error[ ] 1597    0    0 1488 / 3000    51.9s IV round trip composes forward and inverse error[ ] 1598    0    0 1489 / 3000    52.0s IV round trip composes forward and inverse error[ ] 1601    0    0 1492 / 3000    52.1s IV round trip composes forward and inverse error[ ] 1604    0    0 1495 / 3000    52.2s IV round trip composes forward and inverse error[ ] 1607    0    0 1498 / 3000    52.3s IV round trip composes forward and inverse error[ ] 1610    0    0 1501 / 3000    52.5s IV round trip composes forward and inverse error[ ] 1613    0    0 1504 / 3000    52.7s IV round trip composes forward and inverse error[ ] 1616    0    0 1507 / 3000    52.9s IV round trip composes forward and inverse error[ ] 1619    0    0 1509 / 3000    53.0s IV round trip composes forward and inverse error[ ] 1623    0    0 1513 / 3000    53.2s IV round trip composes forward and inverse error[ ] 1625    0    0 1515 / 3000    53.4s IV round trip composes forward and inverse error[ ] 1631    0    0 1519 / 3000    53.5s IV round trip composes forward and inverse error[ ] 1633    0    0 1521 / 3000    53.7s IV round trip composes forward and inverse error[ ] 1635    0    0 1523 / 3000    53.8s IV round trip composes forward and inverse error[ ] 1638    0    0 1526 / 3000    54.0s IV round trip composes forward and inverse error[ ] 1639    0    0 1527 / 3000    54.2s IV round trip composes forward and inverse error[ ] 1644    0    0 1532 / 3000    54.4s IV round trip composes forward and inverse error[ ] 1648    0    0 1536 / 3000    54.6s IV round trip composes forward and inverse error[ ] 1652    0    0 1540 / 3000    54.9s IV round trip composes forward and inverse error[ ] 1655    0    0 1543 / 3000    55.1s IV round trip composes forward and inverse error[ ] 1658    0    0 1546 / 3000    55.3s IV round trip composes forward and inverse error[ ] 1661    0    0 1549 / 3000    55.4s IV round trip composes forward and inverse error[ ] 1663    0    0 1551 / 3000    55.5s IV round trip composes forward and inverse error[ ] 1669    0    0 1556 / 3000    55.6s IV round trip composes forward and inverse error[ ] 1673    0    0 1560 / 3000    55.8s IV round trip composes forward and inverse error[ ] 1674    0    0 1561 / 3000    55.9s IV round trip composes forward and inverse error[ ] 1679    0    0 1566 / 3000    56.1s IV round trip composes forward and inverse error[ ] 1681    0    0 1568 / 3000    56.2s IV round trip composes forward and inverse error[ ] 1684    0    0 1571 / 3000    56.3s IV round trip composes forward and inverse error[ ] 1686    0    0 1573 / 3000    56.5s IV round trip composes forward and inverse error[ ] 1688    0    0 1575 / 3000    56.6s IV round trip composes forward and inverse error[ ] 1690    0    0 1577 / 3000    56.7s IV round trip composes forward and inverse error[ ] 1694    0    0 1581 / 3000    56.9s IV round trip composes forward and inverse error[ ] 1700    0    0 1585 / 3000    57.0s IV round trip composes forward and inverse error[ ] 1703    0    0 1588 / 3000    57.2s IV round trip composes forward and inverse error[ ] 1708    0    0 1592 / 3000    57.3s IV round trip composes forward and inverse error[ ] 1711    0    0 1594 / 3000    57.4s IV round trip composes forward and inverse error[ ] 1713    0    0 1596 / 3000    57.6s IV round trip composes forward and inverse error[ ] 1716    0    0 1599 / 3000    57.8s IV round trip composes forward and inverse error[ ] 1719    0    0 1602 / 3000    57.9s IV round trip composes forward and inverse error[ ] 1723    0    0 1606 / 3000    58.1s IV round trip composes forward and inverse error[ ] 1727    0    0 1610 / 3000    58.2s IV round trip composes forward and inverse error[ ] 1731    0    0 1613 / 3000    58.4s IV round trip composes forward and inverse error[ ] 1733    0    0 1615 / 3000    58.6s IV round trip composes forward and inverse error[ ] 1737    0    0 1619 / 3000    58.7s IV round trip composes forward and inverse error[ ] 1739    0    0 1621 / 3000    58.8s IV round trip composes forward and inverse error[ ] 1742    0    0 1624 / 3000    59.1s IV round trip composes forward and inverse error[ ] 1744    0    0 1626 / 3000    59.2s IV round trip composes forward and inverse error[ ] 1748    0    0 1629 / 3000    59.3s IV round trip composes forward and inverse error[ ] 1750    0    0 1631 / 3000    59.4s IV round trip composes forward and inverse error[ ] 1752    0    0 1633 / 3000    59.5s IV round trip composes forward and inverse error[ ] 1753    0    0 1634 / 3000    59.7s IV round trip composes forward and inverse error[ ] 1756    0    0 1637 / 3000    59.8s IV round trip composes forward and inverse error[ ] 1759    0    0 1640 / 3000    60.0s IV round trip composes forward and inverse error[ ] 1762    0    0 1643 / 3000    60.1s IV round trip composes forward and inverse error[ ] 1765    0    0 1646 / 3000    60.2s IV round trip composes forward and inverse error[ ] 1769    0    0 1649 / 3000    60.3s IV round trip composes forward and inverse error[ ] 1772    0    0 1652 / 3000    60.5s IV round trip composes forward and inverse error[ ] 1773    0    0 1653 / 3000    60.6s IV round trip composes forward and inverse error[ ] 1778    0    0 1657 / 3000    60.8s IV round trip composes forward and inverse error[ ] 1779    0    0 1658 / 3000    60.9s IV round trip composes forward and inverse error[ ] 1784    0    0 1663 / 3000    61.0s IV round trip composes forward and inverse error[ ] 1790    0    0 1667 / 3000    61.2s IV round trip composes forward and inverse error[ ] 1795    0    0 1672 / 3000    61.4s IV round trip composes forward and inverse error[ ] 1797    0    0 1674 / 3000    61.5s IV round trip composes forward and inverse error[ ] 1800    0    0 1677 / 3000    61.7s IV round trip composes forward and inverse error[ ] 1804    0    0 1681 / 3000    61.9s IV round trip composes forward and inverse error[ ] 1810    0    0 1687 / 3000    62.0s IV round trip composes forward and inverse error[ ] 1812    0    0 1689 / 3000    62.2s IV round trip composes forward and inverse error[ ] 1813    0    0 1690 / 3000    62.3s IV round trip composes forward and inverse error[ ] 1816    0    0 1693 / 3000    62.4s IV round trip composes forward and inverse error[ ] 1821    0    0 1698 / 3000    62.6s IV round trip composes forward and inverse error[ ] 1824    0    0 1700 / 3000    62.7s IV round trip composes forward and inverse error[ ] 1829    0    0 1705 / 3000    62.9s IV round trip composes forward and inverse error[ ] 1831    0    0 1707 / 3000    63.0s IV round trip composes forward and inverse error[ ] 1834    0    0 1710 / 3000    63.1s IV round trip composes forward and inverse error[ ] 1842    0    0 1718 / 3000    63.3s IV round trip composes forward and inverse error[ ] 1847    0    0 1722 / 3000    63.5s IV round trip composes forward and inverse error[ ] 1853    0    0 1728 / 3000    63.6s IV round trip composes forward and inverse error[ ] 1856    0    0 1731 / 3000    63.7s IV round trip composes forward and inverse error[ ] 1862    0    0 1737 / 3000    63.8s IV round trip composes forward and inverse error[ ] 1867    0    0 1742 / 3000    63.9s IV round trip composes forward and inverse error[ ] 1873    0    0 1748 / 3000    64.0s IV round trip composes forward and inverse error[ ] 1875    0    0 1750 / 3000    64.1s IV round trip composes forward and inverse error[ ] 1882    0    0 1755 / 3000    64.3s IV round trip composes forward and inverse error[ ] 1886    0    0 1759 / 3000    64.4s IV round trip composes forward and inverse error[ ] 1889    0    0 1762 / 3000    64.5s IV round trip composes forward and inverse error[ ] 1893    0    0 1766 / 3000    64.6s IV round trip composes forward and inverse error[ ] 1900    0    0 1772 / 3000    64.7s IV round trip composes forward and inverse error[ ] 1902    0    0 1774 / 3000    64.8s IV round trip composes forward and inverse error[ ] 1908    0    0 1779 / 3000    65.0s IV round trip composes forward and inverse error[ ] 1913    0    0 1784 / 3000    65.1s IV round trip composes forward and inverse error[ ] 1919    0    0 1790 / 3000    65.2s IV round trip composes forward and inverse error[ ] 1923    0    0 1794 / 3000    65.3s IV round trip composes forward and inverse error[ ] 1928    0    0 1799 / 3000    65.4s IV round trip composes forward and inverse error[ ] 1934    0    0 1805 / 3000    65.6s IV round trip composes forward and inverse error[ ] 1939    0    0 1810 / 3000    65.7s IV round trip composes forward and inverse error[ ] 1944    0    0 1815 / 3000    65.9s IV round trip composes forward and inverse error[ ] 1949    0    0 1820 / 3000    66.0s IV round trip composes forward and inverse error[ ] 1956    0    0 1825 / 3000    66.1s IV round trip composes forward and inverse error[ ] 1963    0    0 1832 / 3000    66.2s IV round trip composes forward and inverse error[ ] 1969    0    0 1838 / 3000    66.4s IV round trip composes forward and inverse error[ ] 1972    0    0 1841 / 3000    66.5s IV round trip composes forward and inverse error[ ] 1976    0    0 1845 / 3000    66.6s IV round trip composes forward and inverse error[ ] 1979    0    0 1848 / 3000    66.7s IV round trip composes forward and inverse error[ ] 1981    0    0 1850 / 3000    66.9s IV round trip composes forward and inverse error[ ] 1984    0    0 1853 / 3000    67.0s IV round trip composes forward and inverse error[ ] 1990    0    0 1858 / 3000    67.1s IV round trip composes forward and inverse error[ ] 1995    0    0 1863 / 3000    67.3s IV round trip composes forward and inverse error[ ] 1996    0    0 1864 / 3000    67.4s IV round trip composes forward and inverse error[ ] 2001    0    0 1869 / 3000    67.5s IV round trip composes forward and inverse error[ ] 2004    0    0 1872 / 3000    67.7s IV round trip composes forward and inverse error[ ] 2007    0    0 1875 / 3000    67.8s IV round trip composes forward and inverse error[ ] 2012    0    0 1880 / 3000    68.0s IV round trip composes forward and inverse error[ ] 2016    0    0 1884 / 3000    68.1s IV round trip composes forward and inverse error[ ] 2020    0    0 1887 / 3000    68.2s IV round trip composes forward and inverse error[ ] 2022    0    0 1889 / 3000    68.3s IV round trip composes forward and inverse error[ ] 2027    0    0 1894 / 3000    68.5s IV round trip composes forward and inverse error[ ] 2029    0    0 1896 / 3000    68.6s IV round trip composes forward and inverse error[ ] 2036    0    0 1902 / 3000    68.8s IV round trip composes forward and inverse error[ ] 2039    0    0 1905 / 3000    68.9s IV round trip composes forward and inverse error[ ] 2043    0    0 1909 / 3000    69.0s IV round trip composes forward and inverse error[ ] 2050    0    0 1916 / 3000    69.1s IV round trip composes forward and inverse error[ ] 2052    0    0 1918 / 3000    69.3s IV round trip composes forward and inverse error[ ] 2056    0    0 1922 / 3000    69.4s IV round trip composes forward and inverse error[ ] 2060    0    0 1926 / 3000    69.5s IV round trip composes forward and inverse error[ ] 2067    0    0 1932 / 3000    69.6s IV round trip composes forward and inverse error[ ] 2071    0    0 1936 / 3000    69.8s IV round trip composes forward and inverse error[ ] 2075    0    0 1940 / 3000    69.9s IV round trip composes forward and inverse error[ ] 2080    0    0 1945 / 3000    70.1s IV round trip composes forward and inverse error[ ] 2088    0    0 1953 / 3000    70.3s IV round trip composes forward and inverse error[ ] 2092    0    0 1957 / 3000    70.4s IV round trip composes forward and inverse error[ ] 2095    0    0 1960 / 3000    70.5s IV round trip composes forward and inverse error[ ] 2099    0    0 1964 / 3000    70.7s IV round trip composes forward and inverse error[ ] 2104    0    0 1968 / 3000    70.8s IV round trip composes forward and inverse error[ ] 2107    0    0 1971 / 3000    70.9s IV round trip composes forward and inverse error[ ] 2115    0    0 1979 / 3000    71.1s IV round trip composes forward and inverse error[ ] 2120    0    0 1984 / 3000    71.2s IV round trip composes forward and inverse error[ ] 2128    0    0 1990 / 3000    71.4s IV round trip composes forward and inverse error[ ] 2134    0    0 1996 / 3000    71.5s IV round trip composes forward and inverse error[ ] 2137    0    0 1999 / 3000    71.7s IV round trip composes forward and inverse error[ ] 2139    0    0 2001 / 3000    71.8s IV round trip composes forward and inverse error[ ] 2149    0    0 2011 / 3000    72.0s IV round trip composes forward and inverse error[ ] 2152    0    0 2014 / 3000    72.1s IV round trip composes forward and inverse error[ ] 2158    0    0 2020 / 3000    72.3s IV round trip composes forward and inverse error[ ] 2164    0    0 2026 / 3000    72.4s IV round trip composes forward and inverse error[ ] 2169    0    0 2031 / 3000    72.5s IV round trip composes forward and inverse error[ ] 2177    0    0 2038 / 3000    72.7s IV round trip composes forward and inverse error[ ] 2179    0    0 2040 / 3000    72.8s IV round trip composes forward and inverse error[ ] 2188    0    0 2049 / 3000    73.0s IV round trip composes forward and inverse error[ ] 2191    0    0 2052 / 3000    73.1s IV round trip composes forward and inverse error[ ] 2197    0    0 2057 / 3000    73.2s IV round trip composes forward and inverse error[ ] 2205    0    0 2064 / 3000    73.3s IV round trip composes forward and inverse error[ ] 2210    0    0 2068 / 3000    73.4s IV round trip composes forward and inverse error[ ] 2214    0    0 2072 / 3000    73.5s IV round trip composes forward and inverse error[ ] 2219    0    0 2077 / 3000    73.7s IV round trip composes forward and inverse error[ ] 2225    0    0 2082 / 3000    73.8s IV round trip composes forward and inverse error[ ] 2231    0    0 2088 / 3000    73.9s IV round trip composes forward and inverse error[ ] 2237    0    0 2094 / 3000    74.0s IV round trip composes forward and inverse error[ ] 2243    0    0 2099 / 3000    74.2s IV round trip composes forward and inverse error[ ] 2248    0    0 2104 / 3000    74.3s IV round trip composes forward and inverse error[ ] 2252    0    0 2108 / 3000    74.4s IV round trip composes forward and inverse error[ ] 2255    0    0 2111 / 3000    74.6s IV round trip composes forward and inverse error[ ] 2258    0    0 2114 / 3000    74.7s IV round trip composes forward and inverse error[ ] 2261    0    0 2117 / 3000    74.9s IV round trip composes forward and inverse error[ ] 2266    0    0 2122 / 3000    75.0s IV round trip composes forward and inverse error[ ] 2268    0    0 2124 / 3000    75.2s IV round trip composes forward and inverse error[ ] 2274    0    0 2130 / 3000    75.4s IV round trip composes forward and inverse error[ ] 2278    0    0 2134 / 3000    75.5s IV round trip composes forward and inverse error[ ] 2282    0    0 2138 / 3000    75.6s IV round trip composes forward and inverse error[ ] 2285    0    0 2140 / 3000    75.8s IV round trip composes forward and inverse error[ ] 2290    0    0 2145 / 3000    76.1s IV round trip composes forward and inverse error[ ] 2295    0    0 2150 / 3000    76.2s IV round trip composes forward and inverse error[ ] 2299    0    0 2154 / 3000    76.3s IV round trip composes forward and inverse error[ ] 2303    0    0 2158 / 3000    76.5s IV round trip composes forward and inverse error[ ] 2309    0    0 2164 / 3000    76.6s IV round trip composes forward and inverse error[ ] 2314    0    0 2169 / 3000    76.7s IV round trip composes forward and inverse error[ ] 2320    0    0 2174 / 3000    76.8s IV round trip composes forward and inverse error[ ] 2328    0    0 2181 / 3000    77.0s IV round trip composes forward and inverse error[ ] 2334    0    0 2187 / 3000    77.1s IV round trip composes forward and inverse error[ ] 2337    0    0 2190 / 3000    77.2s IV round trip composes forward and inverse error[ ] 2345    0    0 2197 / 3000    77.3s IV round trip composes forward and inverse error[ ] 2350    0    0 2202 / 3000    77.4s IV round trip composes forward and inverse error[ ] 2352    0    0 2204 / 3000    77.5s IV round trip composes forward and inverse error[ ] 2359    0    0 2211 / 3000    77.6s IV round trip composes forward and inverse error[ ] 2367    0    0 2217 / 3000    77.8s IV round trip composes forward and inverse error[ ] 2374    0    0 2224 / 3000    78.0s IV round trip composes forward and inverse error[ ] 2378    0    0 2228 / 3000    78.1s IV round trip composes forward and inverse error[ ] 2386    0    0 2234 / 3000    78.2s IV round trip composes forward and inverse error[ ] 2390    0    0 2237 / 3000    78.4s IV round trip composes forward and inverse error[ ] 2394    0    0 2241 / 3000    78.5s IV round trip composes forward and inverse error[ ] 2402    0    0 2248 / 3000    78.6s IV round trip composes forward and inverse error[ ] 2404    0    0 2250 / 3000    78.7s IV round trip composes forward and inverse error[ ] 2408    0    0 2254 / 3000    78.8s IV round trip composes forward and inverse error[ ] 2414    0    0 2260 / 3000    79.0s IV round trip composes forward and inverse error[ ] 2419    0    0 2265 / 3000    79.1s IV round trip composes forward and inverse error[ ] 2422    0    0 2268 / 3000    79.2s IV round trip composes forward and inverse error[ ] 2428    0    0 2274 / 3000    79.3s IV round trip composes forward and inverse error[ ] 2432    0    0 2278 / 3000    79.5s IV round trip composes forward and inverse error[ ] 2439    0    0 2285 / 3000    79.6s IV round trip composes forward and inverse error[ ] 2442    0    0 2287 / 3000    79.7s IV round trip composes forward and inverse error[ ] 2448    0    0 2293 / 3000    79.8s IV round trip composes forward and inverse error[ ] 2453    0    0 2297 / 3000    80.0s IV round trip composes forward and inverse error[ ] 2458    0    0 2302 / 3000    80.1s IV round trip composes forward and inverse error[ ] 2466    0    0 2310 / 3000    80.3s IV round trip composes forward and inverse error[ ] 2472    0    0 2316 / 3000    80.5s IV round trip composes forward and inverse error[ ] 2479    0    0 2322 / 3000    80.6s IV round trip composes forward and inverse error[ ] 2485    0    0 2328 / 3000    80.7s IV round trip composes forward and inverse error[ ] 2487    0    0 2330 / 3000    80.8s IV round trip composes forward and inverse error[ ] 2493    0    0 2336 / 3000    81.0s IV round trip composes forward and inverse error[ ] 2499    0    0 2341 / 3000    81.1s IV round trip composes forward and inverse error[ ] 2507    0    0 2348 / 3000    81.2s IV round trip composes forward and inverse error[ ] 2512    0    0 2353 / 3000    81.4s IV round trip composes forward and inverse error[ ] 2518    0    0 2358 / 3000    81.6s IV round trip composes forward and inverse error[ ] 2522    0    0 2362 / 3000    81.7s IV round trip composes forward and inverse error[ ] 2529    0    0 2369 / 3000    81.8s IV round trip composes forward and inverse error[ ] 2538    0    0 2376 / 3000    82.0s IV round trip composes forward and inverse error[ ] 2543    0    0 2380 / 3000    82.1s IV round trip composes forward and inverse error[ ] 2550    0    0 2387 / 3000    82.2s IV round trip composes forward and inverse error[ ] 2555    0    0 2392 / 3000    82.4s IV round trip composes forward and inverse error[ ] 2560    0    0 2397 / 3000    82.5s IV round trip composes forward and inverse error[ ] 2566    0    0 2403 / 3000    82.7s IV round trip composes forward and inverse error[ ] 2570    0    0 2407 / 3000    82.8s IV round trip composes forward and inverse error[ ] 2574    0    0 2411 / 3000    82.9s IV round trip composes forward and inverse error[ ] 2582    0    0 2419 / 3000    83.1s IV round trip composes forward and inverse error[ ] 2586    0    0 2423 / 3000    83.2s IV round trip composes forward and inverse error[ ] 2594    0    0 2431 / 3000    83.4s IV round trip composes forward and inverse error[ ] 2598    0    0 2435 / 3000    83.5s IV round trip composes forward and inverse error[ ] 2604    0    0 2441 / 3000    83.6s IV round trip composes forward and inverse error[ ] 2609    0    0 2446 / 3000    83.8s IV round trip composes forward and inverse error[ ] 2615    0    0 2452 / 3000    83.9s IV round trip composes forward and inverse error[ ] 2619    0    0 2456 / 3000    84.0s IV round trip composes forward and inverse error[ ] 2627    0    0 2464 / 3000    84.2s IV round trip composes forward and inverse error[ ] 2633    0    0 2470 / 3000    84.3s IV round trip composes forward and inverse error[ ] 2638    0    0 2475 / 3000    84.4s IV round trip composes forward and inverse error[ ] 2644    0    0 2481 / 3000    84.6s IV round trip composes forward and inverse error[ ] 2648    0    0 2485 / 3000    84.7s IV round trip composes forward and inverse error[ ] 2653    0    0 2489 / 3000    84.8s IV round trip composes forward and inverse error[ ] 2655    0    0 2491 / 3000    84.9s IV round trip composes forward and inverse error[ ] 2661    0    0 2497 / 3000    85.1s IV round trip composes forward and inverse error[ ] 2666    0    0 2502 / 3000    85.2s IV round trip composes forward and inverse error[ ] 2671    0    0 2507 / 3000    85.3s IV round trip composes forward and inverse error[ ] 2673    0    0 2509 / 3000    85.4s IV round trip composes forward and inverse error[ ] 2680    0    0 2515 / 3000    85.5s IV round trip composes forward and inverse error[ ] 2685    0    0 2519 / 3000    85.6s IV round trip composes forward and inverse error[ ] 2690    0    0 2524 / 3000    85.7s IV round trip composes forward and inverse error[ ] 2695    0    0 2529 / 3000    85.9s IV round trip composes forward and inverse error[ ] 2700    0    0 2533 / 3000    86.0s IV round trip composes forward and inverse error[ ] 2709    0    0 2540 / 3000    86.1s IV round trip composes forward and inverse error[ ] 2715    0    0 2546 / 3000    86.2s IV round trip composes forward and inverse error[ ] 2720    0    0 2550 / 3000    86.3s IV round trip composes forward and inverse error[ ] 2724    0    0 2554 / 3000    86.4s IV round trip composes forward and inverse error[ ] 2729    0    0 2558 / 3000    86.5s IV round trip composes forward and inverse error[ ] 2735    0    0 2564 / 3000    86.7s IV round trip composes forward and inverse error[ ] 2741    0    0 2569 / 3000    86.8s IV round trip composes forward and inverse error[ ] 2747    0    0 2575 / 3000    87.0s IV round trip composes forward and inverse error[ ] 2753    0    0 2580 / 3000    87.1s IV round trip composes forward and inverse error[ ] 2758    0    0 2585 / 3000    87.3s IV round trip composes forward and inverse error[ ] 2760    0    0 2587 / 3000    87.6s IV round trip composes forward and inverse error[ ] 2762    0    0 2589 / 3000    87.7s IV round trip composes forward and inverse error[ ] 2766    0    0 2593 / 3000    87.8s IV round trip composes forward and inverse error[ ] 2769    0    0 2596 / 3000    88.0s IV round trip composes forward and inverse error[ ] 2774    0    0 2601 / 3000    88.1s IV round trip composes forward and inverse error[ ] 2775    0    0 2602 / 3000    88.2s IV round trip composes forward and inverse error[ ] 2781    0    0 2607 / 3000    88.3s IV round trip composes forward and inverse error[ ] 2785    0    0 2610 / 3000    88.4s IV round trip composes forward and inverse error[ ] 2788    0    0 2612 / 3000    88.5s IV round trip composes forward and inverse error[ ] 2790    0    0 2614 / 3000    88.6s IV round trip composes forward and inverse error[ ] 2793    0    0 2617 / 3000    88.8s IV round trip composes forward and inverse error[ ] 2796    0    0 2620 / 3000    88.9s IV round trip composes forward and inverse error[ ] 2799    0    0 2623 / 3000    89.1s IV round trip composes forward and inverse error[ ] 2801    0    0 2625 / 3000    89.2s IV round trip composes forward and inverse error[ ] 2803    0    0 2627 / 3000    89.3s IV round trip composes forward and inverse error[ ] 2806    0    0 2629 / 3000    89.5s IV round trip composes forward and inverse error[ ] 2808    0    0 2631 / 3000    89.6s IV round trip composes forward and inverse error[ ] 2812    0    0 2635 / 3000    89.7s IV round trip composes forward and inverse error[ ] 2815    0    0 2638 / 3000    89.9s IV round trip composes forward and inverse error[ ] 2820    0    0 2643 / 3000    90.0s IV round trip composes forward and inverse error[ ] 2821    0    0 2644 / 3000    90.2s IV round trip composes forward and inverse error[ ] 2823    0    0 2646 / 3000    90.3s IV round trip composes forward and inverse error[ ] 2826    0    0 2649 / 3000    90.4s IV round trip composes forward and inverse error[ ] 2830    0    0 2653 / 3000    90.6s IV round trip composes forward and inverse error[ ] 2832    0    0 2655 / 3000    90.7s IV round trip composes forward and inverse error[ ] 2834    0    0 2657 / 3000    90.8s IV round trip composes forward and inverse error[ ] 2839    0    0 2661 / 3000    90.9s IV round trip composes forward and inverse error[ ] 2840    0    0 2662 / 3000    91.1s IV round trip composes forward and inverse error[ ] 2842    0    0 2664 / 3000    91.2s IV round trip composes forward and inverse error[ ] 2845    0    0 2667 / 3000    91.3s IV round trip composes forward and inverse error[ ] 2848    0    0 2670 / 3000    91.5s IV round trip composes forward and inverse error[ ] 2855    0    0 2676 / 3000    91.6s IV round trip composes forward and inverse error[ ] 2856    0    0 2677 / 3000    91.7s IV round trip composes forward and inverse error[ ] 2859    0    0 2680 / 3000    91.9s IV round trip composes forward and inverse error[ ] 2861    0    0 2682 / 3000    92.0s IV round trip composes forward and inverse error[ ] 2865    0    0 2686 / 3000    92.1s IV round trip composes forward and inverse error[ ] 2868    0    0 2689 / 3000    92.3s IV round trip composes forward and inverse error[ ] 2873    0    0 2693 / 3000    92.4s IV round trip composes forward and inverse error[ ] 2877    0    0 2696 / 3000    92.5s IV round trip composes forward and inverse error[ ] 2879    0    0 2698 / 3000    92.6s IV round trip composes forward and inverse error[ ] 2881    0    0 2700 / 3000    92.8s IV round trip composes forward and inverse error[ ] 2884    0    0 2703 / 3000    92.9s IV round trip composes forward and inverse error[ ] 2889    0    0 2708 / 3000    93.0s IV round trip composes forward and inverse error[ ] 2892    0    0 2711 / 3000    93.1s IV round trip composes forward and inverse error[ ] 2893    0    0 2712 / 3000    93.3s IV round trip composes forward and inverse error[ ] 2895    0    0 2714 / 3000    93.4s IV round trip composes forward and inverse error[ ] 2899    0    0 2718 / 3000    93.5s IV round trip composes forward and inverse error[ ] 2902    0    0 2721 / 3000    93.6s IV round trip composes forward and inverse error[ ] 2909    0    0 2727 / 3000    93.8s IV round trip composes forward and inverse error[ ] 2914    0    0 2732 / 3000    94.0s IV round trip composes forward and inverse error[ ] 2917    0    0 2735 / 3000    94.1s IV round trip composes forward and inverse error[ ] 2921    0    0 2738 / 3000    94.3s IV round trip composes forward and inverse error[ ] 2923    0    0 2740 / 3000    94.4s IV round trip composes forward and inverse error[ ] 2926    0    0 2743 / 3000    94.6s IV round trip composes forward and inverse error[ ] 2930    0    0 2747 / 3000    94.7s IV round trip composes forward and inverse error[ ] 2934    0    0 2751 / 3000    94.8s IV round trip composes forward and inverse error[ ] 2937    0    0 2754 / 3000    95.0s IV round trip composes forward and inverse error[ ] 2942    0    0 2758 / 3000    95.1s IV round trip composes forward and inverse error[ ] 2944    0    0 2760 / 3000    95.3s IV round trip composes forward and inverse error[ ] 2948    0    0 2764 / 3000    95.4s IV round trip composes forward and inverse error[ ] 2950    0    0 2766 / 3000    95.5s IV round trip composes forward and inverse error[ ] 2953    0    0 2769 / 3000    95.6s IV round trip composes forward and inverse error[ ] 2956    0    0 2772 / 3000    95.8s IV round trip composes forward and inverse error[ ] 2960    0    0 2776 / 3000    95.9s IV round trip composes forward and inverse error[ ] 2962    0    0 2778 / 3000    96.0s IV round trip composes forward and inverse error[ ] 2964    0    0 2780 / 3000    96.1s IV round trip composes forward and inverse error[ ] 2968    0    0 2784 / 3000    96.3s IV round trip composes forward and inverse error[ ] 2971    0    0 2787 / 3000    96.4s IV round trip composes forward and inverse error[ ] 2975    0    0 2791 / 3000    96.7s IV round trip composes forward and inverse error[ ] 2979    0    0 2795 / 3000    96.8s IV round trip composes forward and inverse error[ ] 2982    0    0 2798 / 3000    96.9s IV round trip composes forward and inverse error[ ] 2987    0    0 2802 / 3000    97.1s IV round trip composes forward and inverse error[ ] 2988    0    0 2803 / 3000    97.2s IV round trip composes forward and inverse error[ ] 2995    0    0 2808 / 3000    97.3s IV round trip composes forward and inverse error[ ] 2998    0    0 2811 / 3000    97.5s IV round trip composes forward and inverse error[ ] 3003    0    0 2816 / 3000    97.6s IV round trip composes forward and inverse error[ ] 3005    0    0 2818 / 3000    97.9s IV round trip composes forward and inverse error[ ] 3007    0    0 2820 / 3000    98.0s IV round trip composes forward and inverse error[ ] 3010    0    0 2822 / 3000    98.2s IV round trip composes forward and inverse error[ ] 3014    0    0 2826 / 3000    98.3s IV round trip composes forward and inverse error[ ] 3017    0    0 2829 / 3000    98.4s IV round trip composes forward and inverse error[ ] 3019    0    0 2831 / 3000    98.5s IV round trip composes forward and inverse error[ ] 3025    0    0 2837 / 3000    98.7s IV round trip composes forward and inverse error[ ] 3027    0    0 2839 / 3000    98.9s IV round trip composes forward and inverse error[ ] 3030    0    0 2842 / 3000    99.0s IV round trip composes forward and inverse error[ ] 3032    0    0 2844 / 3000    99.1s IV round trip composes forward and inverse error[ ] 3036    0    0 2848 / 3000    99.2s IV round trip composes forward and inverse error[ ] 3042    0    0 2852 / 3000    99.3s IV round trip composes forward and inverse error[ ] 3050    0    0 2858 / 3000    99.5s IV round trip composes forward and inverse error[ ] 3051    0    0 2859 / 3000    99.7s IV round trip composes forward and inverse error[ ] 3055    0    0 2862 / 3000    99.8s IV round trip composes forward and inverse error[ ] 3059    0    0 2866 / 3000   100.0s IV round trip composes forward and inverse error[ ] 3065    0    0 2870 / 3000   100.1s IV round trip composes forward and inverse error[ ] 3066    0    0 2871 / 3000   100.2s IV round trip composes forward and inverse error[ ] 3069    0    0 2874 / 3000   100.4s IV round trip composes forward and inverse error[ ] 3072    0    0 2877 / 3000   100.5s IV round trip composes forward and inverse error[ ] 3073    0    0 2878 / 3000   100.6s IV round trip composes forward and inverse error[ ] 3075    0    0 2880 / 3000   100.7s IV round trip composes forward and inverse error[ ] 3080    0    0 2884 / 3000   100.8s IV round trip composes forward and inverse error[ ] 3082    0    0 2886 / 3000   101.0s IV round trip composes forward and inverse error[ ] 3084    0    0 2888 / 3000   101.1s IV round trip composes forward and inverse error[ ] 3087    0    0 2891 / 3000   101.3s IV round trip composes forward and inverse error[ ] 3090    0    0 2894 / 3000   101.4s IV round trip composes forward and inverse error[ ] 3091    0    0 2895 / 3000   101.5s IV round trip composes forward and inverse error[ ] 3095    0    0 2898 / 3000   101.7s IV round trip composes forward and inverse error[ ] 3099    0    0 2902 / 3000   101.8s IV round trip composes forward and inverse error[ ] 3101    0    0 2904 / 3000   101.9s IV round trip composes forward and inverse error[ ] 3104    0    0 2907 / 3000   102.1s IV round trip composes forward and inverse error[ ] 3106    0    0 2909 / 3000   102.2s IV round trip composes forward and inverse error[ ] 3108    0    0 2911 / 3000   102.4s IV round trip composes forward and inverse error[ ] 3111    0    0 2914 / 3000   102.6s IV round trip composes forward and inverse error[ ] 3118    0    0 2920 / 3000   103.1s IV round trip composes forward and inverse error[ ] 3123    0    0 2924 / 3000   103.4s IV round trip composes forward and inverse error[ ] 3126    0    0 2927 / 3000   103.5s IV round trip composes forward and inverse error[ ] 3129    0    0 2930 / 3000   103.7s IV round trip composes forward and inverse error[ ] 3130    0    0 2931 / 3000   103.8s IV round trip composes forward and inverse error[ ] 3133    0    0 2934 / 3000   104.0s IV round trip composes forward and inverse error[ ] 3137    0    0 2937 / 3000   104.2s IV round trip composes forward and inverse error[ ] 3139    0    0 2939 / 3000   104.3s IV round trip composes forward and inverse error[ ] 3141    0    0 2941 / 3000   104.5s IV round trip composes forward and inverse error[ ] 3146    0    0 2945 / 3000   104.6s IV round trip composes forward and inverse error[ ] 3147    0    0 2946 / 3000   104.7s IV round trip composes forward and inverse error[ ] 3150    0    0 2949 / 3000   104.9s IV round trip composes forward and inverse error[ ] 3151    0    0 2950 / 3000   105.0s IV round trip composes forward and inverse error[ ] 3155    0    0 2954 / 3000   105.2s IV round trip composes forward and inverse error[ ] 3159    0    0 2957 / 3000   105.3s IV round trip composes forward and inverse error[ ] 3161    0    0 2958 / 3000   105.5s IV round trip composes forward and inverse error[ ] 3163    0    0 2959 / 3000   105.6s IV round trip composes forward and inverse error[ ] 3165    0    0 2961 / 3000   105.7s IV round trip composes forward and inverse error[ ] 3170    0    0 2965 / 3000   105.9s IV round trip composes forward and inverse error[ ] 3176    0    0 2970 / 3000   106.1s IV round trip composes forward and inverse error[ ] 3180    0    0 2973 / 3000   106.3s IV round trip composes forward and inverse error[ ] 3182    0    0 2974 / 3000   106.4s IV round trip composes forward and inverse error[ ] 3187    0    0 2978 / 3000   106.5s IV round trip composes forward and inverse error[ ] 3188    0    0 2979 / 3000   106.6s IV round trip composes forward and inverse error[ ] 3189    0    0 2980 / 3000   106.7s IV round trip composes forward and inverse error[ ] 3193    0    0 2983 / 3000   106.9s IV round trip composes forward and inverse error[ ] 3195    0    0 2985 / 3000   107.0s IV round trip composes forward and inverse error[ ] 3198    0    0 2987 / 3000   107.1s IV round trip composes forward and inverse error[✓] 3200    0    0 2989 / 3000   107.2s IV round trip composes forward and inverse error
[ ]    0    0    0    0 / 1000     0.0s delta, vega, theta match differences of the price[ ]  432    0    0  288 / 1000     0.1s delta, vega, theta match differences of the price[ ]  749    0    0  503 / 1000     0.3s delta, vega, theta match differences of the price[ ] 1033    0    0  683 / 1000     0.4s delta, vega, theta match differences of the price[✓] 1200    0    0  796 / 1000     0.4s delta, vega, theta match differences of the price
================================================================================
success (ran 8 tests)
8330 batch IV fixture outcomes equal scalar; served roots equal independent reference
black_kernel: worst 0.329328 of bound
normal_pdf: worst 0.201691 of bound
erfcx: worst 0.0534342 of bound
log: worst 0.0571602 of bound
sqrt: worst 0.680983 of bound
normal_cdf: worst 0.0139337 of bound
y_prime: worst 0.0451552 of bound
split_quotient: worst 0.497579 of bound
exp: worst 0.718825 of bound
split_sqrt: worst 0.295301 of bound
div: worst 0.497579 of bound
expm1: worst 0.282185 of bound
86145 DD rows (47719 nonzero low words), 0 failures
model status                                  rows  pass  in cell <=4ulp  <=ferro  worst ulp
bachelier expiry_not_identifiable               70    70                                    
bachelier invalid_input                         15    15                                    
bachelier root                                 859   859      859    859        0          0
bachelier rounded_zero_volatility_bound        420   420                                    
bachelier zero_volatility_limit                645   645                                    
black76 expiry_not_identifiable                 84    84                                    
black76 invalid_input                           15    15                                    
black76 no_finite_inverse                        4     4                                    
black76 root                                  1802  1802     1802   1802        0          0
black76 rounded_zero_volatility_bound           56    56                                    
black76 zero_volatility_limit                  146   146                                    
bsm expiry_not_identifiable                     84    84                                    
bsm invalid_input                               15    15                                    
bsm no_finite_inverse                            4     4                                    
bsm root                                      1754  1754     1754   1754        0          0
bsm rounded_zero_volatility_bound               90    90                                    
bsm zero_volatility_limit                      160   160                                    
displaced expiry_not_identifiable               84    84                                    
displaced invalid_input                         15    15                                    
displaced no_finite_inverse                      2     2                                    
displaced root                                1164  1164     1164   1164        0          0
displaced rounded_zero_volatility_bound        345   345                                    
displaced zero_volatility_limit                497   497                                    
unresolved reference rows (no expectation):
bsm runtime certification: 1754 roots, 0 numerical failures
black76 runtime certification: 1802 roots, 0 numerical failures
displaced runtime certification: 1164 roots, 0 numerical failures
bachelier runtime certification: 859 roots, 0 numerical failures
determinism digest 5ee6731f4b8a5674b949840d89e87346e18c300d99d9e863cad32185bedd8199 over 6069960 bytes
Derived price certificates: 57320 rows
region                               rows  worst ulp  budget   median  eps*scale |  ferro ulp ferro sc | fails
bachelier deep_itm                   3918          2       8        0          1 |        329      4.3 |     0
bachelier itm                         800          3       8        0      0.935 |        329      4.3 |     0
bachelier near_atm_tiny_variance      565          2       8        0   1.57e-05 |        329      4.3 |     0
bachelier otm                        4976          5       8        0       0.91 |        329      4.3 |     0
bachelier zero_variance               765          0       8        0          0 |        329      4.3 |     0
black deep_itm                      10303          2       8        0          1 |        175     28.4 |     0
black extreme_scale                 12384          7      32        0       1.79 |    7.3e+06      613 |     0
black itm                            2802          7      16        1       1.98 |         37     17.3 |     0
black near_atm_tiny_variance         3307          5       8        0    4.5e-05 |        552      0.1 |     0
black otm                           13562         10      32        0       1.98 |    3.5e+03     17.9 |     0
black zero_variance                  3938          2       4        0   2.46e-08 |    4.3e+15      567 |     0
family cancel   rows    840 fails 0
family halfway  rows     24 fails 0
family grid     rows  38456 fails 0
family random   rows  18000 fails 0
zero variance: worst excess over rounding 0.000912 of the analytical error budget E
Derived Greek certificates: 65980 rows
family greek         rows    worst ulp   median   budget  fails
bachelier charm      1344            2        0        8      0
bachelier color      1055            4        0        8      0
bachelier delta      1344            3        0        8      0
bachelier gamma      1055            3        0        4      0
bachelier rho        1359            4        0        8      0
bachelier theta      1344            3        0        8      0
bachelier vanna      1055            3        0        4      0
bachelier vega       1075            3        0        4      0
bachelier veta       1055            3        0        4      0
bachelier volga      1075            5        0        8      0
black charm          4384            4        0        8      0
black color          3825            6        1       16      0
black delta          4383            6        1       16      0
black gamma          3825            4        1        8      0
black rho            4415            8        0       16      0
black theta          4383            8        0        8      0
black vanna          3825            4        1        8      0
black vega           3864            5        1        8      0
black veta           3825            5        1        8      0
black volga          3865            5        1        8      0
other statuses:
  below_binary64 -> ~0                 13625
  kink -> refused                      420
American Greek boundary reuse controls passed
piecewise controls passed
Derived price certificates: 41768 rows
region                               rows  worst ulp  budget   median  eps*scale |  ferro ulp ferro sc | fails
black deep_itm                      11140          2       8        0       1.13 |        175     28.4 |     0
black itm                            4852          6      16        1       2.16 |         37     17.3 |     0
black near_atm_tiny_variance         2436          6       8        0   5.91e-05 |        552      0.1 |     0
black otm                           18120          8      32        0       2.81 |    3.5e+03     17.9 |     0
black zero_variance                  5220          1       4        0   7.98e-17 |    4.3e+15      567 |     0
family halfway  rows      8 fails 0
family grid     rows  41760 fails 0
zero variance: worst excess over rounding 0 of the analytical error budget E
Bermudan contract controls passed
